사고번호,사고일시,요일,시군구,사고내용,사망자수,중상자수,경상자수,부상신고자수,사고유형,법규위반,노면상태,기상상태,도로형태,가해운전자 차종,가해운전자 성별,가해운전자 연령,가해운전자 상해정도,피해운전자 차종,피해운전자 성별,피해운전자 연령,피해운전자 상해정도
2020011800100263,2020년 1월 18일 13시,토요일,강원도 강릉시 옥계면,중상사고,0,2,2,0,차대차 - 측면충돌,신호위반,젖음/습기,흐림,교차로 - 교차로안,승용,남,27세,기타불명,승용,여,32세,중상
2020011800100264,2020년 1월 18일 13시,토요일,강원도 원주시 일산동,경상사고,0,0,1,0,차대사람 - 횡단중,안전운전불이행,건조,맑음,교차로 - 교차로부근,승용,남,22세,기타불명,보행자,여,65세,경상
2020011800100301,2020년 1월 18일 14시,토요일,강원도 강릉시 교동,경상사고,0,0,2,0,차대차 - 측면충돌,안전운전불이행,건조,맑음,교차로 - 교차로부근,승용,남,57세,상해없음,승용,여,43세,경상
2020011800100302,2020년 1월 18일 14시,토요일,강원도 속초시 금호동,경상사고,0,0,2,0,차대차 - 추돌,안전거리미확보,건조,맑음,단일로 - 고가도로위,승용,남,51세,상해없음,승용,남,43세,경상
2020011800100303,2020년 1월 18일 14시,토요일,강원도 홍천군 서면,경상사고,0,0,1,0,차대사람 - 기타,안전운전불이행,건조,맑음,주차장 - 주차장,승합,남,50세,상해없음,보행자,남,27세,경상
2020011800100304,2020년 1월 18일 14시,토요일,강원도 화천군 화천읍,경상사고,0,0,2,0,차대차 - 정면충돌,중앙선침범,건조,맑음,교차로 - 교차로부근,승용,남,61세,상해없음,승용,남,41세,경상
2020011800100335,2020년 1월 18일 15시,토요일,강원도 원주시 평원동,경상사고,0,0,1,0,차대사람 - 횡단중,보행자보호의무위반,건조,맑음,단일로 - 기타,승용,여,71세,기타불명,보행자,여,55세,경상
2020011800100368,2020년 1월 18일 16시,토요일,강원도 화천군 화천읍,경상사고,0,0,1,0,차대차 - 측면충돌,안전운전불이행,건조,맑음,단일로 - 기타,승용,남,69세,기타불명,화물,남,38세,경상
2020011800100369,2020년 1월 18일 16시,토요일,강원도 철원군 동송읍,중상사고,0,3,3,0,차대차 - 측면충돌,신호위반,건조,맑음,교차로 - 교차로안,승합,여,61세,상해없음,승용,여,57세,경상
2020011800100448,2020년 1월 18일 18시,토요일,강원도 동해시 망상동,경상사고,0,0,1,0,차대차 - 측면충돌,신호위반,건조,맑음,교차로 - 교차로안,승용,남,46세,상해없음,승용,남,46세,경상
2020011800100498,2020년 1월 18일 19시,토요일,강원도 강릉시 주문진읍,경상사고,0,0,1,0,차대차 - 측면충돌,신호위반,젖음/습기,비,교차로 - 교차로안,건설기계,남,60세,상해없음,승용,남,39세,경상
2020011800100499,2020년 1월 18일 19시,토요일,강원도 속초시 조양동,중상사고,0,1,0,0,차대차 - 정면충돌,안전운전불이행,건조,맑음,교차로 - 교차로안,승용,여,29세,상해없음,이륜,남,24세,중상
2020011800100551,2020년 1월 18일 21시,토요일,강원도 춘천시 후평동,경상사고,0,0,1,0,차대차 - 측면충돌,안전운전불이행,건조,맑음,단일로 - 기타,승용,여,24세,상해없음,이륜,남,25세,경상
2020011800100595,2020년 1월 18일 23시,토요일,강원도 원주시 단계동,경상사고,0,0,1,0,차대차 - 측면충돌,교차로운행방법위반,건조,맑음,교차로 - 교차로안,승용,남,46세,상해없음,승용,남,76세,경상
2020011900100086,2020년 1월 19일 08시,일요일,강원도 원주시 우산동,중상사고,0,1,1,0,차대차 - 측면충돌,불법유턴,건조,맑음,단일로 - 기타,특수,남,53세,상해없음,승용,남,54세,경상
2020011900100139,2020년 1월 19일 11시,일요일,강원도 춘천시 퇴계동,경상사고,0,0,1,0,차대사람 - 횡단중,보행자보호의무위반,건조,맑음,교차로 - 교차로횡단보도내,승용,여,55세,상해없음,보행자,여,20세,경상
2020011900100140,2020년 1월 19일 11시,일요일,강원도 평창군 봉평면,경상사고,0,0,3,0,차대차 - 측면충돌,안전운전불이행,젖음/습기,흐림,교차로 - 교차로안,승용,남,26세,상해없음,승용,남,42세,경상
2020011900100197,2020년 1월 19일 13시,일요일,강원도 강릉시 포남동,경상사고,0,0,1,0,차대차 - 측면충돌,안전운전불이행,건조,맑음,교차로 - 교차로부근,화물,남,65세,상해없음,승용,남,32세,경상
2020011900100221,2020년 1월 19일 14시,일요일,강원도 강릉시 입암동,중상사고,0,1,0,0,차대사람 - 차도통행중,안전운전불이행,건조,맑음,단일로 - 기타,승용,여,63세,상해없음,보행자,여,63세,중상
2020011900100222,2020년 1월 19일 14시,일요일,강원도 원주시 귀래면,경상사고,0,0,5,0,차대차 - 측면충돌,안전운전불이행,서리/결빙,눈,단일로 - 기타,승용,남,31세,경상,승용,남,63세,경상
2020011900100297,2020년 1월 19일 17시,일요일,강원도 강릉시 교동,경상사고,0,0,2,0,차대차 - 추돌,신호위반,건조,맑음,단일로 - 기타,승용,여,60세,상해없음,승용,여,32세,경상
2020011900100298,2020년 1월 19일 17시,일요일,강원도 횡성군 둔내면,중상사고,0,2,0,0,차대차 - 기타,안전운전불이행,젖음/습기,흐림,단일로 - 기타,승용,남,26세,상해없음,승용,여,63세,중상
2020011900100370,2020년 1월 19일 19시,일요일,강원도 강릉시 입암동,경상사고,0,0,2,0,차대차 - 측면충돌,안전운전불이행,건조,맑음,기타 - 기타,승용,남,66세,상해없음,승용,여,39세,경상
2020011900100371,2020년 1월 19일 19시,일요일,강원도 영월군 한반도면,사망사고,1,0,0,0,차대사람 - 횡단중,안전운전불이행,젖음/습기,흐림,단일로 - 지하차도(도로)내,건설기계,남,49세,상해없음,보행자,남,79세,사망
2020011900100393,2020년 1월 19일 20시,일요일,강원도 원주시 원동,경상사고,0,0,1,0,차대차 - 기타,안전운전불이행,건조,맑음,교차로 - 교차로부근,승용,여,30세,상해없음,승용,남,37세,경상
2020011900100416,2020년 1월 19일 21시,일요일,강원도 정선군 고한읍,경상사고,0,0,1,0,차대차 - 측면충돌,신호위반,젖음/습기,맑음,교차로 - 교차로안,승용,남,50세,상해없음,승용,남,57세,경상
2020011900100432,2020년 1월 19일 22시,일요일,강원도 속초시 대포동,중상사고,0,1,0,0,차대차 - 정면충돌,교차로운행방법위반,건조,흐림,교차로 - 교차로부근,승합,남,61세,상해없음,이륜,남,55세,중상
2020012000100026,2020년 1월 20일 04시,월요일,강원도 원주시 태장동,중상사고,0,3,1,0,차대차 - 측면충돌,신호위반,건조,맑음,교차로 - 교차로안,화물,남,56세,상해없음,승용,남,64세,중상
2020012000100055,2020년 1월 20일 06시,월요일,강원도 강릉시 연곡면,중상사고,0,1,0,0,차대사람 - 차도통행중,안전운전불이행,건조,맑음,교차로 - 교차로안,승용,여,61세,상해없음,보행자,여,63세,중상
2020012000100116,2020년 1월 20일 08시,월요일,강원도 동해시 효가동,경상사고,0,0,1,0,차대차 - 측면충돌,중앙선침범,건조,맑음,단일로 - 기타,승용,여,50세,상해없음,화물,남,48세,경상
2020012000100155,2020년 1월 20일 09시,월요일,강원도 춘천시 온의동,경상사고,0,0,1,1,차대차 - 측면충돌,안전운전불이행,건조,맑음,단일로 - 기타,화물,남,55세,부상신고,화물,남,64세,경상
2020012000100156,2020년 1월 20일 09시,월요일,강원도 원주시 단계동,중상사고,0,1,0,0,차대사람 - 차도통행중,안전운전불이행,건조,맑음,단일로 - 기타,승용,남,57세,상해없음,보행자,남,26세,중상
2020012000100225,2020년 1월 20일 11시,월요일,강원도 강릉시 홍제동,중상사고,0,1,1,0,차대차 - 추돌,안전운전불이행,건조,맑음,기타 - 기타,승용,남,59세,상해없음,승용,남,26세,경상
2020012000100226,2020년 1월 20일 11시,월요일,강원도 인제군 남면,중상사고,0,2,2,0,차대차 - 정면충돌,중앙선침범,건조,맑음,단일로 - 기타,승용,남,37세,상해없음,승용,남,24세,중상
2020012000100303,2020년 1월 20일 13시,월요일,강원도 강릉시 옥천동,경상사고,0,0,3,0,차대차 - 추돌,안전운전불이행,건조,맑음,단일로 - 기타,승용,남,34세,상해없음,승용,남,40세,경상
2020012000100304,2020년 1월 20일 13시,월요일,강원도 양구군 양구읍,중상사고,0,1,0,0,차대사람 - 기타,안전운전불이행,건조,맑음,교차로 - 교차로안,승용,여,39세,상해없음,보행자,여,75세,중상
2020012000100347,2020년 1월 20일 14시,월요일,강원도 양양군 강현면,경상사고,0,0,1,0,차대차 - 측면충돌,차로위반,건조,맑음,단일로 - 기타,이륜,남,51세,경상,승용,남,58세,상해없음
2020012000100348,2020년 1월 20일 14시,월요일,강원도 인제군 북면,경상사고,0,0,1,0,차대사람 - 차도통행중,안전운전불이행,건조,맑음,교차로 - 교차로안,화물,남,54세,상해없음,보행자,여,82세,경상
2020012000100392,2020년 1월 20일 15시,월요일,강원도 강릉시 포남동,경상사고,0,0,1,0,차대차 - 측면충돌,안전운전불이행,건조,맑음,기타 - 기타,승용,여,64세,상해없음,승용,남,39세,경상
2020012000100393,2020년 1월 20일 15시,월요일,강원도 원주시 가현동,경상사고,0,0,1,0,차대차 - 측면충돌,안전운전불이행,건조,맑음,단일로 - 기타,승용,남,73세,상해없음,승용,남,42세,상해없음
2020012000100477,2020년 1월 20일 17시,월요일,강원도 원주시 우산동,경상사고,0,0,1,0,차대차 - 추돌,안전운전불이행,건조,맑음,단일로 - 기타,승용,여,43세,상해없음,승용,남,66세,경상
2020012000100478,2020년 1월 20일 17시,월요일,강원도 홍천군 동면,중상사고,0,1,1,0,차대차 - 추돌,안전거리미확보,건조,맑음,단일로 - 고가도로위,화물,남,28세,중상,승용,남,56세,경상
2020012000100522,2020년 1월 20일 18시,월요일,강원도 원주시 단구동,경상사고,0,0,1,0,차대차 - 측면충돌,안전운전불이행,건조,맑음,교차로 - 교차로안,승용,남,55세,상해없음,자전거,여,63세,경상
2020012000100523,2020년 1월 20일 18시,월요일,강원도 원주시 지정면,중상사고,0,1,0,0,차대차 - 측면충돌,신호위반,기타,기타,교차로 - 교차로안,승용,남,27세,상해없음,이륜,남,30세,중상
2020012000100524,2020년 1월 20일 18시,월요일,강원도 홍천군 홍천읍,경상사고,0,0,2,0,차대차 - 측면충돌,교차로운행방법위반,건조,맑음,교차로 - 교차로안,승용,여,53세,상해없음,승용,남,76세,경상
2020012000100643,2020년 1월 20일 21시,월요일,강원도 원주시 봉산동,경상사고,0,0,1,0,차대차 - 측면충돌,교차로운행방법위반,건조,맑음,교차로 - 교차로안,승용,여,42세,상해없음,승용,남,48세,경상
2020012100100053,2020년 1월 21일 05시,화요일,강원도 원주시 학성동,경상사고,0,0,3,0,차대차 - 측면충돌,안전거리미확보,건조,맑음,단일로 - 기타,승용,남,60세,경상,승용,남,24세,경상
2020012100100119,2020년 1월 21일 08시,화요일,강원도 춘천시 퇴계동,경상사고,0,0,1,0,차대차 - 측면충돌,신호위반,건조,맑음,교차로 - 교차로안,화물,남,76세,상해없음,승용,남,50세,경상
2020012100100120,2020년 1월 21일 08시,화요일,강원도 원주시 단구동,경상사고,0,0,2,0,차대차 - 측면충돌,안전운전불이행,건조,맑음,단일로 - 기타,승용,남,23세,상해없음,승용,여,33세,상해없음
2020012100100121,2020년 1월 21일 08시,화요일,강원도 원주시 호저면,경상사고,0,0,1,0,차대차 - 추돌,안전거리미확보,기타,맑음,교차로 - 교차로부근,승용,여,39세,상해없음,승용,남,40세,경상
2020012100100236,2020년 1월 21일 11시,화요일,강원도 강릉시 강동면,중상사고,0,1,0,0,차대사람 - 기타,안전운전불이행,건조,맑음,단일로 - 기타,건설기계,남,60세,상해없음,보행자,남,57세,중상
2020012100100237,2020년 1월 21일 11시,화요일,강원도 삼척시 사직동,경상사고,0,0,2,0,차대차 - 측면충돌,안전운전불이행,건조,맑음,교차로 - 교차로부근,화물,남,64세,기타불명,화물,여,61세,경상
2020012100100275,2020년 1월 21일 12시,화요일,강원도 원주시 평원동,경상사고,0,0,1,0,차대차 - 추돌,안전운전불이행,건조,맑음,단일로 - 기타,화물,남,61세,상해없음,승용,남,52세,경상
2020012100100276,2020년 1월 21일 12시,화요일,강원도 고성군 간성읍,경상사고,0,0,1,0,차대차 - 측면충돌,안전운전불이행,건조,맑음,단일로 - 기타,승용,남,27세,상해없음,승용,여,51세,경상
2020012100100322,2020년 1월 21일 13시,화요일,강원도 춘천시 후평동,경상사고,0,0,1,0,차량단독 - 기타,안전운전불이행,건조,맑음,교차로 - 교차로부근,승용,남,57세,상해없음,,,,
2020012100100323,2020년 1월 21일 13시,화요일,강원도 강릉시 포남동,경상사고,0,0,1,0,차대차 - 측면충돌,안전운전불이행,건조,맑음,교차로 - 교차로안,승용,남,63세,상해없음,승용,여,37세,경상
2020012100100324,2020년 1월 21일 13시,화요일,강원도 원주시 개운동,중상사고,0,1,0,0,차대사람 - 기타,안전운전불이행,건조,맑음,단일로 - 기타,승용,남,51세,상해없음,보행자,여,58세,중상
2020012100100366,2020년 1월 21일 14시,화요일,강원도 춘천시 동면,경상사고,0,0,1,0,차대차 - 기타,차로위반,건조,맑음,단일로 - 기타,승용,남,72세,상해없음,승용,남,44세,경상
2020012100100367,2020년 1월 21일 14시,화요일,강원도 춘천시 후평동,경상사고,0,0,1,0,차대차 - 기타,기타,건조,맑음,단일로 - 기타,승용,남,66세,상해없음,승용,여,60세,경상
2020012100100460,2020년 1월 21일 16시,화요일,강원도 삼척시 정상동,경상사고,0,0,2,0,차대차 - 정면충돌,안전운전불이행,건조,맑음,교차로 - 교차로안,승용,여,25세,경상,승용,남,72세,경상
2020012100100461,2020년 1월 21일 16시,화요일,강원도 홍천군 화촌면,중상사고,0,1,0,0,차량단독 - 전도전복 - 전복,안전운전불이행,건조,맑음,단일로 - 기타,승용,남,75세,상해없음,,,,
2020012100100510,2020년 1월 21일 17시,화요일,강원도 춘천시 후평동,경상사고,0,0,1,0,차대차 - 추돌,안전거리미확보,건조,맑음,단일로 - 기타,이륜,남,17세,상해없음,승용,남,75세,경상
2020012100100511,2020년 1월 21일 17시,화요일,강원도 원주시 중앙동,경상사고,0,0,1,0,차대사람 - 기타,안전운전불이행,건조,맑음,기타 - 기타,승용,남,70세,상해없음,보행자,여,61세,경상
2020012100100512,2020년 1월 21일 17시,화요일,강원도 횡성군 청일면,중상사고,0,2,1,0,차대차 - 측면충돌,기타,건조,맑음,단일로 - 기타,화물,남,67세,상해없음,화물,남,69세,중상
2020012100100573,2020년 1월 21일 18시,화요일,강원도 춘천시 근화동,경상사고,0,0,1,0,차대차 - 측면충돌,신호위반,건조,맑음,교차로 - 교차로안,승용,남,68세,상해없음,승용,남,52세,경상
2020012100100574,2020년 1월 21일 18시,화요일,강원도 평창군 대화면,경상사고,0,0,1,0,차대차 - 측면충돌,안전운전불이행,건조,맑음,단일로 - 기타,승용,남,55세,상해없음,승용,여,62세,경상
2020012100100633,2020년 1월 21일 19시,화요일,강원도 춘천시 운교동,경상사고,0,0,1,0,차대사람 - 길가장자리구역통행중,안전운전불이행,건조,맑음,단일로 - 기타,승용,여,53세,상해없음,보행자,남,76세,경상
2020012200100021,2020년 1월 22일 01시,수요일,강원도 강릉시 교동,경상사고,0,0,2,0,차대차 - 기타,안전운전불이행,건조,맑음,교차로 - 교차로안,승용,남,39세,상해없음,승용,남,55세,경상
2020012200100108,2020년 1월 22일 08시,수요일,강원도 속초시 조양동,경상사고,0,0,1,0,차대차 - 추돌,안전운전불이행,건조,맑음,교차로 - 교차로부근,승용,여,19세,상해없음,승용,여,49세,경상
2020012200100109,2020년 1월 22일 08시,수요일,강원도 홍천군 홍천읍,경상사고,0,0,1,0,차대차 - 측면충돌,차로위반,건조,맑음,단일로 - 지하차도(도로)내,화물,남,68세,상해없음,승용,남,44세,경상
2020012200100135,2020년 1월 22일 09시,수요일,강원도 원주시 개운동,경상사고,0,0,1,0,차대차 - 추돌,신호위반,건조,맑음,교차로 - 교차로횡단보도내,화물,남,52세,상해없음,자전거,남,56세,경상
2020012200100326,2020년 1월 22일 15시,수요일,강원도 평창군 진부면,경상사고,0,0,1,0,차대사람 - 기타,안전운전불이행,건조,맑음,주차장 - 주차장,승용,남,47세,상해없음,보행자,여,75세,경상
2020012200100366,2020년 1월 22일 16시,수요일,강원도 춘천시 퇴계동,경상사고,0,0,4,0,차대차 - 측면충돌,안전거리미확보,건조,맑음,교차로 - 교차로안,승용,여,39세,상해없음,승용,여,44세,경상
2020012200100367,2020년 1월 22일 16시,수요일,강원도 영월군 영월읍,경상사고,0,0,2,0,차대차 - 측면충돌,직진우회전진행방해,건조,맑음,교차로 - 교차로안,승용,남,69세,상해없음,승용,여,38세,경상
2020012200100368,2020년 1월 22일 16시,수요일,강원도 태백시 황지동,경상사고,0,0,1,0,차대사람 - 기타,안전운전불이행,건조,맑음,교차로 - 교차로안,승용,남,71세,상해없음,보행자,남,54세,경상
2020012200100426,2020년 1월 22일 17시,수요일,강원도 춘천시 동면,경상사고,0,0,1,0,차대차 - 기타,안전운전불이행,건조,맑음,교차로 - 교차로안,화물,남,63세,상해없음,자전거,여,19세,경상
2020012200100427,2020년 1월 22일 17시,수요일,강원도 원주시 지정면,경상사고,0,0,1,0,차대차 - 측면충돌,안전거리미확보,건조,맑음,단일로 - 기타,승용,여,53세,상해없음,승용,남,23세,경상
2020012200100491,2020년 1월 22일 18시,수요일,강원도 춘천시 동내면,중상사고,0,1,0,0,차대차 - 추돌,안전거리미확보,건조,맑음,교차로 - 교차로부근,승용,남,54세,상해없음,승용,남,37세,중상
2020012200100492,2020년 1월 22일 18시,수요일,강원도 삼척시 미로면,중상사고,0,1,0,0,차대사람 - 차도통행중,안전운전불이행,건조,맑음,교차로 - 교차로부근,승용,남,56세,상해없음,보행자,여,81세,중상
2020012200100493,2020년 1월 22일 18시,수요일,강원도 홍천군 홍천읍,부상신고사고,0,0,0,1,차대차 - 측면충돌,직진우회전진행방해,건조,맑음,교차로 - 교차로안,승용,여,46세,부상신고,승용,남,28세,상해없음
2020012200100562,2020년 1월 22일 19시,수요일,강원도 춘천시 석사동,경상사고,0,0,1,0,차대사람 - 횡단중,안전운전불이행,건조,맑음,단일로 - 기타,승용,여,24세,상해없음,보행자,여,24세,경상
2020012200100563,2020년 1월 22일 19시,수요일,강원도 원주시 반곡동,중상사고,0,1,0,0,차대차 - 측면충돌,중앙선침범,건조,맑음,교차로 - 교차로부근,승용,여,45세,상해없음,이륜,남,40세,중상
2020012200100609,2020년 1월 22일 20시,수요일,강원도 속초시 조양동,경상사고,0,0,5,0,차대차 - 측면충돌,직진우회전진행방해,건조,맑음,교차로 - 교차로안,승용,남,27세,상해없음,승용,남,44세,경상
2020012200100689,2020년 1월 22일 22시,수요일,강원도 홍천군 홍천읍,중상사고,0,1,0,0,차대사람 - 보도통행중,보행자보호의무위반,건조,맑음,단일로 - 지하차도(도로)내,이륜,남,39세,상해없음,보행자,여,77세,중상
2020012300100093,2020년 1월 23일 07시,목요일,강원도 태백시 통동,경상사고,0,0,1,0,차대차 - 측면충돌,신호위반,젖음/습기,맑음,교차로 - 교차로안,특수,남,46세,상해없음,승용,남,19세,경상
2020012300100121,2020년 1월 23일 08시,목요일,강원도 춘천시 칠전동,경상사고,0,0,1,0,차대차 - 추돌,안전거리미확보,건조,맑음,단일로 - 기타,승용,남,36세,상해없음,승용,남,51세,경상
2020012300100122,2020년 1월 23일 08시,목요일,강원도 춘천시 남산면,경상사고,0,0,2,0,차대차 - 측면충돌,교차로운행방법위반,건조,맑음,교차로 - 교차로안,승용,남,46세,경상,승용,여,54세,경상
2020012300100179,2020년 1월 23일 10시,목요일,강원도 원주시 우산동,중상사고,0,1,1,0,차대차 - 측면충돌,교차로운행방법위반,건조,맑음,교차로 - 교차로안,승용,여,27세,상해없음,화물,남,59세,중상
2020012300100218,2020년 1월 23일 11시,목요일,강원도 원주시 학성동,경상사고,0,0,1,0,차대차 - 추돌,안전운전불이행,건조,맑음,교차로 - 교차로부근,승용,여,27세,상해없음,승용,여,38세,경상
2020012300100219,2020년 1월 23일 11시,목요일,강원도 태백시 장성동,경상사고,0,0,1,0,차대차 - 측면충돌,안전운전불이행,건조,흐림,교차로 - 교차로안,승용,여,41세,상해없음,승용,여,57세,경상
2020012300100261,2020년 1월 23일 12시,목요일,강원도 강릉시 송정동,경상사고,0,0,1,0,차대차 - 측면충돌,안전운전불이행,건조,맑음,단일로 - 기타,승용,남,66세,상해없음,승용,여,48세,경상
2020012300100262,2020년 1월 23일 12시,목요일,강원도 동해시 발한동,경상사고,0,0,1,0,차대차 - 측면충돌,안전거리미확보,건조,맑음,단일로 - 기타,승용,남,61세,상해없음,승용,여,37세,경상
2020012300100305,2020년 1월 23일 13시,목요일,강원도 원주시 판부면,경상사고,0,0,1,0,차대차 - 추돌,안전운전불이행,건조,맑음,기타 - 기타,승용,여,71세,상해없음,승용,여,27세,경상
2020012300100306,2020년 1월 23일 13시,목요일,강원도 원주시 무실동,부상신고사고,0,0,0,2,차대사람 - 기타,안전운전불이행,건조,맑음,교차로 - 교차로부근,승용,남,50세,상해없음,보행자,여,14세,부상신고
2020012300100307,2020년 1월 23일 13시,목요일,강원도 영월군 한반도면,경상사고,0,0,3,0,차대차 - 추돌,안전거리미확보,건조,맑음,단일로 - 지하차도(도로)내,화물,남,53세,상해없음,승용,남,35세,상해없음
2020012300100346,2020년 1월 23일 14시,목요일,강원도 춘천시 교동,중상사고,0,1,0,0,차대사람 - 횡단중,보행자보호의무위반,건조,맑음,교차로 - 교차로횡단보도내,승용,남,39세,상해없음,보행자,남,65세,중상
2020012300100400,2020년 1월 23일 15시,목요일,강원도 원주시 호저면,경상사고,0,0,2,0,차대차 - 측면충돌,안전거리미확보,건조,맑음,교차로 - 교차로부근,승용,남,61세,상해없음,승용,남,33세,경상
2020012300100401,2020년 1월 23일 15시,목요일,강원도 원주시 흥업면,경상사고,0,0,1,0,차대차 - 기타,안전운전불이행,건조,맑음,단일로 - 기타,이륜,남,57세,경상,화물,남,49세,상해없음
2020012300100402,2020년 1월 23일 15시,목요일,강원도 원주시 반곡동,경상사고,0,0,1,0,차대차 - 추돌,안전운전불이행,건조,맑음,교차로 - 교차로안,승용,남,60세,상해없음,화물,남,51세,경상
2020012300100403,2020년 1월 23일 15시,목요일,강원도 홍천군 홍천읍,경상사고,0,0,1,0,차대차 - 기타,안전운전불이행,건조,맑음,단일로 - 기타,승용,남,25세,상해없음,승용,남,44세,경상
2020012300100456,2020년 1월 23일 16시,목요일,강원도 원주시 학성동,중상사고,0,1,1,0,차대차 - 측면충돌,안전거리미확보,건조,맑음,단일로 - 기타,승용,여,33세,기타불명,승용,여,23세,중상
2020012300100520,2020년 1월 23일 17시,목요일,강원도 원주시 원동,부상신고사고,0,0,0,1,차대사람 - 차도통행중,안전운전불이행,건조,맑음,단일로 - 기타,승용,남,52세,상해없음,보행자,남,54세,부상신고
2020012300100571,2020년 1월 23일 18시,목요일,강원도 춘천시 동면,중상사고,0,1,0,0,차대차 - 기타,안전운전불이행,건조,맑음,기타 - 기타,승합,남,63세,상해없음,자전거,남,72세,중상
2020012300100623,2020년 1월 23일 19시,목요일,강원도 춘천시 동면,경상사고,0,0,1,0,차대차 - 추돌,안전거리미확보,건조,맑음,단일로 - 기타,승용,여,55세,상해없음,승용,남,26세,경상
2020012300100624,2020년 1월 23일 19시,목요일,강원도 원주시 무실동,경상사고,0,0,2,0,차대차 - 기타,직진우회전진행방해,건조,맑음,교차로 - 교차로안,승용,여,35세,기타불명,승용,여,51세,경상
2020012300100625,2020년 1월 23일 19시,목요일,강원도 원주시 흥업면,중상사고,0,1,0,0,차량단독 - 기타,안전운전불이행,건조,맑음,단일로 - 기타,승합,남,50세,상해없음,,,,
2020012300100669,2020년 1월 23일 20시,목요일,강원도 춘천시 신북읍,경상사고,0,0,1,0,차대차 - 기타,안전운전불이행,건조,맑음,단일로 - 기타,화물,남,60세,상해없음,승합,남,53세,상해없음
2020012300100670,2020년 1월 23일 20시,목요일,강원도 춘천시 신동면,경상사고,0,0,1,0,차대차 - 측면충돌,차로위반,건조,맑음,단일로 - 기타,승용,남,58세,상해없음,승용,남,33세,경상
2020012300100671,2020년 1월 23일 20시,목요일,강원도 원주시 명륜동,경상사고,0,0,1,0,차대차 - 추돌,직진우회전진행방해,건조,맑음,교차로 - 교차로안,승용,여,29세,상해없음,승용,여,52세,경상
2020012300100672,2020년 1월 23일 20시,목요일,강원도 속초시 교동,중상사고,0,1,1,0,차대차 - 측면충돌,신호위반,건조,맑음,교차로 - 교차로안,승용,여,53세,상해없음,승용,여,54세,중상
2020012300100706,2020년 1월 23일 21시,목요일,강원도 춘천시 석사동,경상사고,0,0,2,0,차대차 - 추돌,안전운전불이행,건조,흐림,교차로 - 교차로부근,승용,남,46세,상해없음,승용,여,42세,경상
2020012300100707,2020년 1월 23일 21시,목요일,강원도 원주시 무실동,경상사고,0,0,1,0,차대차 - 후진중충돌,안전운전불이행,건조,맑음,단일로 - 기타,승합,남,68세,상해없음,승용,남,24세,경상
2020012300100735,2020년 1월 23일 22시,목요일,강원도 춘천시 동내면,중상사고,0,1,0,0,차대차 - 기타,안전운전불이행,건조,맑음,기타 - 기타,승용,남,20세,상해없음,승용,여,47세,상해없음
2020012300100736,2020년 1월 23일 22시,목요일,강원도 강릉시 입암동,중상사고,0,1,0,0,차대사람 - 횡단중,안전운전불이행,건조,맑음,교차로 - 교차로부근,승용,여,49세,상해없음,보행자,여,61세,중상
2020012400100012,2020년 1월 24일 00시,금요일,강원도 원주시 문막읍,경상사고,0,0,2,0,차대차 - 추돌,안전운전불이행,건조,맑음,단일로 - 기타,승용,남,46세,상해없음,승용,남,63세,경상
2020012400100013,2020년 1월 24일 00시,금요일,강원도 홍천군 남면,중상사고,0,1,0,0,차대사람 - 차도통행중,안전운전불이행,건조,맑음,단일로 - 지하차도(도로)내,화물,남,25세,상해없음,보행자,남,58세,중상
2020012400100073,2020년 1월 24일 05시,금요일,강원도 철원군 동송읍,중상사고,0,1,1,0,차량단독 - 공작물충돌,안전운전불이행,건조,맑음,교차로 - 교차로안,승용,남,21세,경상,,,,
2020012400100090,2020년 1월 24일 07시,금요일,강원도 원주시 무실동,중상사고,0,1,0,0,차대차 - 측면충돌,신호위반,건조,맑음,교차로 - 교차로안,승용,남,22세,상해없음,승용,여,58세,중상
2020012400100091,2020년 1월 24일 07시,금요일,강원도 속초시 교동,경상사고,0,0,1,0,차대차 - 측면충돌,신호위반,건조,맑음,교차로 - 교차로안,승용,여,48세,상해없음,승용,남,64세,경상
2020012400100098,2020년 1월 24일 08시,금요일,강원도 춘천시 온의동,경상사고,0,0,1,0,차대차 - 측면충돌,교차로운행방법위반,건조,맑음,교차로 - 교차로안,승용,남,50세,상해없음,승용,여,47세,경상
2020012400100176,2020년 1월 24일 12시,금요일,강원도 홍천군 두촌면,중상사고,0,2,1,0,차대차 - 측면충돌,신호위반,건조,맑음,교차로 - 교차로안,승용,남,22세,상해없음,승용,남,57세,중상
2020012400100210,2020년 1월 24일 13시,금요일,강원도 정선군 신동읍,중상사고,0,3,0,0,차대차 - 추돌,안전운전불이행,건조,맑음,교차로 - 교차로안,승용,남,47세,기타불명,승용,남,42세,중상
2020012400100211,2020년 1월 24일 13시,금요일,강원도 강릉시 옥계면,경상사고,0,0,1,0,차대차 - 측면충돌,안전운전불이행,젖음/습기,비,기타 - 기타,승합,남,63세,상해없음,승용,여,25세,경상