사고번호,사고일시,요일,시군구,사고내용,사망자수,중상자수,경상자수,부상신고자수,사고유형,법규위반,노면상태,기상상태,도로형태,가해운전자 차종,가해운전자 성별,가해운전자 연령,가해운전자 상해정도,피해운전자 차종,피해운전자 성별,피해운전자 연령,피해운전자 상해정도
2020012400100238,2020년 1월 24일 14시,금요일,강원도 속초시 노학동,경상사고,0,0,4,0,차대차 - 측면충돌,안전운전불이행,건조,맑음,교차로 - 교차로안,승용,남,51세,상해없음,승용,여,37세,경상
2020012400100261,2020년 1월 24일 15시,금요일,강원도 춘천시 약사동,경상사고,0,0,1,0,차대차 - 측면충돌,안전거리미확보,건조,맑음,단일로 - 기타,승용,남,59세,상해없음,이륜,남,30세,경상
2020012400100262,2020년 1월 24일 15시,금요일,강원도 동해시 천곡동,경상사고,0,0,1,0,차대차 - 측면충돌,직진우회전진행방해,건조,맑음,교차로 - 교차로안,승용,여,56세,상해없음,승용,남,65세,경상
2020012400100287,2020년 1월 24일 16시,금요일,강원도 춘천시 효자동,경상사고,0,0,4,0,차대차 - 추돌,안전운전불이행,건조,맑음,단일로 - 기타,승용,여,19세,상해없음,승용,남,56세,경상
2020012400100288,2020년 1월 24일 16시,금요일,강원도 원주시 원동,경상사고,0,0,2,0,차대차 - 추돌,직진우회전진행방해,건조,맑음,교차로 - 교차로안,승용,남,37세,상해없음,이륜,남,66세,경상
2020012400100308,2020년 1월 24일 17시,금요일,강원도 춘천시 동면,경상사고,0,0,1,0,차대차 - 측면충돌,안전거리미확보,건조,맑음,단일로 - 기타,승용,남,40세,상해없음,승용,남,46세,경상
2020012400100309,2020년 1월 24일 17시,금요일,강원도 속초시 청호동,경상사고,0,0,3,0,차대차 - 측면충돌,직진우회전진행방해,젖음/습기,흐림,교차로 - 교차로안,화물,여,66세,상해없음,승용,여,39세,경상
2020012400100334,2020년 1월 24일 18시,금요일,강원도 강릉시 견소동,중상사고,0,1,0,0,차대차 - 측면충돌,중앙선침범,젖음/습기,비,단일로 - 기타,승용,남,61세,상해없음,이륜,남,53세,중상
2020012400100369,2020년 1월 24일 19시,금요일,강원도 강릉시 포남동,경상사고,0,0,1,0,차대차 - 추돌,안전운전불이행,건조,맑음,교차로 - 교차로부근,승용,남,57세,상해없음,승용,여,36세,경상
2020012400100370,2020년 1월 24일 19시,금요일,강원도 원주시 단구동,경상사고,0,0,1,0,차대차 - 측면충돌,신호위반,건조,맑음,교차로 - 교차로안,승용,남,31세,상해없음,이륜,남,30세,경상
2020012400100371,2020년 1월 24일 19시,금요일,강원도 삼척시 남양동,경상사고,0,0,1,0,차대사람 - 횡단중,보행자보호의무위반,젖음/습기,비,교차로 - 교차로부근,승용,남,65세,상해없음,보행자,남,67세,경상
2020012400100419,2020년 1월 24일 21시,금요일,강원도 춘천시 요선동,중상사고,0,1,0,0,차대사람 - 횡단중,보행자보호의무위반,건조,맑음,교차로 - 교차로횡단보도내,승용,여,55세,상해없음,보행자,여,74세,중상
2020012400100453,2020년 1월 24일 23시,금요일,강원도 고성군 간성읍,경상사고,0,0,1,0,차대차 - 측면충돌,직진우회전진행방해,건조,맑음,교차로 - 교차로안,승용,남,47세,상해없음,승용,남,20세,경상
2020012500100016,2020년 1월 25일 01시,토요일,강원도 원주시 명륜동,경상사고,0,0,3,0,차대차 - 측면충돌,신호위반,건조,맑음,교차로 - 교차로안,승용,남,49세,상해없음,승용,남,26세,경상
2020012500100033,2020년 1월 25일 04시,토요일,강원도 춘천시 효자동,경상사고,0,0,1,0,차대차 - 측면충돌,안전운전불이행,건조,맑음,단일로 - 기타,승용,남,65세,상해없음,승용,남,54세,경상
2020012500100061,2020년 1월 25일 09시,토요일,강원도 원주시 관설동,중상사고,0,2,0,0,차대차 - 측면충돌,안전운전불이행,건조,맑음,교차로 - 교차로안,승용,남,19세,상해없음,승용,남,65세,상해없음
2020012500100076,2020년 1월 25일 10시,토요일,강원도 춘천시 신북읍,경상사고,0,0,1,0,차대차 - 측면충돌,안전운전불이행,건조,맑음,교차로 - 교차로안,승용,남,54세,상해없음,승용,남,65세,경상
2020012500100077,2020년 1월 25일 10시,토요일,강원도 속초시 도문동,경상사고,0,0,4,0,차대차 - 측면충돌,안전운전불이행,건조,맑음,교차로 - 교차로안,승용,남,45세,상해없음,승용,남,24세,경상
2020012500100118,2020년 1월 25일 12시,토요일,강원도 원주시 소초면,중상사고,0,4,2,0,차대차 - 측면충돌,안전운전불이행,건조,맑음,기타 - 기타,승용,여,62세,기타불명,승용,남,39세,중상
2020012500100119,2020년 1월 25일 12시,토요일,강원도 원주시 명륜동,경상사고,0,0,4,0,차대차 - 측면충돌,중앙선침범,건조,맑음,단일로 - 기타,승용,남,76세,상해없음,승용,남,37세,경상
2020012500100168,2020년 1월 25일 14시,토요일,강원도 양양군 현북면,경상사고,0,0,2,0,차대차 - 정면충돌,안전운전불이행,건조,흐림,교차로 - 교차로안,화물,여,37세,상해없음,승용,남,60세,경상
2020012500100169,2020년 1월 25일 14시,토요일,강원도 홍천군 홍천읍,경상사고,0,0,3,0,차대차 - 측면충돌,안전운전불이행,건조,맑음,주차장 - 주차장,승용,여,47세,상해없음,승용,남,25세,경상
2020012500100195,2020년 1월 25일 15시,토요일,강원도 인제군 남면,중상사고,0,1,1,0,차대차 - 정면충돌,중앙선침범,건조,맑음,단일로 - 기타,승용,남,22세,상해없음,승용,남,57세,중상
2020012500100231,2020년 1월 25일 17시,토요일,강원도 삼척시 도계읍,경상사고,0,0,1,0,차대차 - 측면충돌,직진우회전진행방해,젖음/습기,흐림,교차로 - 교차로안,승용,남,70세,상해없음,승용,남,46세,경상
2020012500100255,2020년 1월 25일 18시,토요일,강원도 강릉시 교동,경상사고,0,0,1,0,차대차 - 측면충돌,신호위반,건조,맑음,교차로 - 교차로안,승용,남,59세,상해없음,승용,남,63세,경상
2020012500100256,2020년 1월 25일 18시,토요일,강원도 원주시 소초면,경상사고,0,0,1,0,차대차 - 측면충돌,안전운전불이행,건조,맑음,교차로 - 교차로부근,승용,남,54세,상해없음,승용,여,27세,경상
2020012500100257,2020년 1월 25일 18시,토요일,강원도 삼척시 정하동,중상사고,0,1,0,0,차대사람 - 길가장자리구역통행중,안전운전불이행,건조,맑음,단일로 - 지하차도(도로)내,승용,여,42세,상해없음,보행자,남,14세,중상
2020012500100278,2020년 1월 25일 19시,토요일,강원도 속초시 중앙동,중상사고,0,1,0,0,차대사람 - 보도통행중,안전운전불이행,건조,맑음,단일로 - 기타,승용,남,55세,상해없음,보행자,남,43세,중상
2020012500100322,2020년 1월 25일 21시,토요일,강원도 춘천시 온의동,중상사고,0,2,5,0,차대차 - 측면충돌,신호위반,건조,맑음,교차로 - 교차로안,승합,남,34세,상해없음,승용,남,53세,경상
2020012500100323,2020년 1월 25일 21시,토요일,강원도 속초시 교동,경상사고,0,0,4,0,차대차 - 측면충돌,신호위반,건조,맑음,교차로 - 교차로안,승용,남,60세,상해없음,화물,남,41세,경상
2020012500100336,2020년 1월 25일 22시,토요일,강원도 원주시 신림면,경상사고,0,0,3,0,차대차 - 기타,차로위반,건조,맑음,단일로 - 기타,기타불명,기타불명,미분류,기타불명,승용,남,35세,상해없음
2020012500100350,2020년 1월 25일 23시,토요일,강원도 인제군 상남면,중상사고,0,2,2,0,차대차 - 추돌,안전거리미확보,건조,맑음,단일로 - 기타,승용,남,64세,중상,승용,남,53세,경상
2020012600100004,2020년 1월 26일 00시,일요일,강원도 평창군 평창읍,중상사고,0,2,1,0,차대차 - 측면충돌,신호위반,건조,맑음,교차로 - 교차로안,승용,여,30세,중상,승용,남,23세,경상
2020012600100030,2020년 1월 26일 03시,일요일,강원도 강릉시 교동,경상사고,0,0,3,0,차대차 - 추돌,안전운전불이행,건조,맑음,교차로 - 교차로부근,승용,남,37세,상해없음,승용,여,52세,경상
2020012600100066,2020년 1월 26일 08시,일요일,강원도 삼척시 교동,경상사고,0,0,1,0,차대차 - 측면충돌,직진우회전진행방해,젖음/습기,비,교차로 - 교차로안,승용,남,28세,상해없음,승용,남,53세,경상
2020012600100084,2020년 1월 26일 10시,일요일,강원도 원주시 단계동,사망사고,1,0,0,0,차량단독 - 공작물충돌,안전운전불이행,건조,맑음,단일로 - 기타,이륜,남,73세,사망,,,,
2020012600100135,2020년 1월 26일 13시,일요일,강원도 홍천군 홍천읍,경상사고,0,0,2,1,차대차 - 측면충돌,차로위반,건조,맑음,교차로 - 교차로부근,승용,남,61세,부상신고,승용,남,38세,경상
2020012600100136,2020년 1월 26일 13시,일요일,강원도 정선군 고한읍,경상사고,0,0,1,0,차대사람 - 횡단중,안전운전불이행,건조,맑음,교차로 - 교차로부근,승용,남,61세,상해없음,보행자,여,53세,경상
2020012600100190,2020년 1월 26일 16시,일요일,강원도 춘천시 온의동,경상사고,0,0,1,0,차대차 - 측면충돌,안전운전불이행,건조,맑음,단일로 - 기타,승용,여,34세,상해없음,승용,여,57세,경상
2020012600100191,2020년 1월 26일 16시,일요일,강원도 철원군 갈말읍,중상사고,0,4,3,0,차대차 - 추돌,안전운전불이행,건조,맑음,교차로 - 교차로부근,화물,남,53세,상해없음,승용,남,36세,중상
2020012600100284,2020년 1월 26일 20시,일요일,강원도 인제군 기린면,중상사고,0,1,0,0,차대사람 - 횡단중,안전운전불이행,젖음/습기,비,교차로 - 교차로안,승용,남,58세,상해없음,보행자,남,50세,중상
2020012600100306,2020년 1월 26일 21시,일요일,강원도 속초시 청호동,경상사고,0,0,1,0,차대사람 - 차도통행중,안전운전불이행,건조,맑음,주차장 - 주차장,승용,남,38세,상해없음,보행자,여,57세,경상
2020012600100322,2020년 1월 26일 22시,일요일,강원도 태백시 화전동,중상사고,0,1,0,0,차량단독 - 공작물충돌,안전운전불이행,젖음/습기,눈,단일로 - 기타,화물,남,27세,중상,,,,
2020012600100340,2020년 1월 26일 23시,일요일,강원도 동해시 효가동,경상사고,0,0,2,0,차대차 - 추돌,안전운전불이행,젖음/습기,비,교차로 - 교차로부근,승용,남,45세,상해없음,승용,남,22세,경상
2020012700100058,2020년 1월 27일 04시,월요일,강원도 춘천시 효자동,경상사고,0,0,1,0,차대차 - 측면충돌,교차로운행방법위반,건조,맑음,교차로 - 교차로안,승용,남,68세,상해없음,승용,남,43세,경상
2020012700100095,2020년 1월 27일 08시,월요일,강원도 강릉시 성남동,경상사고,0,0,1,0,차대차 - 측면충돌,신호위반,건조,맑음,교차로 - 교차로안,승용,남,63세,상해없음,승용,남,23세,경상
2020012700100111,2020년 1월 27일 10시,월요일,강원도 강릉시 홍제동,중상사고,0,1,0,0,차대차 - 측면충돌,안전운전불이행,건조,맑음,교차로 - 교차로부근,승용,여,40세,상해없음,이륜,남,76세,중상
2020012700100112,2020년 1월 27일 10시,월요일,강원도 화천군 하남면,경상사고,0,0,3,0,차대차 - 추돌,안전운전불이행,건조,맑음,교차로 - 교차로안,화물,남,61세,경상,승용,남,61세,경상
2020012700100130,2020년 1월 27일 11시,월요일,강원도 화천군 화천읍,경상사고,0,0,3,0,차대차 - 측면충돌,안전운전불이행,건조,맑음,교차로 - 교차로안,승용,남,20세,상해없음,승합,남,46세,상해없음
2020012700100149,2020년 1월 27일 12시,월요일,강원도 원주시 문막읍,경상사고,0,0,1,0,차대차 - 추돌,직진우회전진행방해,건조,맑음,교차로 - 교차로안,승용,남,19세,상해없음,승용,남,63세,경상
2020012700100150,2020년 1월 27일 12시,월요일,강원도 영월군 주천면,부상신고사고,0,0,0,1,차량단독 - 공작물충돌,안전운전불이행,건조,맑음,단일로 - 기타,화물,남,66세,상해없음,,,,
2020012700100151,2020년 1월 27일 12시,월요일,강원도 평창군 대관령면,경상사고,0,0,3,0,차대차 - 측면충돌,안전운전불이행,젖음/습기,흐림,교차로 - 교차로안,승합,남,45세,상해없음,승용,남,24세,경상
2020012700100152,2020년 1월 27일 12시,월요일,강원도 화천군 화천읍,경상사고,0,0,2,0,차대차 - 측면충돌,안전운전불이행,건조,맑음,단일로 - 기타,승용,남,35세,경상,승용,남,63세,상해없음
2020012700100174,2020년 1월 27일 13시,월요일,강원도 동해시 망상동,경상사고,0,0,1,0,차대차 - 후진중충돌,안전운전불이행,건조,맑음,단일로 - 기타,승용,남,66세,상해없음,승용,남,36세,상해없음
2020012700100206,2020년 1월 27일 15시,월요일,강원도 원주시 단구동,경상사고,0,0,2,0,차대차 - 추돌,안전운전불이행,젖음/습기,비,교차로 - 교차로부근,화물,남,59세,상해없음,승용,여,51세,경상
2020012700100237,2020년 1월 27일 16시,월요일,강원도 속초시 노학동,경상사고,0,0,1,0,차대차 - 후진중충돌,안전운전불이행,건조,맑음,단일로 - 기타,승용,남,61세,상해없음,승용,여,20세,경상
2020012700100284,2020년 1월 27일 18시,월요일,강원도 삼척시 정상동,중상사고,0,5,0,0,차대차 - 정면충돌,중앙선침범,젖음/습기,비,교차로 - 교차로부근,승용,남,55세,중상,승용,남,24세,중상
2020012700100329,2020년 1월 27일 19시,월요일,강원도 동해시 송정동,경상사고,0,0,2,0,차대차 - 정면충돌,중앙선침범,젖음/습기,비,교차로 - 교차로부근,승용,남,60세,상해없음,승용,남,27세,경상
2020012700100366,2020년 1월 27일 20시,월요일,강원도 원주시 일산동,경상사고,0,0,1,0,차대차 - 추돌,안전운전불이행,건조,맑음,교차로 - 교차로부근,승용,남,53세,상해없음,승용,남,66세,경상
2020012700100430,2020년 1월 27일 22시,월요일,강원도 강릉시 홍제동,경상사고,0,0,2,0,차대차 - 추돌,안전운전불이행,젖음/습기,비,교차로 - 교차로부근,승용,남,58세,상해없음,승용,남,66세,경상
2020012800100006,2020년 1월 28일 00시,화요일,강원도 강릉시 교동,경상사고,0,0,1,0,차대사람 - 차도통행중,안전운전불이행,건조,맑음,단일로 - 기타,승용,여,21세,상해없음,보행자,남,18세,경상
2020012800100018,2020년 1월 28일 01시,화요일,강원도 속초시 교동,중상사고,0,2,2,0,차대차 - 측면충돌,교차로운행방법위반,건조,흐림,교차로 - 교차로안,승용,남,21세,상해없음,승용,남,50세,중상
2020012800100043,2020년 1월 28일 05시,화요일,강원도 춘천시 조양동,경상사고,0,0,1,0,차대차 - 정면충돌,중앙선침범,건조,맑음,단일로 - 기타,승용,남,20세,상해없음,승용,남,56세,경상
2020012800100051,2020년 1월 28일 06시,화요일,강원도 원주시 명륜동,중상사고,0,1,0,0,차대차 - 추돌,안전운전불이행,건조,맑음,교차로 - 교차로안,화물,남,30세,상해없음,승용,남,63세,중상
2020012800100098,2020년 1월 28일 08시,화요일,강원도 춘천시 후평동,경상사고,0,0,1,0,차대차 - 추돌,신호위반,건조,맑음,교차로 - 교차로안,승용,남,65세,상해없음,승용,남,57세,경상
2020012800100099,2020년 1월 28일 08시,화요일,강원도 홍천군 홍천읍,경상사고,0,0,1,0,차대차 - 측면충돌,차로위반,건조,맑음,교차로 - 교차로부근,승용,남,68세,상해없음,승용,남,63세,상해없음
2020012800100159,2020년 1월 28일 10시,화요일,강원도 강릉시 입암동,중상사고,0,1,0,0,차대사람 - 기타,안전운전불이행,건조,맑음,주차장 - 주차장,건설기계,남,70세,상해없음,보행자,남,51세,중상
2020012800100270,2020년 1월 28일 14시,화요일,강원도 춘천시 효자동,경상사고,0,0,2,0,차대차 - 추돌,안전거리미확보,건조,맑음,단일로 - 기타,승용,남,66세,상해없음,화물,남,63세,경상
2020012800100271,2020년 1월 28일 14시,화요일,강원도 횡성군 횡성읍,경상사고,0,0,3,0,차대차 - 측면충돌,안전운전불이행,건조,맑음,교차로 - 교차로안,승용,여,51세,경상,승용,여,33세,경상
2020012800100302,2020년 1월 28일 15시,화요일,강원도 원주시 소초면,중상사고,0,2,0,0,차대차 - 측면충돌,안전운전불이행,건조,맑음,기타 - 기타,승용,남,64세,중상,승용,남,79세,중상
2020012800100303,2020년 1월 28일 15시,화요일,강원도 속초시 대포동,경상사고,0,0,1,0,차대차 - 측면충돌,직진우회전진행방해,건조,맑음,교차로 - 교차로안,승용,남,43세,상해없음,승용,남,35세,경상
2020012800100304,2020년 1월 28일 15시,화요일,강원도 홍천군 홍천읍,경상사고,0,0,1,0,차대차 - 추돌,안전운전불이행,건조,맑음,주차장 - 주차장,승용,남,52세,상해없음,승용,남,28세,경상
2020012800100330,2020년 1월 28일 16시,화요일,강원도 원주시 지정면,중상사고,0,1,0,0,차량단독 - 기타,안전운전불이행,건조,맑음,단일로 - 기타,승합,남,60세,상해없음,,,,
2020012800100362,2020년 1월 28일 17시,화요일,강원도 홍천군 홍천읍,경상사고,0,0,2,0,차대차 - 측면충돌,차로위반,건조,맑음,단일로 - 지하차도(도로)내,승용,남,40세,상해없음,승용,남,68세,경상
2020012800100386,2020년 1월 28일 18시,화요일,강원도 강릉시 남문동,경상사고,0,0,1,0,차대차 - 측면충돌,안전운전불이행,젖음/습기,흐림,교차로 - 교차로안,화물,남,45세,상해없음,이륜,남,22세,경상
2020012800100433,2020년 1월 28일 19시,화요일,강원도 강릉시 포남동,경상사고,0,0,1,0,차대차 - 측면충돌,안전운전불이행,건조,맑음,단일로 - 기타,승용,남,49세,상해없음,이륜,남,25세,경상
2020012800100461,2020년 1월 28일 20시,화요일,강원도 강릉시 포남동,중상사고,0,1,0,0,차대차 - 측면충돌,안전운전불이행,건조,맑음,교차로 - 교차로안,승용,남,21세,상해없음,승용,남,58세,중상
2020012900100043,2020년 1월 29일 04시,수요일,강원도 철원군 철원읍,중상사고,0,1,0,0,차량단독 - 공작물충돌,안전운전불이행,건조,맑음,단일로 - 기타,화물,남,59세,중상,,,,
2020012900100095,2020년 1월 29일 08시,수요일,강원도 원주시 태장동,경상사고,0,0,3,0,차대차 - 추돌,안전운전불이행,건조,맑음,단일로 - 기타,승용,남,53세,상해없음,화물,남,37세,경상
2020012900100096,2020년 1월 29일 08시,수요일,강원도 삼척시 갈천동,경상사고,0,0,1,0,차대차 - 측면충돌,안전운전불이행,젖음/습기,비,단일로 - 지하차도(도로)내,화물,남,42세,상해없음,승용,남,30세,경상
2020012900100199,2020년 1월 29일 12시,수요일,강원도 속초시 동명동,경상사고,0,0,1,0,차대사람 - 횡단중,안전운전불이행,건조,맑음,교차로 - 교차로부근,승용,남,73세,상해없음,보행자,여,38세,경상
2020012900100251,2020년 1월 29일 14시,수요일,강원도 원주시 단계동,중상사고,0,2,0,0,차대차 - 정면충돌,신호위반,건조,맑음,교차로 - 교차로안,승용,남,59세,상해없음,화물,남,57세,중상
2020012900100280,2020년 1월 29일 15시,수요일,강원도 강릉시 송정동,중상사고,0,1,0,0,차대사람 - 기타,안전운전불이행,건조,맑음,단일로 - 기타,승용,여,32세,상해없음,보행자,남,20세,중상
2020012900100313,2020년 1월 29일 16시,수요일,강원도 춘천시 신북읍,경상사고,0,0,2,0,차대차 - 정면충돌,중앙선침범,건조,맑음,단일로 - 기타,승용,여,56세,상해없음,승용,남,45세,경상
2020012900100378,2020년 1월 29일 18시,수요일,강원도 강릉시 성산면,중상사고,0,1,0,0,차대사람 - 차도통행중,안전운전불이행,젖음/습기,흐림,교차로 - 교차로안,화물,남,61세,상해없음,보행자,여,59세,중상
2020012900100379,2020년 1월 29일 18시,수요일,강원도 속초시 교동,중상사고,0,1,0,0,차대사람 - 차도통행중,안전운전불이행,건조,맑음,교차로 - 교차로안,화물,남,42세,상해없음,보행자,남,46세,중상
2020012900100418,2020년 1월 29일 19시,수요일,강원도 원주시 무실동,경상사고,0,0,1,0,차대차 - 측면충돌,안전운전불이행,건조,맑음,단일로 - 기타,승용,여,46세,상해없음,이륜,남,44세,경상
2020012900100462,2020년 1월 29일 21시,수요일,강원도 춘천시 동내면,경상사고,0,0,2,0,차대차 - 기타,안전거리미확보,건조,맑음,단일로 - 기타,승용,남,49세,상해없음,승용,남,59세,상해없음
2020012900100463,2020년 1월 29일 21시,수요일,강원도 원주시 명륜동,경상사고,0,0,1,0,차대차 - 측면충돌,안전운전불이행,건조,맑음,교차로 - 교차로안,기타불명,기타불명,미분류,기타불명,승용,여,56세,상해없음
2020012900100464,2020년 1월 29일 21시,수요일,강원도 원주시 관설동,중상사고,0,1,1,0,차대차 - 기타,안전운전불이행,건조,기타,교차로 - 교차로안,승용,남,24세,상해없음,승용,여,40세,경상
2020013000100028,2020년 1월 30일 03시,목요일,강원도 강릉시 교동,경상사고,0,0,1,0,차대차 - 측면충돌,신호위반,건조,맑음,교차로 - 교차로안,승용,남,54세,상해없음,승용,여,47세,경상
2020013000100079,2020년 1월 30일 07시,목요일,강원도 춘천시 우두동,중상사고,0,1,1,0,차대차 - 측면충돌,중앙선침범,건조,맑음,단일로 - 기타,이륜,남,79세,중상,화물,남,64세,경상
2020013000100108,2020년 1월 30일 08시,목요일,강원도 원주시 명륜동,경상사고,0,0,2,0,차대차 - 추돌,기타,건조,맑음,교차로 - 교차로안,승용,남,51세,상해없음,승용,남,54세,경상
2020013000100181,2020년 1월 30일 10시,목요일,강원도 속초시 조양동,경상사고,0,0,1,0,차대차 - 추돌,안전운전불이행,젖음/습기,비,교차로 - 교차로부근,승용,남,45세,상해없음,승용,여,58세,경상
2020013000100182,2020년 1월 30일 10시,목요일,강원도 평창군 대관령면,경상사고,0,0,1,0,차대차 - 기타,안전운전불이행,적설,눈,교차로 - 교차로안,승용,여,43세,상해없음,승용,남,53세,기타불명
2020013000100215,2020년 1월 30일 11시,목요일,강원도 동해시 지가동,경상사고,0,0,1,0,차대차 - 측면충돌,안전운전불이행,서리/결빙,눈,단일로 - 기타,승용,남,34세,상해없음,승용,남,43세,경상
2020013000100313,2020년 1월 30일 14시,목요일,강원도 영월군 영월읍,경상사고,0,0,1,0,차대차 - 정면충돌,중앙선침범,건조,맑음,단일로 - 기타,승용,여,50세,상해없음,승용,남,77세,경상
2020013000100353,2020년 1월 30일 15시,목요일,강원도 강릉시 옥천동,경상사고,0,0,3,0,차대차 - 측면충돌,안전운전불이행,젖음/습기,비,단일로 - 기타,승용,여,61세,상해없음,승용,남,79세,경상
2020013000100354,2020년 1월 30일 15시,목요일,강원도 양양군 현남면,부상신고사고,0,0,0,1,차대차 - 추돌,안전운전불이행,적설,눈,단일로 - 기타,승용,남,44세,상해없음,특수,남,51세,상해없음
2020013000100412,2020년 1월 30일 17시,목요일,강원도 속초시 교동,경상사고,0,0,1,0,차대차 - 측면충돌,안전운전불이행,젖음/습기,흐림,단일로 - 기타,승용,남,50세,상해없음,승용,남,53세,경상
2020013000100442,2020년 1월 30일 18시,목요일,강원도 원주시 무실동,경상사고,0,0,1,0,차대차 - 추돌,안전운전불이행,건조,맑음,단일로 - 기타,승용,남,41세,상해없음,승용,여,40세,경상
2020013000100443,2020년 1월 30일 18시,목요일,강원도 홍천군 홍천읍,경상사고,0,0,2,0,차대차 - 추돌,안전거리미확보,건조,맑음,교차로 - 교차로부근,승용,남,21세,상해없음,승용,여,47세,경상
2020013000100479,2020년 1월 30일 19시,목요일,강원도 동해시 천곡동,중상사고,0,1,0,0,차대사람 - 횡단중,보행자보호의무위반,젖음/습기,비,단일로 - 기타,승용,남,51세,상해없음,보행자,여,16세,중상
2020013000100510,2020년 1월 30일 20시,목요일,강원도 속초시 조양동,중상사고,0,2,0,1,차대차 - 측면충돌,안전운전불이행,젖음/습기,비,교차로 - 교차로안,승용,남,60세,상해없음,승용,여,33세,중상
2020013000100574,2020년 1월 30일 23시,목요일,강원도 원주시 단계동,경상사고,0,0,2,0,차대차 - 측면충돌,신호위반,건조,맑음,교차로 - 교차로안,승용,남,29세,상해없음,승용,남,60세,경상
2020013100100034,2020년 1월 31일 04시,금요일,강원도 춘천시 퇴계동,경상사고,0,0,1,0,차대차 - 측면충돌,신호위반,건조,맑음,교차로 - 교차로안,승용,남,34세,상해없음,승용,남,67세,경상
2020013100100072,2020년 1월 31일 07시,금요일,강원도 속초시 노학동,경상사고,0,0,1,0,차대차 - 측면충돌,신호위반,젖음/습기,흐림,교차로 - 교차로안,화물,남,66세,상해없음,승용,여,38세,경상
2020013100100096,2020년 1월 31일 08시,금요일,강원도 속초시 조양동,경상사고,0,0,1,0,차대차 - 추돌,안전운전불이행,서리/결빙,맑음,단일로 - 지하차도(도로)내,승용,남,25세,상해없음,승용,여,27세,경상
2020013100100116,2020년 1월 31일 09시,금요일,강원도 춘천시 효자동,경상사고,0,0,1,0,차대차 - 추돌,안전운전불이행,건조,맑음,교차로 - 교차로부근,승용,여,49세,상해없음,승용,남,50세,경상
2020013100100117,2020년 1월 31일 09시,금요일,강원도 원주시 문막읍,경상사고,0,0,1,0,차대차 - 측면충돌,안전운전불이행,건조,맑음,단일로 - 기타,승용,남,60세,상해없음,승용,남,30세,경상
2020013100100173,2020년 1월 31일 11시,금요일,강원도 삼척시 교동,경상사고,0,0,1,0,차대차 - 측면충돌,안전운전불이행,건조,맑음,교차로 - 교차로안,승용,남,42세,상해없음,승용,여,61세,경상
2020013100100204,2020년 1월 31일 12시,금요일,강원도 춘천시 서면,경상사고,0,0,2,0,차대차 - 측면충돌,안전운전불이행,건조,맑음,교차로 - 교차로부근,화물,남,54세,상해없음,승용,남,56세,경상
2020013100100238,2020년 1월 31일 13시,금요일,강원도 화천군 화천읍,경상사고,0,0,2,0,차대차 - 측면충돌,안전운전불이행,건조,맑음,단일로 - 기타,승합,남,60세,상해없음,승용,여,21세,경상
2020013100100239,2020년 1월 31일 13시,금요일,강원도 동해시 쇄운동,중상사고,0,1,0,0,차량단독 - 공작물충돌,안전운전불이행,건조,맑음,단일로 - 기타,승용,남,78세,중상,,,,
2020013100100266,2020년 1월 31일 14시,금요일,강원도 원주시 봉산동,경상사고,0,0,3,0,차대차 - 추돌,안전운전불이행,건조,맑음,단일로 - 기타,승용,여,31세,경상,승용,남,58세,경상
2020013100100295,2020년 1월 31일 15시,금요일,강원도 속초시 교동,중상사고,0,1,0,0,차대차 - 추돌,안전운전불이행,건조,맑음,교차로 - 교차로부근,승용,남,60세,상해없음,승용,남,31세,중상
2020013100100361,2020년 1월 31일 17시,금요일,강원도 춘천시 우두동,경상사고,0,0,1,0,차대차 - 측면충돌,교차로운행방법위반,건조,맑음,교차로 - 교차로안,승용,여,67세,상해없음,승용,남,47세,경상
2020013100100395,2020년 1월 31일 18시,금요일,강원도 춘천시 효자동,경상사고,0,0,1,0,차대사람 - 기타,안전운전불이행,건조,맑음,교차로 - 교차로안,승용,여,33세,상해없음,보행자,여,47세,경상
2020013100100396,2020년 1월 31일 18시,금요일,강원도 원주시 무실동,중상사고,0,1,0,0,차대차 - 추돌,교차로운행방법위반,건조,맑음,교차로 - 교차로안,승용,여,37세,상해없음,승용,여,41세,중상
2020013100100397,2020년 1월 31일 18시,금요일,강원도 속초시 교동,경상사고,0,0,1,0,차대차 - 기타,안전운전불이행,건조,맑음,교차로 - 교차로안,승용,남,45세,상해없음,이륜,남,27세,경상
2020013100100446,2020년 1월 31일 19시,금요일,강원도 원주시 단계동,중상사고,0,1,2,1,차대차 - 추돌,안전운전불이행,건조,맑음,단일로 - 기타,승합,남,61세,상해없음,승용,남,48세,중상
2020013100100447,2020년 1월 31일 19시,금요일,강원도 원주시 개운동,경상사고,0,0,1,0,차대차 - 정면충돌,신호위반,건조,맑음,교차로 - 교차로안,승용,남,24세,상해없음,승용,남,31세,경상
2020013100100448,2020년 1월 31일 19시,금요일,강원도 속초시 동명동,중상사고,0,2,0,0,차대사람 - 차도통행중,안전운전불이행,건조,맑음,교차로 - 교차로부근,화물,남,63세,상해없음,보행자,남,60세,중상
2020013100100502,2020년 1월 31일 21시,금요일,강원도 삼척시 남양동,경상사고,0,0,1,0,차대차 - 추돌,안전운전불이행,건조,맑음,교차로 - 교차로부근,승용,남,33세,상해없음,원동기,남,29세,경상