사고번호,사고일시,요일,시군구,사고내용,사망자수,중상자수,경상자수,부상신고자수,사고유형,법규위반,노면상태,기상상태,도로형태,가해운전자 차종,가해운전자 성별,가해운전자 연령,가해운전자 상해정도,피해운전자 차종,피해운전자 성별,피해운전자 연령,피해운전자 상해정도
2020020100100104,2020년 2월 1일 09시,토요일,강원도 원주시 귀래면,중상사고,0,2,0,0,차대차 - 측면충돌,안전운전불이행,건조,맑음,단일로 - 기타,승합,남,42세,상해없음,승용,남,49세,중상
2020020100100105,2020년 2월 1일 09시,토요일,강원도 속초시 노학동,경상사고,0,0,4,0,차대차 - 측면충돌,신호위반,건조,맑음,교차로 - 교차로안,승용,여,58세,상해없음,화물,남,41세,경상
2020020100100178,2020년 2월 1일 12시,토요일,강원도 홍천군 북방면,중상사고,0,1,0,0,차량단독 - 전도전복 - 전도,기타,건조,맑음,단일로 - 지하차도(도로)내,화물,남,57세,중상,,,,
2020020100100233,2020년 2월 1일 14시,토요일,강원도 원주시 단계동,경상사고,0,0,1,0,차대사람 - 횡단중,보행자보호의무위반,건조,맑음,교차로 - 교차로횡단보도내,승용,남,65세,상해없음,보행자,여,70세,경상
2020020100100234,2020년 2월 1일 14시,토요일,강원도 인제군 인제읍,중상사고,0,1,0,0,차대차 - 측면충돌,신호위반,건조,맑음,교차로 - 교차로부근,승용,남,76세,상해없음,이륜,남,71세,중상
2020020100100263,2020년 2월 1일 15시,토요일,강원도 원주시 단계동,경상사고,0,0,1,0,차대차 - 추돌,안전거리미확보,기타,기타,단일로 - 기타,승용,남,23세,상해없음,승용,남,21세,경상
2020020100100264,2020년 2월 1일 15시,토요일,강원도 원주시 단계동,경상사고,0,0,2,0,차대차 - 측면충돌,신호위반,건조,맑음,교차로 - 교차로안,승용,여,27세,상해없음,승용,남,46세,경상
2020020100100297,2020년 2월 1일 16시,토요일,강원도 춘천시 북산면,경상사고,0,0,2,0,차대차 - 추돌,안전거리미확보,건조,맑음,단일로 - 기타,승용,남,24세,상해없음,승용,남,50세,경상
2020020100100298,2020년 2월 1일 16시,토요일,강원도 원주시 태장동,경상사고,0,0,3,0,차대차 - 측면충돌,안전운전불이행,건조,맑음,교차로 - 교차로안,승용,남,32세,상해없음,화물,남,41세,경상
2020020100100299,2020년 2월 1일 16시,토요일,강원도 홍천군 홍천읍,경상사고,0,0,1,1,차대차 - 정면충돌,직진우회전진행방해,건조,맑음,교차로 - 교차로안,승용,남,77세,경상,승용,여,67세,부상신고
2020020100100320,2020년 2월 1일 17시,토요일,강원도 횡성군 공근면,경상사고,0,0,1,0,차대차 - 기타,안전운전불이행,건조,맑음,교차로 - 교차로안,승용,남,26세,상해없음,승용,여,49세,상해없음
2020020100100371,2020년 2월 1일 19시,토요일,강원도 철원군 동송읍,경상사고,0,0,1,0,차대사람 - 횡단중,안전운전불이행,건조,맑음,단일로 - 기타,화물,남,70세,상해없음,보행자,여,33세,경상
2020020100100419,2020년 2월 1일 21시,토요일,강원도 원주시 단계동,경상사고,0,0,1,0,차대차 - 측면충돌,안전운전불이행,건조,맑음,교차로 - 교차로안,화물,남,43세,기타불명,승용,남,60세,경상
2020020100100434,2020년 2월 1일 22시,토요일,강원도 속초시 교동,경상사고,0,0,2,0,차대차 - 측면충돌,안전운전불이행,건조,맑음,교차로 - 교차로안,승용,남,25세,상해없음,승용,남,27세,경상
2020020200100120,2020년 2월 2일 10시,일요일,강원도 동해시 발한동,경상사고,0,0,1,0,차대차 - 기타,안전거리미확보,건조,맑음,교차로 - 교차로부근,승용,남,80세,기타불명,승합,남,49세,상해없음
2020020200100138,2020년 2월 2일 11시,일요일,강원도 정선군 북평면,경상사고,0,0,1,0,차대차 - 측면충돌,안전운전불이행,건조,맑음,교차로 - 교차로안,승용,남,44세,상해없음,승용,남,32세,상해없음
2020020200100172,2020년 2월 2일 13시,일요일,강원도 속초시 청호동,경상사고,0,0,2,0,차대차 - 측면충돌,교차로운행방법위반,건조,맑음,교차로 - 교차로부근,승용,남,30세,상해없음,승용,여,61세,경상
2020020200100198,2020년 2월 2일 14시,일요일,강원도 춘천시 소양로2가,경상사고,0,0,1,0,차대차 - 측면충돌,직진우회전진행방해,건조,맑음,교차로 - 교차로안,승용,남,63세,상해없음,이륜,남,25세,경상
2020020200100223,2020년 2월 2일 15시,일요일,강원도 원주시 개운동,경상사고,0,0,2,0,차대차 - 기타,안전거리미확보,건조,맑음,기타 - 기타,승용,여,38세,상해없음,승용,남,67세,경상
2020020200100297,2020년 2월 2일 18시,일요일,강원도 원주시 인동,경상사고,0,0,2,0,차대차 - 측면충돌,교차로운행방법위반,건조,맑음,교차로 - 교차로안,승용,남,72세,상해없음,승용,남,31세,경상
2020020300100027,2020년 2월 3일 06시,월요일,강원도 춘천시 죽림동,중상사고,0,1,0,0,차대사람 - 기타,안전운전불이행,건조,맑음,교차로 - 교차로부근,승용,남,40세,상해없음,보행자,여,80세,중상
2020020300100149,2020년 2월 3일 10시,월요일,강원도 춘천시 조양동,중상사고,0,1,0,1,차대차 - 측면충돌,안전운전불이행,건조,맑음,교차로 - 교차로안,승용,여,47세,부상신고,승용,여,37세,중상
2020020300100150,2020년 2월 3일 10시,월요일,강원도 원주시 단구동,중상사고,0,1,0,0,차대차 - 추돌,직진우회전진행방해,건조,맑음,교차로 - 교차로안,승용,남,37세,상해없음,이륜,남,30세,중상
2020020300100151,2020년 2월 3일 10시,월요일,강원도 원주시 행구동,경상사고,0,0,1,0,차대차 - 추돌,기타,건조,맑음,단일로 - 기타,화물,남,49세,상해없음,화물,남,57세,경상
2020020300100152,2020년 2월 3일 10시,월요일,강원도 정선군 임계면,경상사고,0,0,1,0,차대차 - 측면충돌,중앙선침범,적설,흐림,단일로 - 기타,승용,여,27세,상해없음,승용,남,69세,경상
2020020300100195,2020년 2월 3일 11시,월요일,강원도 속초시 동명동,경상사고,0,0,1,0,차대차 - 측면충돌,교차로운행방법위반,건조,맑음,교차로 - 교차로안,승용,남,35세,상해없음,승용,남,71세,경상
2020020300100196,2020년 2월 3일 11시,월요일,강원도 평창군 대관령면,중상사고,0,1,0,0,차량단독 - 전도전복 - 전도,안전운전불이행,건조,맑음,교차로 - 교차로안,사륜오토바이(ATV),남,18세,상해없음,,,,
2020020300100238,2020년 2월 3일 12시,월요일,강원도 춘천시 석사동,경상사고,0,0,1,0,차대차 - 측면충돌,교차로운행방법위반,건조,맑음,교차로 - 교차로안,승용,남,73세,상해없음,승용,여,48세,경상
2020020300100239,2020년 2월 3일 12시,월요일,강원도 인제군 인제읍,중상사고,0,1,0,0,차대차 - 측면충돌,안전운전불이행,건조,맑음,교차로 - 교차로안,승용,여,24세,상해없음,승용,남,45세,중상
2020020300100240,2020년 2월 3일 12시,월요일,강원도 동해시 묵호진동,중상사고,0,1,0,0,차대사람 - 횡단중,보행자보호의무위반,건조,맑음,단일로 - 기타,승용,남,63세,상해없음,보행자,여,59세,중상
2020020300100277,2020년 2월 3일 13시,월요일,강원도 원주시 문막읍,경상사고,0,0,1,0,차대차 - 측면충돌,중앙선침범,건조,맑음,단일로 - 기타,승용,남,62세,상해없음,승용,남,70세,경상
2020020300100278,2020년 2월 3일 13시,월요일,강원도 원주시 단계동,사망사고,1,1,0,0,차량단독 - 전도전복 - 전도,안전운전불이행,건조,맑음,단일로 - 기타,이륜,남,23세,사망,,,,
2020020300100279,2020년 2월 3일 13시,월요일,강원도 원주시 단구동,경상사고,0,0,1,0,차대차 - 정면충돌,안전운전불이행,건조,맑음,교차로 - 교차로부근,승용,여,41세,상해없음,승합,여,50세,경상
2020020300100349,2020년 2월 3일 15시,월요일,강원도 강릉시 임당동,경상사고,0,0,1,0,차대차 - 정면충돌,안전운전불이행,건조,맑음,교차로 - 교차로안,승용,남,24세,상해없음,원동기,남,56세,경상
2020020300100381,2020년 2월 3일 16시,월요일,강원도 원주시 단계동,경상사고,0,0,1,0,차대차 - 측면충돌,안전거리미확보,건조,맑음,단일로 - 기타,승용,여,60세,상해없음,승용,남,30세,경상
2020020300100407,2020년 2월 3일 17시,월요일,강원도 춘천시 온의동,경상사고,0,0,3,0,차대차 - 측면충돌,안전거리미확보,건조,맑음,교차로 - 교차로부근,승용,남,31세,상해없음,승합,남,54세,경상
2020020300100408,2020년 2월 3일 17시,월요일,강원도 원주시 관설동,경상사고,0,0,1,0,차대차 - 측면충돌,안전운전불이행,건조,맑음,단일로 - 지하차도(도로)내,승용,여,31세,상해없음,이륜,남,36세,경상
2020020300100452,2020년 2월 3일 18시,월요일,강원도 강릉시 홍제동,중상사고,0,1,0,0,차대사람 - 횡단중,신호위반,건조,맑음,교차로 - 교차로횡단보도내,승용,남,60세,상해없음,보행자,남,63세,중상
2020020300100453,2020년 2월 3일 18시,월요일,강원도 원주시 지정면,경상사고,0,0,1,0,차대차 - 측면충돌,안전운전불이행,건조,맑음,단일로 - 기타,승용,여,52세,상해없음,승용,남,46세,경상
2020020300100454,2020년 2월 3일 18시,월요일,강원도 원주시 반곡동,경상사고,0,0,1,0,차대차 - 측면충돌,안전운전불이행,건조,맑음,단일로 - 기타,승용,여,44세,상해없음,승용,남,67세,경상
2020020400100006,2020년 2월 4일 00시,화요일,강원도 춘천시 효자동,경상사고,0,0,1,0,차대차 - 추돌,안전운전불이행,건조,맑음,교차로 - 교차로부근,화물,남,36세,상해없음,승용,여,40세,경상
2020020400100102,2020년 2월 4일 08시,화요일,강원도 동해시 천곡동,경상사고,0,0,1,0,차대차 - 기타,교차로운행방법위반,건조,맑음,교차로 - 교차로안,승합,남,66세,상해없음,승용,여,26세,경상
2020020400100163,2020년 2월 4일 10시,화요일,강원도 강릉시 옥천동,경상사고,0,0,1,0,차대차 - 측면충돌,안전운전불이행,건조,맑음,교차로 - 교차로부근,승용,남,67세,상해없음,승용,여,47세,경상
2020020400100164,2020년 2월 4일 10시,화요일,강원도 양양군 현남면,경상사고,0,0,1,0,차대차 - 측면충돌,직진우회전진행방해,건조,맑음,교차로 - 교차로안,화물,남,76세,상해없음,승용,남,71세,경상
2020020400100285,2020년 2월 4일 14시,화요일,강원도 춘천시 퇴계동,경상사고,0,0,1,0,차대사람 - 기타,안전운전불이행,건조,맑음,기타 - 기타,승용,여,62세,상해없음,보행자,여,77세,경상
2020020400100286,2020년 2월 4일 14시,화요일,강원도 고성군 토성면,부상신고사고,0,0,0,3,차대차 - 후진중충돌,중앙선침범,건조,맑음,단일로 - 기타,화물,남,53세,상해없음,승용,남,34세,부상신고
2020020400100320,2020년 2월 4일 15시,화요일,강원도 춘천시 중앙로3가,경상사고,0,0,1,1,차대차 - 측면충돌,안전운전불이행,건조,맑음,교차로 - 교차로안,승용,여,73세,부상신고,승용,남,50세,경상
2020020400100321,2020년 2월 4일 15시,화요일,강원도 강릉시 입암동,경상사고,0,0,2,0,차대차 - 측면충돌,신호위반,건조,맑음,교차로 - 교차로부근,승용,남,45세,상해없음,승용,여,55세,경상
2020020400100322,2020년 2월 4일 15시,화요일,강원도 원주시 태장동,중상사고,0,1,0,0,차대차 - 측면충돌,안전운전불이행,건조,맑음,교차로 - 교차로부근,승용,남,45세,상해없음,자전거,남,83세,중상
2020020400100354,2020년 2월 4일 16시,화요일,강원도 춘천시 석사동,경상사고,0,0,1,0,차대사람 - 기타,안전운전불이행,적설,흐림,단일로 - 기타,승용,남,25세,상해없음,보행자,여,20세,경상
2020020400100395,2020년 2월 4일 17시,화요일,강원도 홍천군 동면,경상사고,0,0,2,0,차대차 - 정면충돌,중앙선침범,건조,맑음,단일로 - 기타,화물,남,71세,상해없음,화물,여,62세,경상
2020020400100455,2020년 2월 4일 18시,화요일,강원도 원주시 무실동,경상사고,0,0,1,0,차대차 - 후진중충돌,안전거리미확보,건조,맑음,단일로 - 기타,승용,남,43세,상해없음,승용,남,20세,경상
2020020400100514,2020년 2월 4일 19시,화요일,강원도 강릉시 교동,경상사고,0,0,1,0,차대사람 - 기타,안전운전불이행,건조,맑음,교차로 - 교차로안,승용,여,54세,상해없음,보행자,여,16세,경상
2020020400100515,2020년 2월 4일 19시,화요일,강원도 원주시 태장동,경상사고,0,0,1,0,차대차 - 측면충돌,안전운전불이행,건조,맑음,교차로 - 교차로부근,건설기계,남,46세,상해없음,승용,여,48세,경상
2020020400100516,2020년 2월 4일 19시,화요일,강원도 원주시 명륜동,경상사고,0,0,1,0,차대차 - 측면충돌,안전운전불이행,건조,맑음,단일로 - 기타,승용,남,56세,상해없음,화물,남,44세,경상
2020020400100555,2020년 2월 4일 20시,화요일,강원도 춘천시 효자동,경상사고,0,0,2,0,차대차 - 측면충돌,안전운전불이행,젖음/습기,눈,교차로 - 교차로안,승용,여,60세,상해없음,승용,남,57세,경상
2020020400100556,2020년 2월 4일 20시,화요일,강원도 삼척시 당저동,경상사고,0,0,1,0,차대사람 - 횡단중,보행자보호의무위반,건조,맑음,교차로 - 교차로횡단보도내,승용,여,49세,상해없음,보행자,남,41세,경상
2020020400100622,2020년 2월 4일 22시,화요일,강원도 원주시 관설동,경상사고,0,0,1,0,차대차 - 추돌,직진우회전진행방해,젖음/습기,비,교차로 - 교차로안,이륜,남,59세,경상,승용,남,59세,상해없음
2020020400100646,2020년 2월 4일 23시,화요일,강원도 태백시 황지동,경상사고,0,0,2,0,차대차 - 측면충돌,안전운전불이행,건조,흐림,교차로 - 교차로안,승용,남,50세,기타불명,승합,남,57세,경상
2020020500100007,2020년 2월 5일 00시,수요일,강원도 춘천시 운교동,중상사고,0,1,0,0,차대사람 - 횡단중,보행자보호의무위반,건조,맑음,단일로 - 기타,승용,여,59세,상해없음,보행자,남,51세,중상
2020020500100064,2020년 2월 5일 06시,수요일,강원도 춘천시 우두동,경상사고,0,0,1,0,차대사람 - 기타,안전운전불이행,건조,맑음,교차로 - 교차로안,승용,여,55세,상해없음,보행자,남,57세,경상
2020020500100080,2020년 2월 5일 07시,수요일,강원도 삼척시 교동,경상사고,0,0,2,0,차대차 - 추돌,안전운전불이행,건조,맑음,교차로 - 교차로부근,승용,남,39세,상해없음,승용,남,65세,경상
2020020500100108,2020년 2월 5일 08시,수요일,강원도 원주시 단계동,경상사고,0,0,1,0,차대차 - 측면충돌,안전운전불이행,서리/결빙,맑음,교차로 - 교차로안,승용,남,34세,상해없음,승용,여,45세,경상
2020020500100182,2020년 2월 5일 10시,수요일,강원도 원주시 우산동,경상사고,0,0,1,0,차대차 - 추돌,안전거리미확보,건조,맑음,교차로 - 교차로부근,승용,남,50세,상해없음,승용,남,41세,경상
2020020500100183,2020년 2월 5일 10시,수요일,강원도 속초시 교동,경상사고,0,0,1,0,차대차 - 후진중충돌,신호위반,건조,맑음,교차로 - 교차로부근,승용,남,69세,상해없음,승합,남,60세,경상
2020020500100218,2020년 2월 5일 11시,수요일,강원도 춘천시 우두동,경상사고,0,0,1,0,차대차 - 기타,안전운전불이행,건조,맑음,단일로 - 기타,승용,남,43세,상해없음,이륜,남,27세,경상
2020020500100252,2020년 2월 5일 12시,수요일,강원도 영월군 북면,경상사고,0,0,3,0,차대차 - 측면충돌,교차로운행방법위반,건조,맑음,교차로 - 교차로안,승용,여,45세,상해없음,승용,남,80세,경상
2020020500100253,2020년 2월 5일 12시,수요일,강원도 동해시 쇄운동,경상사고,0,0,1,0,차대차 - 정면충돌,안전운전불이행,건조,맑음,단일로 - 기타,승합,남,58세,상해없음,승용,여,34세,경상
2020020500100315,2020년 2월 5일 14시,수요일,강원도 태백시 황지동,경상사고,0,0,2,0,차대차 - 측면충돌,교차로운행방법위반,건조,맑음,교차로 - 교차로안,승용,여,58세,상해없음,승용,여,63세,경상
2020020500100394,2020년 2월 5일 16시,수요일,강원도 원주시 중앙동,경상사고,0,0,1,0,차대사람 - 보도통행중,안전운전불이행,건조,맑음,기타 - 기타,승용,여,52세,상해없음,보행자,여,74세,경상
2020020500100433,2020년 2월 5일 17시,수요일,강원도 강릉시 교동,경상사고,0,0,1,0,차대차 - 측면충돌,안전운전불이행,건조,맑음,단일로 - 기타,승용,남,18세,상해없음,승합,남,42세,경상
2020020500100475,2020년 2월 5일 18시,수요일,강원도 춘천시 신동면,경상사고,0,0,2,0,차대차 - 추돌,안전운전불이행,건조,맑음,교차로 - 교차로부근,승용,여,51세,상해없음,승용,남,48세,경상
2020020500100476,2020년 2월 5일 18시,수요일,강원도 춘천시 후평동,경상사고,0,0,1,0,차대차 - 추돌,안전운전불이행,건조,맑음,단일로 - 기타,승용,남,72세,상해없음,승용,여,62세,경상
2020020500100618,2020년 2월 5일 21시,수요일,강원도 강릉시 교동,경상사고,0,0,2,0,차대차 - 측면충돌,신호위반,건조,맑음,교차로 - 교차로안,승용,남,25세,상해없음,승용,남,55세,경상
2020020500100619,2020년 2월 5일 21시,수요일,강원도 원주시 지정면,경상사고,0,0,1,0,차대차 - 측면충돌,안전운전불이행,건조,맑음,단일로 - 기타,승용,남,30세,상해없음,승용,남,38세,경상
2020020600100024,2020년 2월 6일 01시,목요일,강원도 강릉시 교동,경상사고,0,0,1,0,차대차 - 측면충돌,안전운전불이행,건조,맑음,단일로 - 기타,승용,남,25세,상해없음,승용,여,25세,경상
2020020600100055,2020년 2월 6일 05시,목요일,강원도 속초시 교동,중상사고,0,1,0,0,차대사람 - 횡단중,보행자보호의무위반,건조,맑음,교차로 - 교차로횡단보도내,승용,남,63세,상해없음,보행자,여,76세,중상
2020020600100069,2020년 2월 6일 06시,목요일,강원도 춘천시 근화동,경상사고,0,0,1,0,차대차 - 측면충돌,안전거리미확보,건조,맑음,교차로 - 교차로부근,승용,남,21세,상해없음,승용,남,54세,경상
2020020600100229,2020년 2월 6일 11시,목요일,강원도 춘천시 후평동,경상사고,0,0,1,0,차대차 - 기타,차로위반,건조,맑음,단일로 - 기타,승용,남,40세,상해없음,승용,여,25세,경상
2020020600100267,2020년 2월 6일 12시,목요일,강원도 춘천시 사농동,경상사고,0,0,1,1,차대차 - 기타,안전거리미확보,건조,맑음,단일로 - 기타,승용,남,73세,부상신고,화물,남,63세,경상
2020020600100268,2020년 2월 6일 12시,목요일,강원도 원주시 단구동,경상사고,0,0,1,0,차대차 - 정면충돌,안전운전불이행,기타,기타,기타 - 기타,승용,남,51세,상해없음,승용,남,35세,경상
2020020600100298,2020년 2월 6일 13시,목요일,강원도 춘천시 서면,경상사고,0,0,2,0,차대차 - 추돌,안전운전불이행,건조,맑음,단일로 - 기타,승용,남,81세,상해없음,승용,남,62세,경상
2020020600100299,2020년 2월 6일 13시,목요일,강원도 원주시 관설동,중상사고,0,2,0,0,차대사람 - 횡단중,보행자보호의무위반,건조,맑음,단일로 - 기타,승용,남,75세,기타불명,보행자,여,30세,중상
2020020600100332,2020년 2월 6일 14시,목요일,강원도 속초시 교동,경상사고,0,0,1,0,차대차 - 측면충돌,안전운전불이행,건조,맑음,교차로 - 교차로부근,이륜,남,26세,상해없음,이륜,남,29세,경상
2020020600100370,2020년 2월 6일 15시,목요일,강원도 삼척시 남양동,경상사고,0,0,1,0,차대차 - 추돌,안전운전불이행,적설,맑음,단일로 - 기타,승합,남,45세,상해없음,승용,남,62세,경상
2020020600100430,2020년 2월 6일 17시,목요일,강원도 강릉시 교동,경상사고,0,0,1,0,차대차 - 측면충돌,교차로운행방법위반,건조,맑음,교차로 - 교차로안,승용,여,58세,상해없음,승용,여,25세,경상
2020020600100464,2020년 2월 6일 18시,목요일,강원도 원주시 개운동,중상사고,0,1,0,0,차대차 - 측면충돌,안전운전불이행,건조,기타,기타 - 기타,승용,남,27세,상해없음,이륜,남,46세,중상
2020020600100516,2020년 2월 6일 19시,목요일,강원도 강릉시 주문진읍,경상사고,0,0,1,0,차대차 - 측면충돌,안전운전불이행,건조,맑음,교차로 - 교차로부근,승용,남,76세,상해없음,승용,여,47세,경상
2020020600100517,2020년 2월 6일 19시,목요일,강원도 원주시 원동,경상사고,0,0,1,0,차대차 - 측면충돌,안전운전불이행,건조,맑음,단일로 - 기타,승용,남,33세,상해없음,원동기,남,21세,경상
2020020600100518,2020년 2월 6일 19시,목요일,강원도 원주시 단계동,경상사고,0,0,1,0,차대차 - 기타,교차로운행방법위반,건조,맑음,교차로 - 교차로부근,승용,남,68세,상해없음,이륜,남,39세,경상
2020020600100546,2020년 2월 6일 20시,목요일,강원도 홍천군 홍천읍,경상사고,0,0,1,1,차대차 - 측면충돌,신호위반,건조,맑음,교차로 - 교차로안,승용,남,59세,부상신고,승합,여,43세,경상
2020020600100579,2020년 2월 6일 21시,목요일,강원도 강릉시 노암동,경상사고,0,0,3,0,차대차 - 추돌,안전운전불이행,건조,맑음,교차로 - 교차로부근,승용,남,21세,기타불명,승용,남,36세,경상
2020020600100580,2020년 2월 6일 21시,목요일,강원도 원주시 개운동,경상사고,0,0,1,0,차대사람 - 기타,안전운전불이행,건조,맑음,단일로 - 기타,승용,남,25세,기타불명,보행자,남,49세,경상
2020020600100610,2020년 2월 6일 22시,목요일,강원도 강릉시 교동,경상사고,0,0,2,0,차대차 - 측면충돌,안전운전불이행,건조,맑음,교차로 - 교차로안,승용,남,43세,상해없음,승용,남,40세,경상
2020020700100119,2020년 2월 7일 08시,금요일,강원도 원주시 우산동,경상사고,0,0,1,0,차대차 - 정면충돌,신호위반,건조,맑음,교차로 - 교차로안,화물,남,61세,상해없음,승용,여,38세,경상
2020020700100193,2020년 2월 7일 10시,금요일,강원도 원주시 일산동,중상사고,0,1,0,0,차대차 - 추돌,안전운전불이행,건조,맑음,교차로 - 교차로안,승용,남,78세,상해없음,승용,여,58세,중상
2020020700100194,2020년 2월 7일 10시,금요일,강원도 원주시 태장동,경상사고,0,0,1,0,차대차 - 측면충돌,안전운전불이행,건조,맑음,단일로 - 기타,승용,남,74세,상해없음,승용,여,65세,경상
2020020700100217,2020년 2월 7일 11시,금요일,강원도 횡성군 횡성읍,경상사고,0,0,1,0,차대차 - 측면충돌,신호위반,건조,맑음,교차로 - 교차로안,화물,남,53세,상해없음,승용,여,51세,경상
2020020700100218,2020년 2월 7일 11시,금요일,강원도 양구군 남면,중상사고,0,1,1,0,차대차 - 측면충돌,안전거리미확보,건조,맑음,단일로 - 기타,화물,남,65세,경상,화물,남,58세,중상
2020020700100253,2020년 2월 7일 12시,금요일,강원도 춘천시 석사동,경상사고,0,0,1,0,차대사람 - 횡단중,보행자보호의무위반,건조,맑음,교차로 - 교차로안,승합,남,33세,상해없음,보행자,여,33세,경상
2020020700100254,2020년 2월 7일 12시,금요일,강원도 강릉시 포남동,경상사고,0,0,1,0,차대차 - 기타,안전운전불이행,건조,맑음,교차로 - 교차로안,승용,여,45세,상해없음,승용,여,33세,경상
2020020700100255,2020년 2월 7일 12시,금요일,강원도 홍천군 홍천읍,경상사고,0,0,1,0,차대차 - 정면충돌,안전운전불이행,건조,맑음,단일로 - 지하차도(도로)내,승용,여,63세,상해없음,승용,여,56세,경상
2020020700100355,2020년 2월 7일 15시,금요일,강원도 홍천군 서면,경상사고,0,0,2,0,차대차 - 정면충돌,중앙선침범,건조,맑음,단일로 - 지하차도(도로)내,승용,남,23세,경상,승용,남,23세,상해없음
2020020700100356,2020년 2월 7일 15시,금요일,강원도 태백시 황지동,경상사고,0,0,2,0,차대차 - 측면충돌,기타,건조,맑음,교차로 - 교차로안,승용,남,55세,상해없음,승용,여,68세,경상
2020020700100357,2020년 2월 7일 15시,금요일,강원도 정선군 사북읍,경상사고,0,0,2,0,차대차 - 측면충돌,안전운전불이행,건조,맑음,단일로 - 기타,승용,남,74세,경상,건설기계,남,48세,경상
2020020700100435,2020년 2월 7일 17시,금요일,강원도 화천군 상서면,중상사고,0,1,0,0,차대차 - 측면충돌,중앙선침범,서리/결빙,맑음,단일로 - 기타,승합,남,53세,상해없음,화물,남,49세,중상
2020020700100481,2020년 2월 7일 18시,금요일,강원도 강릉시 홍제동,경상사고,0,0,1,0,차대차 - 측면충돌,안전운전불이행,건조,맑음,교차로 - 교차로안,승용,남,30세,상해없음,승용,남,59세,경상
2020020700100482,2020년 2월 7일 18시,금요일,강원도 원주시 단구동,경상사고,0,0,1,0,차대차 - 추돌,안전운전불이행,건조,맑음,교차로 - 교차로부근,화물,남,61세,상해없음,이륜,남,38세,경상
2020020700100549,2020년 2월 7일 19시,금요일,강원도 춘천시 중앙로2가,경상사고,0,0,1,0,차대차 - 측면충돌,중앙선침범,건조,맑음,교차로 - 교차로부근,승용,남,64세,상해없음,승합,남,55세,경상
2020020700100550,2020년 2월 7일 19시,금요일,강원도 원주시 단계동,경상사고,0,0,1,0,차대차 - 측면충돌,안전거리미확보,건조,맑음,교차로 - 교차로부근,화물,남,71세,상해없음,승용,남,37세,경상
2020020700100599,2020년 2월 7일 20시,금요일,강원도 춘천시 효자동,경상사고,0,0,2,0,차대차 - 추돌,안전운전불이행,건조,맑음,교차로 - 교차로부근,승용,남,30세,상해없음,승용,남,22세,경상
2020020700100600,2020년 2월 7일 20시,금요일,강원도 동해시 평릉동,경상사고,0,0,3,0,차대차 - 측면충돌,교차로운행방법위반,건조,맑음,교차로 - 교차로안,승용,여,56세,상해없음,승용,남,50세,경상
2020020700100707,2020년 2월 7일 23시,금요일,강원도 원주시 단계동,경상사고,0,0,1,0,차대차 - 추돌,안전운전불이행,건조,맑음,단일로 - 기타,승합,남,47세,상해없음,승용,남,27세,경상
2020020800100125,2020년 2월 8일 08시,토요일,강원도 원주시 단계동,경상사고,0,0,1,0,차대차 - 추돌,안전거리미확보,건조,맑음,단일로 - 기타,승용,여,47세,상해없음,승합,남,62세,상해없음
2020020800100144,2020년 2월 8일 09시,토요일,강원도 정선군 임계면,경상사고,0,0,1,0,차대차 - 측면충돌,기타,건조,맑음,교차로 - 교차로안,승용,남,42세,상해없음,승용,여,58세,경상
2020020800100189,2020년 2월 8일 11시,토요일,강원도 춘천시 소양로4가,경상사고,0,0,1,0,차대차 - 측면충돌,교차로운행방법위반,건조,맑음,교차로 - 교차로안,승용,남,63세,상해없음,이륜,남,66세,경상
2020020800100223,2020년 2월 8일 12시,토요일,강원도 평창군 평창읍,중상사고,0,1,0,0,차량단독 - 공작물충돌,안전운전불이행,건조,맑음,교차로 - 교차로부근,화물,남,54세,중상,,,,
2020020800100250,2020년 2월 8일 13시,토요일,강원도 고성군 거진읍,중상사고,0,1,0,0,차대사람 - 기타,안전운전불이행,건조,맑음,기타 - 기타,화물,남,73세,상해없음,보행자,여,75세,중상
2020020800100276,2020년 2월 8일 14시,토요일,강원도 춘천시 온의동,경상사고,0,0,1,0,차대차 - 기타,안전운전불이행,건조,맑음,교차로 - 교차로안,화물,남,70세,상해없음,승용,남,53세,경상
2020020800100310,2020년 2월 8일 15시,토요일,강원도 춘천시 사농동,경상사고,0,0,1,0,차대차 - 측면충돌,신호위반,건조,맑음,교차로 - 교차로안,화물,남,73세,상해없음,승용,남,51세,경상
2020020800100337,2020년 2월 8일 16시,토요일,강원도 속초시 중앙동,경상사고,0,0,1,0,차대사람 - 차도통행중,안전운전불이행,건조,맑음,단일로 - 고가도로위,승용,남,60세,상해없음,보행자,남,36세,경상
2020020800100338,2020년 2월 8일 16시,토요일,강원도 평창군 대관령면,경상사고,0,0,1,0,차대차 - 측면충돌,안전운전불이행,건조,맑음,단일로 - 기타,승용,남,67세,상해없음,승용,남,37세,경상
2020020800100368,2020년 2월 8일 17시,토요일,강원도 춘천시 퇴계동,경상사고,0,0,1,0,차대차 - 후진중충돌,안전운전불이행,건조,맑음,단일로 - 기타,승용,남,45세,상해없음,승용,여,35세,경상
2020020800100369,2020년 2월 8일 17시,토요일,강원도 동해시 묵호진동,경상사고,0,0,1,0,차대사람 - 기타,안전운전불이행,건조,맑음,단일로 - 기타,이륜,남,55세,상해없음,보행자,여,34세,경상