사고번호,사고일시,요일,시군구,사고내용,사망자수,중상자수,경상자수,부상신고자수,사고유형,법규위반,노면상태,기상상태,도로형태,가해운전자 차종,가해운전자 성별,가해운전자 연령,가해운전자 상해정도,피해운전자 차종,피해운전자 성별,피해운전자 연령,피해운전자 상해정도
2020022900100227,2020년 2월 29일 15시,토요일,강원도 춘천시 퇴계동,경상사고,0,0,1,0,차대차 - 추돌,안전운전불이행,건조,맑음,단일로 - 기타,승용,남,39세,상해없음,승용,남,47세,경상
2020022900100228,2020년 2월 29일 15시,토요일,강원도 원주시 단계동,경상사고,0,0,1,0,차대차 - 기타,안전운전불이행,건조,맑음,단일로 - 기타,승용,남,29세,상해없음,자전거,남,54세,경상
2020022900100252,2020년 2월 29일 16시,토요일,강원도 춘천시 동면,경상사고,0,0,1,0,차대차 - 기타,안전운전불이행,건조,맑음,단일로 - 기타,승용,여,48세,상해없음,자전거,여,60세,경상
2020022900100253,2020년 2월 29일 16시,토요일,강원도 홍천군 홍천읍,경상사고,0,0,1,0,차대사람 - 횡단중,보행자보호의무위반,건조,맑음,교차로 - 교차로횡단보도내,이륜,남,18세,상해없음,보행자,여,53세,경상
2020022900100254,2020년 2월 29일 16시,토요일,강원도 홍천군 홍천읍,중상사고,0,1,4,0,차대차 - 측면충돌,교차로운행방법위반,건조,맑음,교차로 - 교차로안,승용,여,28세,중상,승용,남,24세,경상
2020022900100272,2020년 2월 29일 17시,토요일,강원도 원주시 단계동,경상사고,0,0,1,1,차대차 - 추돌,안전운전불이행,건조,맑음,교차로 - 교차로부근,승용,남,55세,상해없음,승용,남,42세,부상신고
2020030100100077,2020년 3월 1일 11시,일요일,강원도 강릉시 옥천동,경상사고,0,0,1,0,차대차 - 측면충돌,안전운전불이행,건조,맑음,단일로 - 기타,승용,남,44세,상해없음,이륜,남,41세,경상
2020030100100078,2020년 3월 1일 11시,일요일,강원도 원주시 단구동,경상사고,0,0,1,0,차대사람 - 기타,안전운전불이행,건조,맑음,주차장 - 주차장,승용,남,57세,상해없음,보행자,남,44세,경상
2020030100100148,2020년 3월 1일 15시,일요일,강원도 춘천시 온의동,경상사고,0,0,1,0,차대차 - 측면충돌,안전거리미확보,건조,맑음,단일로 - 기타,승용,남,55세,상해없음,승용,여,24세,경상
2020030100100149,2020년 3월 1일 15시,일요일,강원도 춘천시 운교동,경상사고,0,0,1,0,차대차 - 측면충돌,교차로운행방법위반,건조,맑음,교차로 - 교차로안,승용,남,74세,상해없음,승용,남,37세,상해없음
2020030100100202,2020년 3월 1일 18시,일요일,강원도 원주시 태장동,경상사고,0,0,1,0,차대차 - 기타,안전거리미확보,건조,맑음,교차로 - 교차로안,승용,남,69세,상해없음,승용,여,31세,경상
2020030100100222,2020년 3월 1일 19시,일요일,강원도 홍천군 서석면,중상사고,0,1,0,0,차대차 - 추돌,안전운전불이행,젖음/습기,비,단일로 - 기타,이륜,남,76세,중상,승용,남,46세,기타불명
2020030100100242,2020년 3월 1일 20시,일요일,강원도 속초시 교동,경상사고,0,0,1,0,차대차 - 측면충돌,안전운전불이행,건조,맑음,단일로 - 기타,승용,남,69세,상해없음,이륜,남,31세,경상
2020030100100243,2020년 3월 1일 20시,일요일,강원도 속초시 조양동,경상사고,0,0,1,0,차대차 - 추돌,안전운전불이행,젖음/습기,비,교차로 - 교차로부근,화물,남,71세,상해없음,승용,남,28세,경상
2020030200100055,2020년 3월 2일 07시,월요일,강원도 원주시 단계동,경상사고,0,0,1,0,차대차 - 측면충돌,안전운전불이행,건조,맑음,교차로 - 교차로안,승용,남,54세,상해없음,승용,남,45세,경상
2020030200100077,2020년 3월 2일 08시,월요일,강원도 춘천시 후평동,경상사고,0,0,2,0,차대차 - 기타,안전거리미확보,건조,맑음,단일로 - 기타,승용,남,30세,상해없음,승용,남,50세,경상
2020030200100101,2020년 3월 2일 09시,월요일,강원도 속초시 금호동,중상사고,0,1,0,0,차대차 - 추돌,안전운전불이행,건조,맑음,단일로 - 지하차도(도로)내,화물,남,74세,상해없음,승용,여,65세,중상
2020030200100125,2020년 3월 2일 10시,월요일,강원도 춘천시 동내면,경상사고,0,0,2,0,차대차 - 측면충돌,기타,건조,맑음,단일로 - 기타,화물,남,40세,상해없음,승용,남,29세,경상
2020030200100126,2020년 3월 2일 10시,월요일,강원도 원주시 단계동,경상사고,0,0,2,0,차대차 - 추돌,직진우회전진행방해,건조,맑음,교차로 - 교차로안,승용,여,26세,상해없음,승용,남,25세,경상
2020030200100127,2020년 3월 2일 10시,월요일,강원도 삼척시 도계읍,경상사고,0,0,1,0,차량단독 - 공작물충돌,안전운전불이행,건조,맑음,단일로 - 기타,승용,남,55세,경상,,,,
2020030200100128,2020년 3월 2일 10시,월요일,강원도 영월군 영월읍,중상사고,0,2,0,0,차대차 - 측면충돌,과속,건조,맑음,단일로 - 터널,승용,남,70세,중상,승용,남,63세,중상
2020030200100150,2020년 3월 2일 11시,월요일,강원도 춘천시 중앙로3가,경상사고,0,0,1,0,차대차 - 기타,안전운전불이행,건조,맑음,교차로 - 교차로부근,이륜,여,60세,경상,승용,남,57세,상해없음
2020030200100151,2020년 3월 2일 11시,월요일,강원도 정선군 정선읍,중상사고,0,2,0,0,차량단독 - 공작물충돌,과속,건조,맑음,단일로 - 기타,승용,남,69세,상해없음,,,,
2020030200100209,2020년 3월 2일 13시,월요일,강원도 원주시 반곡동,경상사고,0,0,3,0,차대차 - 추돌,안전운전불이행,건조,맑음,교차로 - 교차로안,승용,여,46세,상해없음,승용,남,26세,경상
2020030200100227,2020년 3월 2일 14시,월요일,강원도 삼척시 남양동,경상사고,0,0,1,0,차대차 - 측면충돌,안전운전불이행,건조,맑음,교차로 - 교차로부근,승용,여,48세,상해없음,승용,여,52세,경상
2020030200100228,2020년 3월 2일 14시,월요일,강원도 영월군 영월읍,중상사고,0,1,0,0,차대차 - 측면충돌,교차로운행방법위반,건조,맑음,교차로 - 교차로안,승용,남,51세,상해없음,승용,남,18세,중상
2020030200100255,2020년 3월 2일 15시,월요일,강원도 강릉시 주문진읍,경상사고,0,0,1,0,차대차 - 기타,안전운전불이행,건조,맑음,교차로 - 교차로부근,승용,남,70세,상해없음,승용,여,38세,경상
2020030200100309,2020년 3월 2일 17시,월요일,강원도 삼척시 근덕면,경상사고,0,0,1,0,차량단독 - 공작물충돌,안전운전불이행,건조,맑음,단일로 - 기타,승용,여,53세,경상,,,,
2020030200100375,2020년 3월 2일 19시,월요일,강원도 원주시 무실동,경상사고,0,0,1,0,차대차 - 추돌,신호위반,건조,맑음,교차로 - 교차로안,승용,남,58세,상해없음,이륜,남,25세,경상
2020030200100376,2020년 3월 2일 19시,월요일,강원도 철원군 동송읍,경상사고,0,0,1,0,차대차 - 기타,안전운전불이행,건조,맑음,교차로 - 교차로안,자전거,남,39세,경상,승용,남,75세,상해없음
2020030200100422,2020년 3월 2일 21시,월요일,강원도 강릉시 포남동,경상사고,0,0,2,0,차대차 - 추돌,안전운전불이행,젖음/습기,흐림,교차로 - 교차로부근,승용,남,34세,상해없음,승용,남,48세,경상
2020030200100423,2020년 3월 2일 21시,월요일,강원도 속초시 동명동,경상사고,0,0,1,0,차대차 - 후진중충돌,안전운전불이행,젖음/습기,비,단일로 - 기타,승용,남,66세,상해없음,화물,여,43세,경상
2020030200100437,2020년 3월 2일 22시,월요일,강원도 홍천군 북방면,부상신고사고,0,0,0,1,차량단독 - 전도전복 - 전도,안전운전불이행,건조,맑음,단일로 - 지하차도(도로)내,승용,남,41세,부상신고,,,,
2020030300100007,2020년 3월 3일 00시,화요일,강원도 강릉시 사천면,중상사고,0,1,0,0,차대차 - 측면충돌,안전운전불이행,건조,맑음,단일로 - 기타,승용,남,26세,상해없음,승용,남,43세,중상
2020030300100049,2020년 3월 3일 06시,화요일,강원도 강릉시 주문진읍,경상사고,0,0,1,0,차대사람 - 기타,안전운전불이행,건조,맑음,주차장 - 주차장,화물,남,67세,상해없음,보행자,남,79세,경상
2020030300100126,2020년 3월 3일 10시,화요일,강원도 춘천시 사농동,경상사고,0,0,1,0,차대차 - 측면충돌,기타,건조,맑음,교차로 - 교차로안,승용,여,54세,상해없음,승용,여,36세,경상
2020030300100141,2020년 3월 3일 11시,화요일,강원도 고성군 토성면,경상사고,0,0,1,0,차대사람 - 기타,안전운전불이행,건조,기타,기타 - 기타,화물,남,55세,상해없음,보행자,남,26세,경상
2020030300100142,2020년 3월 3일 11시,화요일,강원도 원주시 지정면,중상사고,0,2,2,0,차대차 - 기타,안전운전불이행,건조,맑음,단일로 - 기타,승용,여,71세,상해없음,승용,남,40세,경상
2020030300100207,2020년 3월 3일 14시,화요일,강원도 횡성군 횡성읍,경상사고,0,0,3,0,차대차 - 추돌,안전운전불이행,건조,맑음,단일로 - 기타,승용,남,57세,상해없음,승용,남,39세,경상
2020030300100230,2020년 3월 3일 15시,화요일,강원도 삼척시 남양동,경상사고,0,0,1,0,차대사람 - 횡단중,안전운전불이행,건조,맑음,교차로 - 교차로횡단보도내,화물,남,43세,상해없음,보행자,여,51세,경상
2020030300100245,2020년 3월 3일 16시,화요일,강원도 원주시 단구동,경상사고,0,0,3,0,차대차 - 추돌,안전운전불이행,건조,맑음,단일로 - 기타,승용,남,65세,상해없음,화물,남,34세,경상
2020030300100264,2020년 3월 3일 17시,화요일,강원도 삼척시 근덕면,경상사고,0,0,1,0,차대차 - 측면충돌,중앙선침범,건조,맑음,단일로 - 기타,승용,여,58세,상해없음,승용,남,65세,경상
2020030300100290,2020년 3월 3일 18시,화요일,강원도 원주시 단구동,경상사고,0,0,2,0,차대차 - 추돌,안전운전불이행,건조,맑음,교차로 - 교차로부근,화물,남,63세,상해없음,화물,남,28세,경상
2020030300100291,2020년 3월 3일 18시,화요일,강원도 원주시 태장동,경상사고,0,0,1,0,차대차 - 추돌,안전운전불이행,건조,맑음,단일로 - 기타,이륜,남,22세,상해없음,승용,남,27세,경상
2020030300100292,2020년 3월 3일 18시,화요일,강원도 철원군 동송읍,경상사고,0,0,1,0,차대사람 - 횡단중,보행자보호의무위반,건조,맑음,단일로 - 기타,승용,남,55세,상해없음,보행자,남,56세,경상
2020030300100318,2020년 3월 3일 19시,화요일,강원도 속초시 교동,경상사고,0,0,1,0,차대차 - 측면충돌,안전운전불이행,건조,흐림,단일로 - 지하차도(도로)내,승용,남,44세,상해없음,이륜,남,20세,경상
2020030300100366,2020년 3월 3일 21시,화요일,강원도 영월군 영월읍,경상사고,0,0,1,0,차량단독 - 공작물충돌,안전운전불이행,건조,흐림,단일로 - 고가도로위,승용,남,66세,경상,,,,
2020030400100032,2020년 3월 4일 05시,수요일,강원도 원주시 개운동,경상사고,0,0,1,0,차대차 - 추돌,안전운전불이행,건조,맑음,교차로 - 교차로부근,이륜,남,68세,경상,화물,남,53세,상해없음
2020030400100039,2020년 3월 4일 06시,수요일,강원도 원주시 태장동,경상사고,0,0,3,0,차대차 - 정면충돌,중앙선침범,건조,맑음,단일로 - 기타,승용,여,46세,경상,화물,남,42세,상해없음
2020030400100051,2020년 3월 4일 07시,수요일,강원도 강릉시 포남동,경상사고,0,0,1,0,차대차 - 측면충돌,안전운전불이행,건조,맑음,기타 - 기타,승용,남,70세,상해없음,승용,남,60세,상해없음
2020030400100064,2020년 3월 4일 08시,수요일,강원도 강릉시 교동,경상사고,0,0,1,0,차대차 - 측면충돌,안전운전불이행,건조,맑음,교차로 - 교차로안,승용,남,57세,상해없음,승용,남,52세,경상
2020030400100094,2020년 3월 4일 10시,수요일,강원도 원주시 판부면,경상사고,0,0,1,0,차대차 - 측면충돌,중앙선침범,건조,맑음,교차로 - 교차로부근,승용,남,50세,상해없음,화물,남,60세,경상
2020030400100149,2020년 3월 4일 12시,수요일,강원도 태백시 황지동,경상사고,0,0,2,0,차대차 - 측면충돌,교차로운행방법위반,건조,맑음,단일로 - 기타,승용,남,52세,상해없음,승용,남,60세,경상
2020030400100214,2020년 3월 4일 15시,수요일,강원도 춘천시 남산면,사망사고,1,1,1,0,차대차 - 측면충돌,기타,건조,맑음,교차로 - 교차로안,승용,남,50세,경상,화물,남,64세,사망
2020030400100215,2020년 3월 4일 15시,수요일,강원도 강릉시 주문진읍,경상사고,0,0,2,0,차대차 - 추돌,안전거리미확보,건조,맑음,교차로 - 교차로부근,화물,남,67세,상해없음,승용,여,60세,경상
2020030400100216,2020년 3월 4일 15시,수요일,강원도 태백시 황지동,경상사고,0,0,1,0,차대차 - 측면충돌,안전운전불이행,건조,맑음,단일로 - 기타,승용,남,65세,상해없음,승용,여,66세,경상
2020030400100217,2020년 3월 4일 15시,수요일,강원도 태백시 화전동,중상사고,0,1,2,0,차대차 - 추돌,안전거리미확보,건조,맑음,교차로 - 교차로부근,이륜,남,59세,중상,화물,남,28세,경상
2020030400100235,2020년 3월 4일 16시,수요일,강원도 춘천시 후평동,경상사고,0,0,1,0,차대차 - 기타,직진우회전진행방해,건조,맑음,교차로 - 교차로안,승용,여,50세,상해없음,승용,남,50세,경상
2020030400100334,2020년 3월 4일 19시,수요일,강원도 철원군 서면,경상사고,0,0,1,0,차대차 - 측면충돌,중앙선침범,건조,맑음,단일로 - 기타,승용,남,63세,상해없음,승용,남,57세,경상
2020030400100367,2020년 3월 4일 20시,수요일,강원도 삼척시 당저동,경상사고,0,0,1,0,차대차 - 추돌,신호위반,건조,맑음,교차로 - 교차로부근,이륜,남,18세,경상,승용,남,47세,상해없음
2020030500100045,2020년 3월 5일 05시,목요일,강원도 강릉시 성남동,중상사고,0,1,0,0,차대사람 - 차도통행중,안전운전불이행,건조,맑음,단일로 - 기타,승용,남,55세,상해없음,보행자,여,67세,중상
2020030500100071,2020년 3월 5일 07시,목요일,강원도 원주시 문막읍,경상사고,0,0,1,0,차대차 - 측면충돌,안전거리미확보,건조,맑음,단일로 - 기타,화물,남,51세,상해없음,승용,남,21세,경상
2020030500100072,2020년 3월 5일 07시,목요일,강원도 속초시 조양동,경상사고,0,0,1,0,차대차 - 추돌,안전운전불이행,건조,맑음,교차로 - 교차로부근,승용,여,54세,상해없음,승용,남,31세,경상
2020030500100073,2020년 3월 5일 07시,목요일,강원도 동해시 송정동,경상사고,0,0,1,0,차대차 - 측면충돌,안전운전불이행,건조,맑음,교차로 - 교차로부근,승용,여,42세,상해없음,승용,남,66세,경상
2020030500100097,2020년 3월 5일 08시,목요일,강원도 원주시 명륜동,경상사고,0,0,1,0,차대차 - 측면충돌,직진우회전진행방해,건조,맑음,교차로 - 교차로안,승용,여,34세,상해없음,승용,남,34세,경상
2020030500100192,2020년 3월 5일 12시,목요일,강원도 평창군 대화면,경상사고,0,0,2,0,차대차 - 측면충돌,안전운전불이행,건조,맑음,교차로 - 교차로안,승용,여,52세,상해없음,화물,남,56세,경상
2020030500100237,2020년 3월 5일 14시,목요일,강원도 정선군 임계면,경상사고,0,0,1,0,차대차 - 측면충돌,안전운전불이행,건조,맑음,주차장 - 주차장,승용,여,58세,상해없음,건설기계,남,58세,경상
2020030500100266,2020년 3월 5일 15시,목요일,강원도 양구군 해안면,경상사고,0,0,1,0,차대차 - 후진중충돌,안전운전불이행,건조,맑음,기타 - 기타,화물,남,62세,상해없음,승용,남,28세,경상
2020030500100306,2020년 3월 5일 17시,목요일,강원도 강릉시 홍제동,경상사고,0,0,1,0,차대차 - 측면충돌,안전운전불이행,건조,맑음,교차로 - 교차로부근,승용,남,37세,상해없음,원동기,남,25세,경상
2020030500100355,2020년 3월 5일 18시,목요일,강원도 강릉시 명주동,경상사고,0,0,2,0,차대차 - 측면충돌,신호위반,건조,맑음,교차로 - 교차로안,승용,여,48세,상해없음,승용,남,21세,경상
2020030500100396,2020년 3월 5일 19시,목요일,강원도 원주시 반곡동,경상사고,0,0,1,0,차대차 - 측면충돌,신호위반,건조,기타,교차로 - 교차로안,이륜,남,32세,기타불명,승용,여,34세,경상
2020030500100445,2020년 3월 5일 21시,목요일,강원도 원주시 단계동,경상사고,0,0,2,0,차대차 - 측면충돌,안전운전불이행,건조,맑음,단일로 - 기타,승용,남,32세,상해없음,승용,남,33세,경상
2020030600100005,2020년 3월 6일 00시,금요일,강원도 춘천시 효자동,경상사고,0,0,2,0,차대차 - 측면충돌,안전운전불이행,건조,맑음,교차로 - 교차로안,승용,남,54세,상해없음,승용,남,48세,경상
2020030600100103,2020년 3월 6일 08시,금요일,강원도 춘천시 석사동,중상사고,0,1,0,0,차대사람 - 기타,안전운전불이행,건조,맑음,단일로 - 기타,승용,여,39세,상해없음,보행자,여,60세,중상
2020030600100136,2020년 3월 6일 09시,금요일,강원도 삼척시 마달동,경상사고,0,0,1,0,차대차 - 측면충돌,안전운전불이행,건조,맑음,교차로 - 교차로안,승용,남,61세,상해없음,승용,여,50세,경상
2020030600100157,2020년 3월 6일 10시,금요일,강원도 원주시 단계동,경상사고,0,0,1,0,차대차 - 추돌,안전운전불이행,건조,맑음,교차로 - 교차로안,승용,남,62세,상해없음,승용,남,23세,경상
2020030600100188,2020년 3월 6일 11시,금요일,강원도 원주시 소초면,경상사고,0,0,1,0,차대차 - 추돌,안전운전불이행,건조,맑음,교차로 - 교차로안,승용,남,60세,경상,승합,남,64세,상해없음
2020030600100211,2020년 3월 6일 12시,금요일,강원도 강릉시 포남동,중상사고,0,1,0,0,차대차 - 측면충돌,신호위반,건조,맑음,교차로 - 교차로안,승용,여,26세,상해없음,원동기,남,53세,중상
2020030600100212,2020년 3월 6일 12시,금요일,강원도 원주시 지정면,중상사고,0,1,2,0,차대차 - 측면충돌,안전운전불이행,건조,맑음,교차로 - 교차로부근,승용,남,60세,경상,승용,남,29세,경상
2020030600100270,2020년 3월 6일 14시,금요일,강원도 원주시 단계동,경상사고,0,0,2,0,차대차 - 후진중충돌,안전운전불이행,기타,맑음,주차장 - 주차장,승용,남,69세,상해없음,승용,남,30세,경상
2020030600100304,2020년 3월 6일 15시,금요일,강원도 원주시 반곡동,중상사고,0,1,0,0,차대사람 - 횡단중,안전운전불이행,건조,맑음,단일로 - 기타,승용,여,44세,상해없음,보행자,남,50세,중상
2020030600100337,2020년 3월 6일 16시,금요일,강원도 강릉시 교동,경상사고,0,0,1,0,차대차 - 측면충돌,신호위반,건조,맑음,교차로 - 교차로부근,원동기,남,37세,상해없음,승용,남,30세,경상
2020030600100338,2020년 3월 6일 16시,금요일,강원도 동해시 효가동,경상사고,0,0,1,0,차대차 - 추돌,안전거리미확보,건조,맑음,교차로 - 교차로안,화물,남,55세,상해없음,승용,여,42세,경상
2020030600100384,2020년 3월 6일 17시,금요일,강원도 춘천시 동면,경상사고,0,0,2,0,차대차 - 측면충돌,안전운전불이행,건조,맑음,교차로 - 교차로안,승용,여,39세,경상,승용,남,47세,경상
2020030600100428,2020년 3월 6일 18시,금요일,강원도 춘천시 온의동,경상사고,0,0,2,0,차대차 - 기타,교차로운행방법위반,건조,맑음,교차로 - 교차로안,화물,남,54세,경상,승용,여,23세,경상
2020030600100429,2020년 3월 6일 18시,금요일,강원도 원주시 태장동,경상사고,0,0,1,0,차대차 - 추돌,안전운전불이행,건조,맑음,단일로 - 기타,화물,남,18세,상해없음,승용,여,33세,경상
2020030600100430,2020년 3월 6일 18시,금요일,강원도 속초시 교동,경상사고,0,0,1,0,차대차 - 추돌,교차로운행방법위반,건조,맑음,교차로 - 교차로안,승용,남,51세,상해없음,이륜,남,23세,경상
2020030600100467,2020년 3월 6일 19시,금요일,강원도 강릉시 옥천동,경상사고,0,0,1,0,차대차 - 측면충돌,안전운전불이행,건조,맑음,교차로 - 교차로안,승용,여,38세,상해없음,승용,남,60세,경상
2020030600100573,2020년 3월 6일 23시,금요일,강원도 강릉시 대전동,경상사고,0,0,1,0,차대차 - 측면충돌,안전운전불이행,건조,맑음,단일로 - 기타,승용,남,60세,상해없음,승용,남,24세,경상
2020030700100005,2020년 3월 7일 00시,토요일,강원도 원주시 무실동,경상사고,0,0,1,0,차대차 - 추돌,신호위반,건조,맑음,교차로 - 교차로안,승용,남,65세,상해없음,승용,남,49세,경상
2020030700100028,2020년 3월 7일 02시,토요일,강원도 강릉시 포남동,경상사고,0,0,1,0,차대차 - 측면충돌,안전운전불이행,건조,맑음,교차로 - 교차로안,승합,남,43세,상해없음,승용,남,46세,경상
2020030700100083,2020년 3월 7일 08시,토요일,강원도 원주시 단계동,경상사고,0,0,1,0,차대차 - 기타,안전운전불이행,건조,맑음,단일로 - 기타,승용,여,36세,기타불명,승용,남,43세,경상
2020030700100110,2020년 3월 7일 10시,토요일,강원도 춘천시 효자동,경상사고,0,0,2,0,차대차 - 측면충돌,안전운전불이행,건조,맑음,교차로 - 교차로안,승용,남,32세,상해없음,승용,여,27세,경상
2020030700100197,2020년 3월 7일 13시,토요일,강원도 춘천시 효자동,경상사고,0,0,1,0,차대차 - 추돌,안전운전불이행,건조,맑음,단일로 - 기타,승용,여,47세,상해없음,승용,남,72세,경상
2020030700100198,2020년 3월 7일 13시,토요일,강원도 홍천군 북방면,경상사고,0,0,1,0,차대사람 - 길가장자리구역통행중,기타,건조,맑음,단일로 - 지하차도(도로)내,화물,남,61세,상해없음,보행자,여,65세,경상
2020030700100219,2020년 3월 7일 14시,토요일,강원도 원주시 문막읍,경상사고,0,0,1,0,차대차 - 측면충돌,안전거리미확보,건조,흐림,단일로 - 기타,승용,여,41세,상해없음,승용,남,27세,경상
2020030700100263,2020년 3월 7일 16시,토요일,강원도 강릉시 초당동,경상사고,0,0,1,0,차대차 - 후진중충돌,안전운전불이행,건조,맑음,교차로 - 교차로안,승용,남,33세,상해없음,승용,남,25세,경상
2020030700100264,2020년 3월 7일 16시,토요일,강원도 원주시 부론면,부상신고사고,0,0,0,1,차대차 - 추돌,안전운전불이행,건조,맑음,단일로 - 기타,승용,여,52세,상해없음,승용,여,41세,부상신고
2020030700100288,2020년 3월 7일 17시,토요일,강원도 강릉시 교동,중상사고,0,3,0,0,차대사람 - 기타,안전운전불이행,건조,맑음,단일로 - 기타,승용,남,78세,상해없음,보행자,남,23세,중상
2020030700100309,2020년 3월 7일 18시,토요일,강원도 강릉시 포남동,경상사고,0,0,1,0,차대차 - 측면충돌,안전운전불이행,건조,맑음,단일로 - 기타,승용,남,52세,상해없음,승용,여,39세,경상
2020030700100310,2020년 3월 7일 18시,토요일,강원도 고성군 간성읍,경상사고,0,0,1,0,차대차 - 추돌,안전운전불이행,건조,맑음,단일로 - 교량,승용,남,35세,상해없음,승합,남,59세,경상
2020030700100398,2020년 3월 7일 21시,토요일,강원도 춘천시 소양로1가,경상사고,0,0,2,0,차대차 - 기타,교차로운행방법위반,건조,맑음,교차로 - 교차로안,승용,여,57세,상해없음,승용,남,28세,경상
2020030700100414,2020년 3월 7일 22시,토요일,강원도 춘천시 후평동,경상사고,0,0,2,0,차대차 - 추돌,안전운전불이행,건조,맑음,단일로 - 기타,승용,남,33세,상해없음,승용,남,24세,경상
2020030800100005,2020년 3월 8일 00시,일요일,강원도 속초시 교동,경상사고,0,0,1,0,차대차 - 정면충돌,안전운전불이행,건조,맑음,교차로 - 교차로부근,승용,남,43세,상해없음,이륜,남,21세,경상
2020030800100025,2020년 3월 8일 02시,일요일,강원도 삼척시 정상동,중상사고,0,1,0,0,차대차 - 측면충돌,안전운전불이행,건조,흐림,교차로 - 교차로안,승용,남,60세,상해없음,이륜,남,36세,중상
2020030800100100,2020년 3월 8일 10시,일요일,강원도 춘천시 퇴계동,경상사고,0,0,1,0,차대차 - 측면충돌,교차로운행방법위반,건조,맑음,교차로 - 교차로안,승용,남,47세,상해없음,승합,남,58세,경상
2020030800100129,2020년 3월 8일 12시,일요일,강원도 춘천시 동면,사망사고,1,1,1,0,차대차 - 측면충돌,중앙선침범,건조,맑음,단일로 - 기타,승용,남,47세,상해없음,이륜,남,36세,사망
2020030800100168,2020년 3월 8일 14시,일요일,강원도 원주시 행구동,중상사고,0,1,0,0,차대사람 - 길가장자리구역통행중,안전운전불이행,건조,맑음,단일로 - 기타,승용,남,58세,상해없음,보행자,여,73세,중상
2020030800100169,2020년 3월 8일 14시,일요일,강원도 평창군 용평면,중상사고,0,1,0,0,차대차 - 정면충돌,중앙선침범,건조,맑음,단일로 - 교량,승용,남,41세,상해없음,이륜,남,39세,중상
2020030800100195,2020년 3월 8일 15시,일요일,강원도 원주시 단계동,경상사고,0,0,1,0,차대차 - 측면충돌,안전운전불이행,건조,맑음,단일로 - 기타,승용,남,52세,상해없음,승용,남,19세,경상
2020030800100196,2020년 3월 8일 15시,일요일,강원도 홍천군 화촌면,경상사고,0,0,1,0,차대차 - 추돌,안전운전불이행,건조,맑음,교차로 - 교차로부근,승용,남,66세,상해없음,승용,남,27세,경상
2020030800100215,2020년 3월 8일 16시,일요일,강원도 원주시 단구동,경상사고,0,0,2,0,차대차 - 측면충돌,중앙선침범,건조,맑음,단일로 - 기타,승용,여,49세,상해없음,승용,남,51세,경상
2020030800100216,2020년 3월 8일 16시,일요일,강원도 화천군 상서면,중상사고,0,1,0,0,차대차 - 정면충돌,안전운전불이행,건조,맑음,교차로 - 교차로안,화물,여,22세,상해없음,승용,남,24세,중상
2020030800100217,2020년 3월 8일 16시,일요일,강원도 동해시 천곡동,경상사고,0,0,1,0,차대차 - 측면충돌,직진우회전진행방해,건조,맑음,교차로 - 교차로안,화물,남,52세,상해없음,승용,남,36세,경상
2020030800100250,2020년 3월 8일 17시,일요일,강원도 강릉시 주문진읍,경상사고,0,0,1,0,차대차 - 후진중충돌,안전운전불이행,건조,맑음,교차로 - 교차로안,승용,여,38세,상해없음,자전거,남,53세,경상
2020030800100328,2020년 3월 8일 20시,일요일,강원도 강릉시 주문진읍,경상사고,0,0,1,0,차대사람 - 횡단중,안전운전불이행,건조,맑음,교차로 - 교차로안,승용,여,50세,상해없음,보행자,남,62세,경상
2020030800100329,2020년 3월 8일 20시,일요일,강원도 원주시 명륜동,경상사고,0,0,2,0,차대차 - 기타,안전운전불이행,기타,기타,교차로 - 교차로안,승용,남,26세,상해없음,승용,남,53세,경상
2020030800100330,2020년 3월 8일 20시,일요일,강원도 속초시 교동,경상사고,0,0,1,0,차대차 - 추돌,안전운전불이행,건조,맑음,단일로 - 기타,승용,남,48세,상해없음,승용,남,18세,경상
2020030800100344,2020년 3월 8일 21시,일요일,강원도 춘천시 송암동,경상사고,0,0,1,0,차대차 - 추돌,안전운전불이행,건조,맑음,단일로 - 기타,승용,여,52세,상해없음,화물,남,54세,경상
2020030800100345,2020년 3월 8일 21시,일요일,강원도 춘천시 동내면,경상사고,0,0,2,0,차대차 - 기타,교차로운행방법위반,건조,맑음,교차로 - 교차로안,이륜,남,22세,경상,이륜,남,39세,경상
2020030800100346,2020년 3월 8일 21시,일요일,강원도 원주시 행구동,경상사고,0,0,1,0,차대차 - 측면충돌,안전운전불이행,건조,맑음,단일로 - 기타,승용,남,25세,상해없음,원동기,남,35세,경상
2020030800100367,2020년 3월 8일 23시,일요일,강원도 춘천시 온의동,중상사고,0,1,1,0,차대차 - 측면충돌,신호위반,건조,맑음,교차로 - 교차로안,승용,여,59세,상해없음,승용,남,37세,중상
2020030900100016,2020년 3월 9일 02시,월요일,강원도 춘천시 동산면,경상사고,0,0,1,0,차대차 - 측면충돌,안전운전불이행,건조,맑음,교차로 - 교차로안,화물,남,76세,상해없음,건설기계,남,57세,경상
2020030900100042,2020년 3월 9일 06시,월요일,강원도 삼척시 오분동,경상사고,0,0,4,0,차대차 - 추돌,안전거리미확보,건조,맑음,교차로 - 교차로안,건설기계,남,59세,상해없음,화물,남,67세,경상
2020030900100061,2020년 3월 9일 07시,월요일,강원도 고성군 토성면,부상신고사고,0,0,0,1,차대차 - 기타,안전거리미확보,건조,맑음,단일로 - 기타,승용,남,45세,기타불명,승용,남,56세,부상신고