사고번호,사고일시,요일,시군구,사고내용,사망자수,중상자수,경상자수,부상신고자수,사고유형,법규위반,노면상태,기상상태,도로형태,가해운전자 차종,가해운전자 성별,가해운전자 연령,가해운전자 상해정도,피해운전자 차종,피해운전자 성별,피해운전자 연령,피해운전자 상해정도
2020030900100090,2020년 3월 9일 08시,월요일,강원도 철원군 갈말읍,경상사고,0,0,1,0,차대차 - 측면충돌,직진우회전진행방해,건조,맑음,교차로 - 교차로안,화물,남,66세,상해없음,승용,여,56세,경상
2020030900100123,2020년 3월 9일 09시,월요일,강원도 속초시 동명동,중상사고,0,1,0,0,차대사람 - 횡단중,안전운전불이행,건조,맑음,교차로 - 교차로부근,화물,남,55세,상해없음,보행자,여,64세,중상
2020030900100238,2020년 3월 9일 13시,월요일,강원도 강릉시 교동,중상사고,0,2,2,0,차대차 - 측면충돌,안전운전불이행,건조,맑음,교차로 - 교차로안,승용,여,25세,상해없음,승용,여,29세,중상
2020030900100239,2020년 3월 9일 13시,월요일,강원도 영월군 남면,부상신고사고,0,0,0,1,차량단독 - 공작물충돌,안전운전불이행,건조,맑음,교차로 - 교차로부근,화물,남,62세,부상신고,,,,
2020030900100267,2020년 3월 9일 14시,월요일,강원도 춘천시 효자동,경상사고,0,0,1,0,차대차 - 측면충돌,안전거리미확보,건조,맑음,교차로 - 교차로부근,승용,남,62세,상해없음,승용,남,41세,경상
2020030900100316,2020년 3월 9일 16시,월요일,강원도 강릉시 안현동,경상사고,0,0,1,0,차대차 - 측면충돌,안전운전불이행,건조,맑음,단일로 - 기타,화물,남,56세,상해없음,승용,여,35세,경상
2020030900100346,2020년 3월 9일 17시,월요일,강원도 강릉시 노암동,경상사고,0,0,1,0,차대사람 - 기타,안전운전불이행,건조,맑음,교차로 - 교차로안,승용,남,63세,상해없음,보행자,남,78세,경상
2020030900100417,2020년 3월 9일 19시,월요일,강원도 원주시 단구동,경상사고,0,0,1,0,차대차 - 추돌,안전거리미확보,건조,맑음,단일로 - 기타,승용,남,35세,상해없음,승용,남,68세,경상
2020030900100449,2020년 3월 9일 20시,월요일,강원도 춘천시 봉의동,중상사고,0,1,0,0,차대차 - 정면충돌,교차로운행방법위반,건조,맑음,교차로 - 교차로안,승용,남,48세,상해없음,이륜,남,47세,중상
2020031000100031,2020년 3월 10일 01시,화요일,강원도 정선군 여량면,경상사고,0,0,1,0,차대차 - 측면충돌,안전운전불이행,건조,맑음,단일로 - 기타,승용,남,52세,상해없음,승용,남,23세,경상
2020031000100046,2020년 3월 10일 03시,화요일,강원도 춘천시 소양로1가,경상사고,0,0,1,0,차대사람 - 횡단중,중앙선침범,건조,맑음,단일로 - 기타,이륜,남,15세,상해없음,보행자,여,62세,경상
2020031000100149,2020년 3월 10일 10시,화요일,강원도 춘천시 서면,경상사고,0,0,1,0,차대차 - 정면충돌,중앙선침범,건조,맑음,단일로 - 기타,승용,여,54세,상해없음,화물,남,53세,경상
2020031000100211,2020년 3월 10일 13시,화요일,강원도 원주시 단구동,경상사고,0,0,2,1,차대차 - 기타,안전운전불이행,젖음/습기,비,교차로 - 교차로부근,승용,여,58세,부상신고,승용,남,35세,경상
2020031000100212,2020년 3월 10일 13시,화요일,강원도 태백시 황지동,중상사고,0,1,1,0,차대차 - 측면충돌,교차로운행방법위반,적설,비,교차로 - 교차로안,이륜,남,75세,중상,승용,여,61세,경상
2020031000100341,2020년 3월 10일 18시,화요일,강원도 춘천시 동면,중상사고,0,1,0,0,차대사람 - 횡단중,안전운전불이행,젖음/습기,비,단일로 - 기타,승용,남,64세,상해없음,보행자,여,73세,중상
2020031000100342,2020년 3월 10일 18시,화요일,강원도 춘천시 봉의동,경상사고,0,0,2,0,차대차 - 기타,안전운전불이행,젖음/습기,비,교차로 - 교차로안,승용,여,37세,기타불명,승용,여,42세,경상
2020031000100343,2020년 3월 10일 18시,화요일,강원도 강릉시 주문진읍,중상사고,0,1,1,0,차대차 - 추돌,안전거리미확보,젖음/습기,흐림,교차로 - 교차로부근,화물,남,48세,상해없음,승용,남,47세,경상
2020031000100412,2020년 3월 10일 20시,화요일,강원도 강릉시 교동,경상사고,0,0,1,0,차대사람 - 횡단중,안전운전불이행,젖음/습기,흐림,단일로 - 기타,원동기,남,21세,상해없음,보행자,여,34세,경상
2020031000100435,2020년 3월 10일 21시,화요일,강원도 원주시 단계동,경상사고,0,0,4,0,차대차 - 측면충돌,교차로운행방법위반,젖음/습기,비,교차로 - 교차로안,승용,남,26세,경상,승용,남,26세,경상
2020031000100477,2020년 3월 10일 23시,화요일,강원도 태백시 황지동,경상사고,0,0,2,0,차대차 - 측면충돌,교차로운행방법위반,젖음/습기,맑음,교차로 - 교차로안,승용,남,59세,경상,승용,여,42세,경상
2020031100100049,2020년 3월 11일 06시,수요일,강원도 동해시 효가동,경상사고,0,0,1,0,차대차 - 추돌,안전운전불이행,젖음/습기,흐림,교차로 - 교차로부근,승용,남,61세,상해없음,승용,남,43세,경상
2020031100100138,2020년 3월 11일 10시,수요일,강원도 춘천시 효자동,경상사고,0,0,1,0,차대사람 - 차도통행중,안전운전불이행,건조,맑음,단일로 - 기타,기타불명,기타불명,미분류,기타불명,보행자,여,87세,경상
2020031100100139,2020년 3월 11일 10시,수요일,강원도 영월군 영월읍,경상사고,0,0,1,0,차대차 - 추돌,안전거리미확보,건조,맑음,교차로 - 교차로안,승용,여,57세,상해없음,이륜,남,73세,경상
2020031100100163,2020년 3월 11일 11시,수요일,강원도 원주시 귀래면,중상사고,0,1,0,0,차대사람 - 길가장자리구역통행중,안전운전불이행,건조,맑음,교차로 - 교차로부근,화물,남,57세,상해없음,보행자,여,60세,중상
2020031100100211,2020년 3월 11일 13시,수요일,강원도 삼척시 신기면,경상사고,0,0,1,0,차량단독 - 공작물충돌,안전운전불이행,건조,맑음,단일로 - 기타,화물,남,75세,경상,,,,
2020031100100212,2020년 3월 11일 13시,수요일,강원도 동해시 천곡동,중상사고,0,1,0,0,차대사람 - 보도통행중,보행자보호의무위반,건조,맑음,교차로 - 교차로횡단보도내,원동기,여,40세,상해없음,보행자,여,21세,중상
2020031100100245,2020년 3월 11일 14시,수요일,강원도 속초시 조양동,경상사고,0,0,2,0,차대차 - 측면충돌,안전거리미확보,건조,맑음,단일로 - 기타,이륜,남,54세,경상,승용,남,31세,경상
2020031100100287,2020년 3월 11일 15시,수요일,강원도 춘천시 효자동,경상사고,0,0,1,0,차대차 - 기타,교차로운행방법위반,건조,맑음,교차로 - 교차로안,승용,남,61세,상해없음,승용,남,24세,상해없음
2020031100100348,2020년 3월 11일 17시,수요일,강원도 춘천시 서면,사망사고,1,1,0,0,차대차 - 정면충돌,중앙선침범,건조,맑음,단일로 - 기타,화물,남,63세,사망,화물,남,63세,중상
2020031100100395,2020년 3월 11일 18시,수요일,강원도 춘천시 소양로2가,중상사고,0,1,0,0,차대사람 - 횡단중,안전운전불이행,건조,맑음,교차로 - 교차로안,승용,여,51세,상해없음,보행자,남,42세,중상
2020031100100396,2020년 3월 11일 18시,수요일,강원도 원주시 단계동,경상사고,0,0,1,0,차대차 - 추돌,안전운전불이행,건조,맑음,단일로 - 기타,화물,남,41세,상해없음,승용,여,55세,경상
2020031100100485,2020년 3월 11일 21시,수요일,강원도 속초시 노학동,경상사고,0,0,1,0,차대차 - 정면충돌,안전운전불이행,건조,흐림,단일로 - 지하차도(도로)내,승용,여,59세,기타불명,특수,남,46세,경상
2020031100100486,2020년 3월 11일 21시,수요일,강원도 동해시 부곡동,경상사고,0,0,2,0,차대차 - 추돌,안전운전불이행,건조,맑음,교차로 - 교차로부근,승용,여,62세,상해없음,승용,남,48세,경상
2020031200100022,2020년 3월 12일 02시,목요일,강원도 원주시 단계동,중상사고,0,1,1,0,차대사람 - 횡단중,신호위반,건조,맑음,단일로 - 기타,승용,남,34세,상해없음,보행자,남,49세,중상
2020031200100072,2020년 3월 12일 07시,목요일,강원도 원주시 단계동,경상사고,0,0,1,0,차대차 - 후진중충돌,안전운전불이행,건조,맑음,교차로 - 교차로안,화물,남,49세,상해없음,승용,남,27세,경상
2020031200100073,2020년 3월 12일 07시,목요일,강원도 태백시 황지동,경상사고,0,0,3,0,차대차 - 측면충돌,안전운전불이행,건조,맑음,교차로 - 교차로부근,승용,남,23세,상해없음,승용,남,32세,경상
2020031200100097,2020년 3월 12일 08시,목요일,강원도 원주시 행구동,경상사고,0,0,1,0,차대차 - 측면충돌,교차로운행방법위반,건조,맑음,교차로 - 교차로안,승용,여,38세,상해없음,승용,남,41세,경상
2020031200100159,2020년 3월 12일 10시,목요일,강원도 원주시 태장동,중상사고,0,1,0,0,차대차 - 정면충돌,안전운전불이행,건조,맑음,단일로 - 기타,승용,여,35세,상해없음,자전거,남,79세,중상
2020031200100253,2020년 3월 12일 13시,목요일,강원도 춘천시 석사동,경상사고,0,0,1,0,차대차 - 기타,신호위반,건조,맑음,교차로 - 교차로안,승합,남,53세,상해없음,이륜,남,41세,경상
2020031200100254,2020년 3월 12일 13시,목요일,강원도 원주시 문막읍,사망사고,1,0,0,0,차량단독 - 공작물충돌,안전운전불이행,건조,맑음,단일로 - 기타,사륜오토바이(ATV),남,68세,사망,,,,
2020031200100309,2020년 3월 12일 15시,목요일,강원도 삼척시 근덕면,경상사고,0,0,2,0,차대차 - 기타,기타,건조,맑음,단일로 - 터널,건설기계,남,45세,상해없음,승용,남,34세,경상
2020031200100310,2020년 3월 12일 15시,목요일,강원도 홍천군 홍천읍,경상사고,0,0,1,0,차대차 - 측면충돌,교차로운행방법위반,건조,맑음,교차로 - 교차로안,승용,남,23세,상해없음,승용,남,35세,경상
2020031200100311,2020년 3월 12일 15시,목요일,강원도 평창군 대화면,경상사고,0,0,1,0,차대차 - 측면충돌,안전운전불이행,건조,맑음,단일로 - 기타,사륜오토바이(ATV),남,77세,상해없음,승용,여,63세,경상
2020031200100343,2020년 3월 12일 16시,목요일,강원도 원주시 관설동,경상사고,0,0,1,0,차대차 - 측면충돌,직진우회전진행방해,건조,맑음,교차로 - 교차로안,승용,남,18세,상해없음,이륜,남,35세,경상
2020031200100375,2020년 3월 12일 17시,목요일,강원도 횡성군 안흥면,경상사고,0,0,1,0,차대차 - 후진중충돌,안전운전불이행,건조,맑음,기타 - 기타,승용,남,62세,상해없음,승용,남,39세,경상
2020031200100413,2020년 3월 12일 18시,목요일,강원도 원주시 단계동,경상사고,0,0,1,0,차대사람 - 횡단중,안전운전불이행,기타,맑음,기타 - 기타,화물,남,58세,상해없음,보행자,여,65세,경상
2020031200100450,2020년 3월 12일 19시,목요일,강원도 동해시 천곡동,중상사고,0,1,0,0,차대차 - 측면충돌,안전운전불이행,건조,맑음,교차로 - 교차로안,승용,여,49세,상해없음,이륜,남,61세,중상
2020031200100486,2020년 3월 12일 20시,목요일,강원도 원주시 단계동,경상사고,0,0,4,0,차대차 - 측면충돌,안전운전불이행,건조,맑음,교차로 - 교차로부근,승용,남,23세,경상,승용,남,20세,경상
2020031200100550,2020년 3월 12일 22시,목요일,강원도 춘천시 퇴계동,중상사고,0,1,0,0,차대사람 - 횡단중,안전운전불이행,건조,맑음,교차로 - 교차로횡단보도내,승용,남,59세,상해없음,보행자,남,56세,중상
2020031200100551,2020년 3월 12일 22시,목요일,강원도 춘천시 퇴계동,경상사고,0,0,1,0,차대차 - 기타,안전운전불이행,건조,맑음,단일로 - 기타,화물,남,45세,상해없음,승용,여,33세,경상
2020031300100100,2020년 3월 13일 09시,금요일,강원도 강릉시 포남동,경상사고,0,0,3,0,차대차 - 측면충돌,안전운전불이행,건조,맑음,교차로 - 교차로안,승용,남,70세,상해없음,승용,남,81세,경상
2020031300100101,2020년 3월 13일 09시,금요일,강원도 인제군 북면,중상사고,0,1,1,0,차대차 - 정면충돌,안전운전불이행,건조,맑음,교차로 - 교차로안,승용,남,21세,상해없음,승용,남,41세,경상
2020031300100176,2020년 3월 13일 12시,금요일,강원도 강릉시 성내동,경상사고,0,0,1,0,차대차 - 측면충돌,신호위반,건조,맑음,단일로 - 기타,승용,남,65세,상해없음,화물,남,68세,상해없음
2020031300100177,2020년 3월 13일 12시,금요일,강원도 속초시 청학동,중상사고,0,1,0,0,차대차 - 측면충돌,신호위반,건조,맑음,교차로 - 교차로안,승용,남,70세,상해없음,이륜,남,62세,중상
2020031300100210,2020년 3월 13일 13시,금요일,강원도 원주시 우산동,부상신고사고,0,0,0,1,차대차 - 측면충돌,안전운전불이행,건조,맑음,교차로 - 교차로부근,화물,남,45세,상해없음,승용,남,75세,부상신고
2020031300100232,2020년 3월 13일 14시,금요일,강원도 속초시 교동,경상사고,0,0,1,0,차대차 - 추돌,안전운전불이행,건조,맑음,교차로 - 교차로안,화물,남,51세,상해없음,승용,남,38세,경상
2020031300100233,2020년 3월 13일 14시,금요일,강원도 영월군 영월읍,경상사고,0,0,2,0,차대차 - 측면충돌,기타,건조,맑음,교차로 - 교차로안,승용,남,44세,경상,화물,남,48세,경상
2020031300100234,2020년 3월 13일 14시,금요일,강원도 홍천군 홍천읍,경상사고,0,0,1,0,차대사람 - 횡단중,중앙선침범,건조,맑음,단일로 - 지하차도(도로)내,승용,남,75세,상해없음,보행자,남,82세,경상
2020031300100235,2020년 3월 13일 14시,금요일,강원도 태백시 황지동,경상사고,0,0,1,0,차대차 - 측면충돌,교차로운행방법위반,건조,맑음,교차로 - 교차로안,화물,남,70세,상해없음,화물,남,48세,경상
2020031300100296,2020년 3월 13일 16시,금요일,강원도 원주시 단계동,경상사고,0,0,1,0,차대차 - 추돌,교차로운행방법위반,건조,맑음,교차로 - 교차로부근,승용,여,55세,상해없음,화물,남,47세,경상
2020031300100297,2020년 3월 13일 16시,금요일,강원도 속초시 대포동,경상사고,0,0,1,0,차대차 - 추돌,안전거리미확보,건조,맑음,기타 - 기타,승합,남,24세,상해없음,승용,남,35세,경상
2020031300100336,2020년 3월 13일 17시,금요일,강원도 강릉시 남문동,경상사고,0,0,4,0,차대차 - 측면충돌,신호위반,건조,맑음,교차로 - 교차로부근,승용,여,24세,상해없음,승용,남,48세,경상
2020031300100337,2020년 3월 13일 17시,금요일,강원도 원주시 소초면,경상사고,0,0,7,0,차대차 - 측면충돌,중앙선침범,건조,맑음,단일로 - 기타,화물,남,56세,상해없음,승합,남,34세,경상
2020031300100338,2020년 3월 13일 17시,금요일,강원도 동해시 이도동,경상사고,0,0,2,0,차대차 - 측면충돌,신호위반,건조,맑음,교차로 - 교차로안,승용,남,70세,상해없음,승용,여,57세,경상
2020031300100370,2020년 3월 13일 18시,금요일,강원도 춘천시 후평동,경상사고,0,0,1,0,차대차 - 측면충돌,안전운전불이행,건조,맑음,교차로 - 교차로부근,이륜,남,34세,상해없음,승용,남,22세,경상
2020031300100473,2020년 3월 13일 21시,금요일,강원도 화천군 사내면,중상사고,0,1,0,0,차대사람 - 기타,안전운전불이행,건조,맑음,단일로 - 기타,승용,남,21세,상해없음,보행자,남,72세,중상
2020031300100520,2020년 3월 13일 23시,금요일,강원도 홍천군 남면,경상사고,0,0,1,0,차대사람 - 기타,기타,건조,맑음,단일로 - 기타,기타불명,기타불명,미분류,기타불명,보행자,남,23세,경상
2020031400100110,2020년 3월 14일 08시,토요일,강원도 강릉시 포남동,경상사고,0,0,2,0,차대차 - 측면충돌,신호위반,건조,맑음,교차로 - 교차로안,승합,남,34세,상해없음,화물,남,54세,경상
2020031400100111,2020년 3월 14일 08시,토요일,강원도 원주시 우산동,경상사고,0,0,2,0,차대차 - 측면충돌,신호위반,건조,맑음,교차로 - 교차로안,승용,여,30세,상해없음,승용,남,57세,경상
2020031400100153,2020년 3월 14일 10시,토요일,강원도 동해시 부곡동,중상사고,0,1,0,0,차대차 - 기타,안전운전불이행,건조,맑음,단일로 - 기타,승용,여,48세,상해없음,이륜,남,74세,중상
2020031400100180,2020년 3월 14일 11시,토요일,강원도 화천군 간동면,중상사고,0,1,1,0,차대차 - 측면충돌,안전운전불이행,건조,맑음,교차로 - 교차로안,승용,남,23세,경상,승합,남,46세,중상
2020031400100241,2020년 3월 14일 13시,토요일,강원도 춘천시 서면,중상사고,0,1,4,0,차대차 - 측면충돌,안전운전불이행,건조,맑음,단일로 - 기타,이륜,남,39세,중상,승용,남,47세,경상
2020031400100242,2020년 3월 14일 13시,토요일,강원도 춘천시 남면,중상사고,0,1,0,1,차대차 - 추돌,신호위반,건조,맑음,단일로 - 기타,승용,남,38세,상해없음,화물,남,62세,부상신고
2020031400100310,2020년 3월 14일 15시,토요일,강원도 강릉시 초당동,경상사고,0,0,2,0,차대차 - 측면충돌,안전운전불이행,건조,맑음,교차로 - 교차로안,승용,남,58세,상해없음,승용,여,35세,경상
2020031400100345,2020년 3월 14일 16시,토요일,강원도 강릉시 포남동,경상사고,0,0,1,0,차대차 - 기타,안전운전불이행,건조,맑음,교차로 - 교차로부근,승용,남,36세,상해없음,자전거,남,30세,경상
2020031400100374,2020년 3월 14일 17시,토요일,강원도 춘천시 효자동,경상사고,0,0,2,0,차대차 - 측면충돌,교차로운행방법위반,건조,맑음,교차로 - 교차로안,승용,남,62세,상해없음,승용,남,39세,경상
2020031400100407,2020년 3월 14일 18시,토요일,강원도 철원군 동송읍,경상사고,0,0,1,0,차대사람 - 횡단중,안전운전불이행,건조,흐림,기타 - 기타,승용,남,41세,상해없음,보행자,여,80세,경상
2020031400100429,2020년 3월 14일 19시,토요일,강원도 춘천시 석사동,경상사고,0,0,2,0,차대차 - 기타,안전운전불이행,건조,맑음,단일로 - 기타,승용,남,65세,상해없음,승용,남,28세,경상
2020031400100430,2020년 3월 14일 19시,토요일,강원도 원주시 봉산동,경상사고,0,0,1,0,차대차 - 측면충돌,안전운전불이행,건조,맑음,교차로 - 교차로부근,승용,여,64세,상해없음,승용,남,65세,경상
2020031400100431,2020년 3월 14일 19시,토요일,강원도 원주시 문막읍,경상사고,0,0,1,0,차대사람 - 길가장자리구역통행중,안전운전불이행,건조,맑음,교차로 - 교차로안,승용,여,31세,상해없음,보행자,여,23세,경상
2020031400100464,2020년 3월 14일 20시,토요일,강원도 원주시 반곡동,경상사고,0,0,1,0,차대차 - 추돌,안전거리미확보,건조,맑음,교차로 - 교차로안,화물,남,55세,상해없음,승용,여,60세,경상
2020031400100488,2020년 3월 14일 21시,토요일,강원도 춘천시 효자동,경상사고,0,0,2,0,차대차 - 기타,중앙선침범,건조,맑음,단일로 - 기타,승용,남,20세,상해없음,승용,남,68세,경상
2020031400100489,2020년 3월 14일 21시,토요일,강원도 춘천시 칠전동,중상사고,0,1,0,0,차대사람 - 횡단중,안전운전불이행,건조,맑음,단일로 - 기타,승용,남,57세,상해없음,보행자,남,59세,중상
2020031400100501,2020년 3월 14일 22시,토요일,강원도 원주시 반곡동,경상사고,0,0,1,0,차대차 - 추돌,안전운전불이행,건조,맑음,교차로 - 교차로안,승용,남,39세,상해없음,승용,남,58세,경상
2020031400100518,2020년 3월 14일 23시,토요일,강원도 태백시 황지동,경상사고,0,0,1,0,차대차 - 측면충돌,안전운전불이행,건조,흐림,교차로 - 교차로안,승용,여,35세,상해없음,승용,남,56세,경상
2020031500100011,2020년 3월 15일 00시,일요일,강원도 강릉시 포남동,경상사고,0,0,1,0,차대사람 - 기타,안전운전불이행,건조,맑음,단일로 - 기타,승용,남,47세,상해없음,보행자,남,28세,경상
2020031500100012,2020년 3월 15일 00시,일요일,강원도 원주시 명륜동,경상사고,0,0,1,0,차대차 - 측면충돌,신호위반,건조,맑음,교차로 - 교차로안,승용,여,49세,상해없음,승용,남,36세,경상
2020031500100043,2020년 3월 15일 03시,일요일,강원도 양양군 현남면,경상사고,0,0,2,0,차대차 - 정면충돌,중앙선침범,건조,맑음,단일로 - 기타,승용,여,41세,상해없음,사륜오토바이(ATV),남,76세,경상
2020031500100063,2020년 3월 15일 06시,일요일,강원도 동해시 천곡동,중상사고,0,1,0,0,차량단독 - 공작물충돌,과속,건조,맑음,교차로 - 교차로부근,승용,남,24세,상해없음,,,,
2020031500100199,2020년 3월 15일 16시,일요일,강원도 양양군 손양면,경상사고,0,0,1,0,차대차 - 추돌,안전운전불이행,건조,맑음,단일로 - 교량,승용,남,40세,상해없음,농기계,남,61세,경상
2020031500100200,2020년 3월 15일 16시,일요일,강원도 속초시 교동,중상사고,0,1,0,0,차대차 - 정면충돌,안전운전불이행,건조,맑음,교차로 - 교차로안,승용,남,35세,상해없음,이륜,남,24세,중상
2020031500100201,2020년 3월 15일 16시,일요일,강원도 속초시 교동,경상사고,0,0,3,0,차대차 - 측면충돌,교차로운행방법위반,건조,맑음,교차로 - 교차로안,승용,여,29세,경상,화물,남,48세,경상
2020031500100245,2020년 3월 15일 18시,일요일,강원도 춘천시 효자동,경상사고,0,0,1,0,차대사람 - 횡단중,보행자보호의무위반,건조,맑음,교차로 - 교차로횡단보도내,승용,여,27세,상해없음,보행자,여,56세,경상
2020031500100246,2020년 3월 15일 18시,일요일,강원도 춘천시 신북읍,중상사고,0,1,3,0,차대차 - 측면충돌,기타,건조,맑음,단일로 - 교량,화물,남,52세,상해없음,화물,남,58세,중상
2020031500100318,2020년 3월 15일 21시,일요일,강원도 영월군 영월읍,중상사고,0,1,0,0,차대차 - 추돌,안전운전불이행,건조,맑음,단일로 - 교량,이륜,남,59세,상해없음,농기계,남,61세,중상
2020031500100328,2020년 3월 15일 22시,일요일,강원도 속초시 조양동,경상사고,0,0,1,0,차량단독 - 공작물충돌,안전운전불이행,적설,눈,교차로 - 교차로안,승합,남,40세,상해없음,,,,
2020031600100002,2020년 3월 16일 00시,월요일,강원도 홍천군 남면,사망사고,1,0,0,0,차량단독 - 공작물충돌,과속,건조,맑음,단일로 - 지하차도(도로)내,승용,남,49세,사망,,,,
2020031600100008,2020년 3월 16일 01시,월요일,강원도 삼척시 적노동,경상사고,0,0,1,0,차량단독 - 공작물충돌,기타,적설,눈,단일로 - 지하차도(도로)내,승용,남,28세,경상,,,,
2020031600100009,2020년 3월 16일 01시,월요일,강원도 동해시 천곡동,경상사고,0,0,2,0,차대사람 - 길가장자리구역통행중,안전운전불이행,적설,눈,교차로 - 교차로안,승용,남,22세,상해없음,보행자,남,49세,경상
2020031600100197,2020년 3월 16일 11시,월요일,강원도 춘천시 우두동,경상사고,0,0,1,0,차대차 - 기타,신호위반,건조,맑음,교차로 - 교차로안,승용,남,60세,상해없음,승용,남,31세,경상
2020031600100220,2020년 3월 16일 12시,월요일,강원도 홍천군 내촌면,경상사고,0,0,1,0,차대차 - 정면충돌,중앙선침범,건조,맑음,단일로 - 지하차도(도로)내,화물,남,53세,상해없음,화물,남,32세,경상
2020031600100271,2020년 3월 16일 14시,월요일,강원도 춘천시 효자동,중상사고,0,1,0,0,차대사람 - 기타,안전운전불이행,건조,맑음,단일로 - 기타,승용,여,67세,상해없음,보행자,남,53세,중상
2020031600100331,2020년 3월 16일 16시,월요일,강원도 춘천시 서면,중상사고,0,1,1,0,차량단독 - 공작물충돌,안전운전불이행,건조,맑음,단일로 - 기타,화물,남,73세,경상,,,,
2020031600100403,2020년 3월 16일 18시,월요일,강원도 춘천시 효자동,경상사고,0,0,1,0,차대차 - 추돌,안전운전불이행,건조,맑음,교차로 - 교차로부근,승용,남,23세,상해없음,이륜,남,20세,경상
2020031600100404,2020년 3월 16일 18시,월요일,강원도 원주시 문막읍,경상사고,0,0,1,0,차대차 - 측면충돌,교차로운행방법위반,건조,맑음,교차로 - 교차로부근,승용,여,61세,상해없음,승용,남,50세,경상
2020031600100448,2020년 3월 16일 19시,월요일,강원도 춘천시 석사동,경상사고,0,0,1,0,차대차 - 측면충돌,안전운전불이행,건조,맑음,단일로 - 기타,이륜,남,23세,상해없음,이륜,남,51세,경상
2020031600100449,2020년 3월 16일 19시,월요일,강원도 홍천군 홍천읍,중상사고,0,1,0,0,차대차 - 측면충돌,안전운전불이행,건조,맑음,교차로 - 교차로부근,승용,남,60세,상해없음,이륜,남,52세,중상
2020031600100450,2020년 3월 16일 19시,월요일,강원도 인제군 인제읍,중상사고,0,1,0,0,차대차 - 추돌,안전운전불이행,건조,맑음,교차로 - 교차로안,승용,여,56세,상해없음,이륜,남,24세,중상
2020031600100483,2020년 3월 16일 20시,월요일,강원도 원주시 소초면,경상사고,0,0,2,0,차대차 - 추돌,안전운전불이행,건조,맑음,단일로 - 기타,승용,남,61세,상해없음,승용,남,50세,상해없음
2020031600100484,2020년 3월 16일 20시,월요일,강원도 원주시 학성동,경상사고,0,0,2,0,차대차 - 측면충돌,안전운전불이행,건조,맑음,단일로 - 기타,승용,여,47세,상해없음,승용,여,48세,경상
2020031600100509,2020년 3월 16일 21시,월요일,강원도 원주시 봉산동,경상사고,0,0,1,0,차대차 - 정면충돌,안전운전불이행,기타,맑음,기타 - 기타,승용,여,32세,상해없음,승용,남,67세,경상
2020031600100524,2020년 3월 16일 22시,월요일,강원도 춘천시 효자동,경상사고,0,0,1,0,차대차 - 측면충돌,안전운전불이행,건조,맑음,교차로 - 교차로안,승용,남,45세,상해없음,승용,남,40세,기타불명
2020031600100525,2020년 3월 16일 22시,월요일,강원도 속초시 청학동,중상사고,0,1,0,0,차대사람 - 횡단중,안전운전불이행,건조,맑음,주차장 - 주차장,승용,여,52세,기타불명,보행자,남,83세,중상
2020031700100082,2020년 3월 17일 08시,화요일,강원도 철원군 김화읍,중상사고,0,1,0,0,차대차 - 정면충돌,중앙선침범,건조,맑음,교차로 - 교차로안,화물,남,66세,상해없음,승용,여,61세,중상
2020031700100105,2020년 3월 17일 09시,화요일,강원도 춘천시 사북면,중상사고,0,1,0,0,차대차 - 정면충돌,중앙선침범,건조,맑음,단일로 - 기타,화물,남,66세,상해없음,화물,남,58세,중상
2020031700100106,2020년 3월 17일 09시,화요일,강원도 삼척시 당저동,경상사고,0,0,1,0,차대차 - 측면충돌,안전운전불이행,건조,맑음,교차로 - 교차로횡단보도내,자전거,남,76세,경상,승용,남,36세,상해없음
2020031700100131,2020년 3월 17일 10시,화요일,강원도 원주시 단계동,경상사고,0,0,1,0,차대차 - 측면충돌,안전운전불이행,건조,맑음,단일로 - 기타,승용,남,63세,상해없음,승용,여,37세,경상
2020031700100213,2020년 3월 17일 14시,화요일,강원도 횡성군 횡성읍,경상사고,0,0,4,0,차대차 - 추돌,기타,젖음/습기,비,단일로 - 기타,승합,남,60세,상해없음,승용,남,50세,경상
2020031700100252,2020년 3월 17일 15시,화요일,강원도 동해시 쇄운동,경상사고,0,0,1,0,차대차 - 측면충돌,안전운전불이행,건조,맑음,단일로 - 기타,승용,여,48세,상해없음,화물,남,46세,경상
2020031700100277,2020년 3월 17일 16시,화요일,강원도 화천군 화천읍,경상사고,0,0,1,0,차대차 - 측면충돌,신호위반,젖음/습기,비,교차로 - 교차로안,화물,남,33세,상해없음,승용,여,65세,경상
2020031700100344,2020년 3월 17일 18시,화요일,강원도 삼척시 신기면,경상사고,0,0,1,0,차대사람 - 횡단중,안전운전불이행,건조,흐림,단일로 - 기타,승용,여,56세,상해없음,보행자,남,35세,경상
2020031700100379,2020년 3월 17일 19시,화요일,강원도 양양군 양양읍,중상사고,0,3,1,0,차대차 - 측면충돌,중앙선침범,건조,맑음,기타 - 기타,승용,남,62세,상해없음,승용,남,53세,중상
2020031700100428,2020년 3월 17일 21시,화요일,강원도 원주시 우산동,경상사고,0,0,1,0,차대차 - 기타,안전운전불이행,건조,맑음,주차장 - 주차장,승용,남,31세,상해없음,승용,남,58세,상해없음
2020031700100466,2020년 3월 17일 23시,화요일,강원도 원주시 단계동,경상사고,0,0,1,0,차대차 - 추돌,안전운전불이행,건조,맑음,교차로 - 교차로안,승용,남,22세,상해없음,승용,남,51세,경상