사고번호,사고일시,요일,시군구,사고내용,사망자수,중상자수,경상자수,부상신고자수,사고유형,법규위반,노면상태,기상상태,도로형태,가해운전자 차종,가해운전자 성별,가해운전자 연령,가해운전자 상해정도,피해운전자 차종,피해운전자 성별,피해운전자 연령,피해운전자 상해정도
2020031800100033,2020년 3월 18일 04시,수요일,강원도 원주시 태장동,중상사고,0,1,0,0,차량단독 - 공작물충돌,안전운전불이행,젖음/습기,안개,단일로 - 기타,승용,남,64세,중상,,,,
2020031800100039,2020년 3월 18일 05시,수요일,강원도 삼척시 남양동,경상사고,0,0,1,1,차대차 - 측면충돌,신호위반,건조,흐림,교차로 - 교차로안,화물,남,50세,부상신고,승용,남,60세,경상
2020031800100061,2020년 3월 18일 07시,수요일,강원도 원주시 문막읍,경상사고,0,0,1,0,차대차 - 정면충돌,안전운전불이행,건조,기타,교차로 - 교차로안,건설기계,남,65세,상해없음,승용,남,42세,경상
2020031800100091,2020년 3월 18일 08시,수요일,강원도 춘천시 동면,중상사고,0,1,0,0,차대차 - 측면충돌,신호위반,건조,맑음,교차로 - 교차로안,건설기계,남,51세,상해없음,승용,여,40세,중상
2020031800100136,2020년 3월 18일 10시,수요일,강원도 홍천군 홍천읍,중상사고,0,1,0,0,차대차 - 측면충돌,교차로운행방법위반,건조,맑음,교차로 - 교차로안,승용,여,57세,상해없음,이륜,남,75세,중상
2020031800100158,2020년 3월 18일 11시,수요일,강원도 춘천시 후평동,경상사고,0,0,2,0,차대차 - 측면충돌,신호위반,건조,맑음,교차로 - 교차로안,승용,여,41세,상해없음,승용,여,47세,경상
2020031800100159,2020년 3월 18일 11시,수요일,강원도 춘천시 후평동,경상사고,0,0,1,0,차대차 - 측면충돌,교차로운행방법위반,건조,맑음,교차로 - 교차로안,승용,남,63세,상해없음,승용,남,41세,경상
2020031800100160,2020년 3월 18일 11시,수요일,강원도 철원군 갈말읍,중상사고,0,1,0,0,차대차 - 측면충돌,직진우회전진행방해,건조,맑음,교차로 - 교차로안,승용,여,24세,상해없음,이륜,남,84세,중상
2020031800100192,2020년 3월 18일 12시,수요일,강원도 강릉시 포남동,경상사고,0,0,1,0,차대차 - 추돌,안전운전불이행,건조,맑음,교차로 - 교차로안,승용,여,40세,상해없음,승용,여,39세,경상
2020031800100193,2020년 3월 18일 12시,수요일,강원도 횡성군 안흥면,중상사고,0,1,0,0,차량단독 - 기타,안전운전불이행,건조,맑음,단일로 - 기타,화물,남,72세,중상,,,,
2020031800100213,2020년 3월 18일 13시,수요일,강원도 횡성군 횡성읍,중상사고,0,1,3,0,차대차 - 기타,중앙선침범,건조,맑음,단일로 - 기타,승용,남,37세,상해없음,승용,여,60세,경상
2020031800100244,2020년 3월 18일 14시,수요일,강원도 춘천시 효자동,중상사고,0,1,0,0,차대사람 - 횡단중,안전운전불이행,건조,맑음,교차로 - 교차로안,승용,여,58세,상해없음,보행자,여,59세,중상
2020031800100245,2020년 3월 18일 14시,수요일,강원도 강릉시 포남동,경상사고,0,0,1,0,차대차 - 후진중충돌,안전운전불이행,건조,맑음,단일로 - 기타,화물,남,62세,상해없음,승용,여,70세,경상
2020031800100246,2020년 3월 18일 14시,수요일,강원도 원주시 중앙동,경상사고,0,0,2,0,차대차 - 측면충돌,교차로운행방법위반,건조,맑음,교차로 - 교차로안,승용,여,49세,상해없음,승용,남,27세,경상
2020031800100302,2020년 3월 18일 16시,수요일,강원도 횡성군 우천면,경상사고,0,0,4,0,차대차 - 추돌,안전운전불이행,건조,맑음,단일로 - 기타,승용,남,29세,상해없음,승용,남,44세,경상
2020031800100351,2020년 3월 18일 17시,수요일,강원도 춘천시 중앙로2가,경상사고,0,0,1,0,차대사람 - 횡단중,보행자보호의무위반,건조,맑음,교차로 - 교차로횡단보도내,이륜,남,34세,상해없음,보행자,여,60세,경상
2020031800100352,2020년 3월 18일 17시,수요일,강원도 속초시 금호동,경상사고,0,0,1,0,차대차 - 기타,기타,건조,맑음,단일로 - 기타,승용,남,26세,상해없음,이륜,남,57세,경상
2020031800100387,2020년 3월 18일 18시,수요일,강원도 춘천시 효자동,경상사고,0,0,3,0,차대차 - 측면충돌,안전운전불이행,건조,맑음,교차로 - 교차로안,승용,남,24세,상해없음,승용,여,30세,경상
2020031800100421,2020년 3월 18일 19시,수요일,강원도 평창군 봉평면,중상사고,0,1,0,0,차대사람 - 차도통행중,안전운전불이행,건조,맑음,단일로 - 기타,승용,남,72세,상해없음,보행자,남,82세,중상
2020031800100422,2020년 3월 18일 19시,수요일,강원도 양구군 양구읍,중상사고,0,1,1,0,차대차 - 측면충돌,과속,건조,맑음,교차로 - 교차로안,승용,남,31세,경상,승용,남,37세,중상
2020031800100448,2020년 3월 18일 20시,수요일,강원도 원주시 문막읍,경상사고,0,0,1,0,차대차 - 추돌,안전운전불이행,건조,맑음,단일로 - 기타,승용,남,52세,상해없음,승용,남,25세,경상
2020031800100449,2020년 3월 18일 20시,수요일,강원도 속초시 교동,중상사고,0,1,0,0,차대차 - 측면충돌,안전운전불이행,건조,맑음,교차로 - 교차로부근,화물,남,69세,상해없음,이륜,남,25세,중상
2020031800100490,2020년 3월 18일 22시,수요일,강원도 속초시 교동,경상사고,0,0,1,0,차대차 - 추돌,신호위반,건조,맑음,교차로 - 교차로안,화물,남,56세,상해없음,승용,여,29세,경상
2020031900100055,2020년 3월 19일 07시,목요일,강원도 강릉시 교동,경상사고,0,0,1,0,차대차 - 측면충돌,신호위반,건조,맑음,교차로 - 교차로안,승용,남,36세,상해없음,화물,남,39세,경상
2020031900100056,2020년 3월 19일 07시,목요일,강원도 원주시 단구동,경상사고,0,0,1,0,차대차 - 측면충돌,신호위반,건조,맑음,교차로 - 교차로안,승합,남,54세,상해없음,화물,남,55세,경상
2020031900100077,2020년 3월 19일 08시,목요일,강원도 춘천시 우두동,경상사고,0,0,1,0,차대차 - 측면충돌,안전운전불이행,건조,맑음,단일로 - 기타,승용,남,72세,상해없음,승합,남,56세,상해없음
2020031900100097,2020년 3월 19일 09시,목요일,강원도 동해시 효가동,경상사고,0,0,1,0,차대차 - 측면충돌,안전운전불이행,건조,맑음,교차로 - 교차로부근,승용,여,69세,상해없음,승용,여,60세,경상
2020031900100177,2020년 3월 19일 13시,목요일,강원도 원주시 학성동,경상사고,0,0,1,0,차대차 - 기타,교차로운행방법위반,건조,맑음,교차로 - 교차로안,승용,남,58세,상해없음,승합,남,46세,경상
2020031900100178,2020년 3월 19일 13시,목요일,강원도 원주시 단구동,경상사고,0,0,1,0,차대사람 - 횡단중,신호위반,건조,맑음,기타 - 기타,승용,여,47세,상해없음,보행자,여,64세,경상
2020031900100179,2020년 3월 19일 13시,목요일,강원도 양양군 양양읍,경상사고,0,0,1,0,차대사람 - 횡단중,안전운전불이행,건조,맑음,단일로 - 지하차도(도로)내,승용,여,73세,상해없음,보행자,남,58세,경상
2020031900100204,2020년 3월 19일 14시,목요일,강원도 원주시 무실동,중상사고,0,1,0,0,차대차 - 추돌,안전운전불이행,건조,맑음,단일로 - 기타,개인형이동수단(PM),남,28세,중상,자전거,남,16세,상해없음
2020031900100235,2020년 3월 19일 15시,목요일,강원도 원주시 단구동,중상사고,0,1,0,0,차대차 - 측면충돌,안전운전불이행,기타,맑음,기타 - 기타,화물,남,65세,상해없음,이륜,남,52세,중상
2020031900100236,2020년 3월 19일 15시,목요일,강원도 동해시 구미동,경상사고,0,0,1,0,차대사람 - 보도통행중,보행자보호의무위반,건조,맑음,교차로 - 교차로안,승합,남,57세,상해없음,보행자,여,67세,경상
2020031900100263,2020년 3월 19일 16시,목요일,강원도 원주시 행구동,중상사고,0,1,0,0,차대차 - 기타,안전운전불이행,건조,맑음,교차로 - 교차로횡단보도내,승용,남,60세,상해없음,자전거,남,63세,중상
2020031900100340,2020년 3월 19일 18시,목요일,강원도 원주시 단계동,경상사고,0,0,1,0,차대사람 - 횡단중,보행자보호의무위반,건조,맑음,교차로 - 교차로횡단보도내,승용,여,49세,상해없음,보행자,남,24세,경상
2020031900100379,2020년 3월 19일 19시,목요일,강원도 원주시 태장동,경상사고,0,0,4,0,차대차 - 측면충돌,안전운전불이행,건조,맑음,교차로 - 교차로안,승용,여,59세,경상,승용,남,27세,경상
2020031900100380,2020년 3월 19일 19시,목요일,강원도 원주시 명륜동,경상사고,0,0,1,0,차대사람 - 보도통행중,보행자보호의무위반,건조,맑음,교차로 - 교차로횡단보도내,승용,남,57세,상해없음,보행자,여,24세,경상
2020031900100429,2020년 3월 19일 21시,목요일,강원도 강릉시 내곡동,경상사고,0,0,2,0,차대차 - 측면충돌,직진우회전진행방해,건조,맑음,교차로 - 교차로안,승용,남,29세,상해없음,승용,남,46세,경상
2020032000100053,2020년 3월 20일 05시,금요일,강원도 강릉시 포남동,경상사고,0,0,1,0,차대차 - 기타,안전운전불이행,건조,맑음,단일로 - 기타,승용,남,40세,상해없음,이륜,남,22세,경상
2020032000100106,2020년 3월 20일 08시,금요일,강원도 춘천시 석사동,경상사고,0,0,1,0,차대차 - 기타,안전거리미확보,건조,맑음,교차로 - 교차로부근,승합,여,62세,상해없음,승용,여,39세,경상
2020032000100107,2020년 3월 20일 08시,금요일,강원도 고성군 죽왕면,경상사고,0,0,1,0,차대차 - 추돌,안전운전불이행,건조,맑음,교차로 - 교차로부근,건설기계,남,63세,상해없음,승용,남,47세,경상
2020032000100135,2020년 3월 20일 09시,금요일,강원도 춘천시 효자동,경상사고,0,0,1,0,차대차 - 측면충돌,중앙선침범,건조,맑음,단일로 - 기타,자전거,남,67세,경상,승용,여,42세,상해없음
2020032000100159,2020년 3월 20일 10시,금요일,강원도 속초시 조양동,경상사고,0,0,3,1,차대차 - 측면충돌,차로위반,건조,맑음,교차로 - 교차로부근,승용,여,48세,상해없음,승용,남,23세,부상신고
2020032000100216,2020년 3월 20일 12시,금요일,강원도 횡성군 횡성읍,중상사고,0,1,0,0,차대사람 - 기타,안전운전불이행,건조,맑음,교차로 - 교차로부근,화물,남,51세,상해없음,보행자,남,78세,중상
2020032000100253,2020년 3월 20일 13시,금요일,강원도 삼척시 원덕읍,경상사고,0,0,3,0,차대차 - 측면충돌,안전거리미확보,건조,맑음,단일로 - 기타,화물,남,42세,상해없음,승용,남,45세,경상
2020032000100254,2020년 3월 20일 13시,금요일,강원도 홍천군 두촌면,중상사고,0,1,0,0,차대차 - 추돌,안전거리미확보,건조,맑음,단일로 - 지하차도(도로)내,이륜,남,76세,중상,승용,남,59세,상해없음
2020032000100284,2020년 3월 20일 14시,금요일,강원도 원주시 단계동,중상사고,0,1,0,0,차대차 - 기타,교차로운행방법위반,건조,맑음,교차로 - 교차로부근,승합,남,42세,상해없음,승용,여,53세,중상
2020032000100285,2020년 3월 20일 14시,금요일,강원도 삼척시 근덕면,중상사고,0,1,0,0,차량단독 - 기타,기타,건조,맑음,단일로 - 기타,화물,남,75세,중상,,,,
2020032000100331,2020년 3월 20일 15시,금요일,강원도 강릉시 유산동,경상사고,0,0,1,0,차대차 - 측면충돌,신호위반,건조,맑음,교차로 - 교차로안,승용,남,78세,상해없음,승용,여,63세,경상
2020032000100332,2020년 3월 20일 15시,금요일,강원도 원주시 학성동,중상사고,0,1,0,0,차대사람 - 횡단중,보행자보호의무위반,건조,맑음,단일로 - 기타,승용,여,36세,상해없음,보행자,남,80세,중상
2020032000100333,2020년 3월 20일 15시,금요일,강원도 양양군 강현면,경상사고,0,0,1,0,차대차 - 추돌,안전운전불이행,건조,맑음,교차로 - 교차로부근,승용,남,47세,상해없음,승용,남,66세,상해없음
2020032000100334,2020년 3월 20일 15시,금요일,강원도 태백시 황지동,경상사고,0,0,1,0,차대사람 - 기타,안전운전불이행,건조,맑음,주차장 - 주차장,승용,남,84세,상해없음,보행자,여,63세,경상
2020032000100373,2020년 3월 20일 16시,금요일,강원도 원주시 태장동,경상사고,0,0,1,0,차대차 - 측면충돌,기타,건조,맑음,교차로 - 교차로안,건설기계,남,57세,상해없음,승용,남,43세,경상
2020032000100374,2020년 3월 20일 16시,금요일,강원도 원주시 판부면,경상사고,0,0,1,0,차대차 - 측면충돌,직진우회전진행방해,건조,맑음,교차로 - 교차로부근,승용,여,41세,상해없음,승용,여,42세,경상
2020032000100375,2020년 3월 20일 16시,금요일,강원도 삼척시 정상동,경상사고,0,0,2,0,차대차 - 추돌,안전거리미확보,건조,맑음,교차로 - 교차로부근,건설기계,남,66세,상해없음,승용,여,58세,경상
2020032000100376,2020년 3월 20일 16시,금요일,강원도 영월군 영월읍,경상사고,0,0,1,0,차대사람 - 횡단중,안전운전불이행,건조,맑음,단일로 - 지하차도(도로)내,승용,남,42세,상해없음,보행자,남,11세,경상
2020032000100594,2020년 3월 20일 23시,금요일,강원도 동해시 평릉동,중상사고,0,1,0,0,차대사람 - 횡단중,안전운전불이행,건조,맑음,교차로 - 교차로안,승용,남,35세,상해없음,보행자,남,49세,중상
2020032100100025,2020년 3월 21일 01시,토요일,강원도 삼척시 오분동,사망사고,1,0,0,0,차량단독 - 공작물충돌,안전운전불이행,건조,맑음,단일로 - 기타,승용,여,53세,사망,,,,
2020032100100143,2020년 3월 21일 10시,토요일,강원도 원주시 흥업면,경상사고,0,0,1,0,차대차 - 측면충돌,신호위반,건조,맑음,교차로 - 교차로안,화물,남,22세,상해없음,화물,남,55세,경상
2020032100100214,2020년 3월 21일 12시,토요일,강원도 강릉시 초당동,경상사고,0,0,1,0,차대차 - 측면충돌,안전운전불이행,건조,맑음,교차로 - 교차로안,승용,여,44세,상해없음,승용,남,28세,경상
2020032100100244,2020년 3월 21일 13시,토요일,강원도 원주시 태장동,중상사고,0,1,0,0,차대차 - 측면충돌,안전운전불이행,건조,맑음,단일로 - 기타,승용,남,42세,상해없음,승용,여,60세,중상
2020032100100325,2020년 3월 21일 15시,토요일,강원도 속초시 교동,경상사고,0,0,1,0,차대차 - 측면충돌,안전운전불이행,건조,맑음,교차로 - 교차로안,승용,남,42세,상해없음,승용,남,71세,경상
2020032100100355,2020년 3월 21일 16시,토요일,강원도 춘천시 신북읍,부상신고사고,0,0,0,1,차대차 - 측면충돌,안전운전불이행,건조,맑음,교차로 - 교차로안,이륜,남,49세,상해없음,승용,여,60세,상해없음
2020032100100356,2020년 3월 21일 16시,토요일,강원도 춘천시 근화동,경상사고,0,0,4,0,차대차 - 측면충돌,교차로운행방법위반,건조,맑음,교차로 - 교차로안,승용,여,57세,상해없음,승용,남,43세,경상
2020032100100424,2020년 3월 21일 18시,토요일,강원도 원주시 단계동,중상사고,0,1,2,0,차대차 - 측면충돌,신호위반,건조,맑음,교차로 - 교차로안,화물,남,37세,중상,승용,여,41세,경상
2020032100100452,2020년 3월 21일 19시,토요일,강원도 양양군 강현면,경상사고,0,0,1,0,차대차 - 측면충돌,안전운전불이행,건조,맑음,교차로 - 교차로안,화물,남,45세,상해없음,승용,남,66세,상해없음
2020032100100506,2020년 3월 21일 21시,토요일,강원도 강릉시 교동,경상사고,0,0,1,0,차대차 - 추돌,안전운전불이행,젖음/습기,비,단일로 - 기타,승용,남,64세,상해없음,승용,여,68세,경상
2020032200100013,2020년 3월 22일 00시,일요일,강원도 원주시 개운동,경상사고,0,0,2,0,차대차 - 측면충돌,기타,건조,기타,교차로 - 교차로안,승용,남,44세,상해없음,승용,남,21세,경상
2020032200100105,2020년 3월 22일 10시,일요일,강원도 철원군 김화읍,경상사고,0,0,1,0,차대차 - 후진중충돌,안전운전불이행,건조,맑음,단일로 - 기타,화물,남,53세,상해없음,승용,남,72세,경상
2020032200100130,2020년 3월 22일 11시,일요일,강원도 강릉시 초당동,경상사고,0,0,3,0,차대차 - 정면충돌,중앙선침범,건조,맑음,단일로 - 기타,승용,남,30세,상해없음,승용,여,49세,경상
2020032200100131,2020년 3월 22일 11시,일요일,강원도 홍천군 서석면,경상사고,0,0,1,1,차대차 - 측면충돌,안전운전불이행,건조,맑음,단일로 - 지하차도(도로)내,화물,남,56세,부상신고,승용,여,61세,상해없음
2020032200100152,2020년 3월 22일 12시,일요일,강원도 강릉시 포남동,경상사고,0,0,1,0,차대차 - 측면충돌,안전운전불이행,건조,맑음,교차로 - 교차로안,승용,남,59세,상해없음,자전거,남,74세,경상
2020032200100169,2020년 3월 22일 13시,일요일,강원도 원주시 신림면,경상사고,0,0,1,0,차대차 - 추돌,중앙선침범,건조,맑음,단일로 - 기타,이륜,남,41세,경상,승용,남,54세,상해없음
2020032200100223,2020년 3월 22일 15시,일요일,강원도 횡성군 둔내면,경상사고,0,0,2,0,차대차 - 측면충돌,신호위반,건조,맑음,교차로 - 교차로안,특수,남,39세,상해없음,승용,남,38세,경상
2020032200100252,2020년 3월 22일 16시,일요일,강원도 춘천시 중앙로2가,경상사고,0,0,1,0,차대차 - 정면충돌,안전운전불이행,건조,맑음,교차로 - 교차로횡단보도내,이륜,남,15세,상해없음,자전거,남,6세,경상
2020032200100253,2020년 3월 22일 16시,일요일,강원도 고성군 토성면,경상사고,0,0,1,0,차대차 - 측면충돌,안전운전불이행,건조,맑음,교차로 - 교차로부근,승용,여,56세,상해없음,화물,남,29세,경상
2020032200100278,2020년 3월 22일 17시,일요일,강원도 춘천시 교동,경상사고,0,0,1,0,차대차 - 기타,안전운전불이행,건조,맑음,단일로 - 기타,승용,남,51세,상해없음,이륜,남,37세,경상
2020032200100305,2020년 3월 22일 18시,일요일,강원도 철원군 서면,경상사고,0,0,2,0,차대차 - 기타,안전운전불이행,건조,맑음,기타 - 기타,화물,남,69세,기타불명,승용,남,54세,경상
2020032200100324,2020년 3월 22일 19시,일요일,강원도 원주시 무실동,경상사고,0,0,1,0,차대차 - 추돌,안전거리미확보,건조,맑음,교차로 - 교차로부근,승용,남,51세,상해없음,승용,여,35세,경상
2020032200100325,2020년 3월 22일 19시,일요일,강원도 원주시 반곡동,경상사고,0,0,1,0,차대사람 - 기타,안전운전불이행,건조,맑음,단일로 - 기타,승용,남,37세,상해없음,보행자,남,39세,경상
2020032200100326,2020년 3월 22일 19시,일요일,강원도 삼척시 원덕읍,경상사고,0,0,2,0,차대차 - 추돌,안전운전불이행,건조,맑음,교차로 - 교차로부근,승용,여,59세,상해없음,승용,남,29세,경상
2020032200100385,2020년 3월 22일 22시,일요일,강원도 강릉시 입암동,경상사고,0,0,1,0,차대차 - 측면충돌,신호위반,건조,맑음,교차로 - 교차로안,승용,남,26세,기타불명,승용,남,33세,경상
2020032300100023,2020년 3월 23일 03시,월요일,강원도 원주시 중앙동,경상사고,0,0,2,0,차대차 - 추돌,안전운전불이행,건조,맑음,교차로 - 교차로안,승용,남,61세,상해없음,승용,남,34세,경상
2020032300100051,2020년 3월 23일 07시,월요일,강원도 속초시 교동,경상사고,0,0,1,0,차대차 - 기타,안전운전불이행,건조,맑음,교차로 - 교차로안,승용,남,34세,상해없음,자전거,남,35세,경상
2020032300100085,2020년 3월 23일 08시,월요일,강원도 원주시 단계동,중상사고,0,1,0,0,차대차 - 추돌,안전운전불이행,건조,맑음,교차로 - 교차로부근,승용,남,56세,기타불명,승용,남,67세,상해없음
2020032300100122,2020년 3월 23일 09시,월요일,강원도 춘천시 동면,중상사고,0,1,2,0,차대차 - 기타,교차로운행방법위반,건조,맑음,교차로 - 교차로부근,화물,남,56세,상해없음,승합,남,48세,중상
2020032300100123,2020년 3월 23일 09시,월요일,강원도 춘천시 퇴계동,경상사고,0,0,1,0,차대차 - 기타,불법유턴,건조,맑음,교차로 - 교차로부근,승용,남,65세,상해없음,승용,남,33세,경상
2020032300100124,2020년 3월 23일 09시,월요일,강원도 홍천군 내촌면,경상사고,0,0,1,0,차대차 - 측면충돌,안전운전불이행,건조,맑음,교차로 - 교차로부근,건설기계,남,33세,상해없음,화물,남,79세,경상
2020032300100159,2020년 3월 23일 10시,월요일,강원도 원주시 호저면,경상사고,0,0,5,0,차대차 - 추돌,과속,기타,맑음,교차로 - 교차로부근,승용,남,72세,경상,화물,남,39세,경상
2020032300100160,2020년 3월 23일 10시,월요일,강원도 원주시 명륜동,경상사고,0,0,1,0,차대차 - 기타,직진우회전진행방해,건조,맑음,교차로 - 교차로안,화물,남,72세,기타불명,승용,남,37세,경상
2020032300100161,2020년 3월 23일 10시,월요일,강원도 고성군 토성면,부상신고사고,0,0,0,1,차대사람 - 기타,안전운전불이행,건조,맑음,기타 - 기타,화물,남,44세,상해없음,보행자,여,71세,부상신고
2020032300100162,2020년 3월 23일 10시,월요일,강원도 동해시 효가동,경상사고,0,0,1,0,차대차 - 측면충돌,직진우회전진행방해,건조,맑음,교차로 - 교차로안,승용,여,63세,상해없음,승용,남,37세,경상
2020032300100202,2020년 3월 23일 11시,월요일,강원도 태백시 상사미동,경상사고,0,0,1,0,차대차 - 기타,기타,건조,맑음,단일로 - 기타,화물,남,64세,상해없음,화물,여,49세,경상
2020032300100256,2020년 3월 23일 13시,월요일,강원도 강릉시 안현동,경상사고,0,0,1,0,차대사람 - 횡단중,보행자보호의무위반,건조,맑음,교차로 - 교차로횡단보도내,승용,남,37세,상해없음,보행자,남,44세,경상
2020032300100375,2020년 3월 23일 17시,월요일,강원도 철원군 근남면,경상사고,0,0,2,0,차대차 - 측면충돌,교차로운행방법위반,건조,맑음,교차로 - 교차로안,승용,여,63세,경상,화물,남,60세,경상
2020032300100496,2020년 3월 23일 20시,월요일,강원도 강릉시 옥천동,경상사고,0,0,1,0,차대차 - 측면충돌,안전운전불이행,건조,맑음,교차로 - 교차로안,원동기,남,44세,상해없음,승용,여,49세,경상
2020032400100005,2020년 3월 24일 00시,화요일,강원도 원주시 부론면,사망사고,1,1,0,0,차대차 - 추돌,안전거리미확보,건조,맑음,단일로 - 기타,화물,남,59세,사망,화물,남,63세,중상
2020032400100035,2020년 3월 24일 04시,화요일,강원도 원주시 단계동,경상사고,0,0,5,0,차대차 - 정면충돌,중앙선침범,건조,맑음,교차로 - 교차로안,승용,남,27세,경상,승용,남,34세,경상
2020032400100091,2020년 3월 24일 08시,화요일,강원도 춘천시 효자동,중상사고,0,1,0,0,차대차 - 측면충돌,안전운전불이행,건조,맑음,교차로 - 교차로안,이륜,남,22세,중상,승용,남,41세,상해없음
2020032400100092,2020년 3월 24일 08시,화요일,강원도 춘천시 후평동,경상사고,0,0,1,0,차대차 - 측면충돌,신호위반,건조,맑음,교차로 - 교차로안,승용,남,58세,상해없음,승용,남,60세,경상
2020032400100150,2020년 3월 24일 10시,화요일,강원도 평창군 미탄면,경상사고,0,0,1,0,차대차 - 후진중충돌,안전운전불이행,건조,맑음,단일로 - 기타,화물,남,70세,상해없음,화물,남,67세,경상
2020032400100151,2020년 3월 24일 10시,화요일,강원도 횡성군 우천면,경상사고,0,0,1,0,차대차 - 측면충돌,중앙선침범,건조,맑음,단일로 - 기타,승용,여,71세,상해없음,승용,남,54세,경상
2020032400100152,2020년 3월 24일 10시,화요일,강원도 고성군 간성읍,사망사고,1,0,0,0,차량단독 - 도로외이탈 - 추락,안전운전불이행,건조,맑음,단일로 - 기타,화물,남,46세,사망,,,,
2020032400100213,2020년 3월 24일 12시,화요일,강원도 삼척시 남양동,중상사고,0,1,0,0,차대차 - 추돌,안전운전불이행,건조,맑음,단일로 - 기타,승용,남,22세,상해없음,화물,남,58세,상해없음
2020032400100214,2020년 3월 24일 12시,화요일,강원도 태백시 황지동,중상사고,0,1,2,0,차대차 - 측면충돌,교차로운행방법위반,건조,맑음,교차로 - 교차로안,승용,남,42세,상해없음,승용,남,45세,중상
2020032400100241,2020년 3월 24일 13시,화요일,강원도 원주시 단구동,경상사고,0,0,2,0,차대차 - 측면충돌,안전운전불이행,건조,맑음,단일로 - 기타,화물,남,42세,상해없음,승용,남,26세,경상
2020032400100313,2020년 3월 24일 15시,화요일,강원도 춘천시 운교동,경상사고,0,0,2,0,차대차 - 기타,안전거리미확보,건조,맑음,단일로 - 기타,승용,여,27세,상해없음,승용,남,70세,경상
2020032400100314,2020년 3월 24일 15시,화요일,강원도 원주시 관설동,경상사고,0,0,1,0,차대사람 - 횡단중,안전운전불이행,건조,맑음,단일로 - 기타,승용,여,70세,상해없음,보행자,남,73세,경상
2020032400100315,2020년 3월 24일 15시,화요일,강원도 원주시 문막읍,경상사고,0,0,1,0,차대차 - 후진중충돌,안전운전불이행,건조,맑음,단일로 - 기타,화물,남,72세,상해없음,이륜,남,65세,경상
2020032400100390,2020년 3월 24일 17시,화요일,강원도 원주시 반곡동,중상사고,0,1,0,0,차대차 - 정면충돌,안전운전불이행,기타,기타,단일로 - 기타,승용,남,83세,기타불명,이륜,남,32세,중상
2020032400100418,2020년 3월 24일 18시,화요일,강원도 원주시 행구동,경상사고,0,0,1,0,차대차 - 측면충돌,안전운전불이행,건조,맑음,교차로 - 교차로안,승용,남,75세,상해없음,화물,남,58세,경상
2020032400100491,2020년 3월 24일 20시,화요일,강원도 춘천시 효자동,경상사고,0,0,2,0,차대차 - 측면충돌,안전운전불이행,건조,맑음,교차로 - 교차로안,승용,여,52세,상해없음,승용,남,28세,경상
2020032400100532,2020년 3월 24일 22시,화요일,강원도 원주시 중앙동,경상사고,0,0,1,0,차대사람 - 횡단중,신호위반,건조,맑음,교차로 - 교차로횡단보도내,승용,남,57세,상해없음,보행자,남,60세,경상
2020032500100048,2020년 3월 25일 06시,수요일,강원도 정선군 신동읍,경상사고,0,0,1,0,차대차 - 후진중충돌,안전운전불이행,건조,맑음,단일로 - 기타,화물,남,53세,상해없음,승용,여,61세,경상
2020032500100083,2020년 3월 25일 08시,수요일,강원도 고성군 토성면,부상신고사고,0,0,0,2,차대차 - 측면충돌,안전운전불이행,건조,맑음,기타 - 기타,승용,남,24세,부상신고,승용,여,41세,부상신고
2020032500100212,2020년 3월 25일 12시,수요일,강원도 원주시 관설동,경상사고,0,0,2,0,차대차 - 추돌,안전운전불이행,건조,맑음,교차로 - 교차로부근,승용,남,22세,상해없음,승합,남,49세,경상
2020032500100213,2020년 3월 25일 12시,수요일,강원도 원주시 부론면,경상사고,0,0,1,0,차대차 - 추돌,안전거리미확보,건조,맑음,단일로 - 기타,승용,남,18세,상해없음,화물,남,59세,경상
2020032500100214,2020년 3월 25일 12시,수요일,강원도 원주시 단계동,경상사고,0,0,1,0,차대차 - 추돌,안전운전불이행,건조,맑음,단일로 - 기타,승용,남,35세,상해없음,승용,남,38세,경상
2020032500100248,2020년 3월 25일 13시,수요일,강원도 춘천시 동내면,경상사고,0,0,2,0,차대차 - 기타,중앙선침범,건조,맑음,단일로 - 기타,승용,남,23세,상해없음,화물,남,30세,경상
2020032500100280,2020년 3월 25일 14시,수요일,강원도 강릉시 내곡동,경상사고,0,0,3,0,차대차 - 측면충돌,안전운전불이행,건조,맑음,교차로 - 교차로안,승용,여,55세,상해없음,승용,여,29세,경상
2020032500100281,2020년 3월 25일 14시,수요일,강원도 춘천시 동산면,경상사고,0,0,1,0,차대차 - 기타,기타,건조,맑음,단일로 - 기타,기타불명,기타불명,미분류,기타불명,특수,남,49세,경상
2020032500100339,2020년 3월 25일 16시,수요일,강원도 강릉시 교동,경상사고,0,0,1,0,차대사람 - 횡단중,보행자보호의무위반,건조,맑음,교차로 - 교차로부근,승용,남,82세,상해없음,보행자,여,12세,경상
2020032500100381,2020년 3월 25일 17시,수요일,강원도 춘천시 후평동,경상사고,0,0,1,0,차대차 - 후진중충돌,안전운전불이행,건조,맑음,단일로 - 기타,승용,남,50세,상해없음,승용,남,34세,경상