사고번호,사고일시,요일,시군구,사고내용,사망자수,중상자수,경상자수,부상신고자수,사고유형,법규위반,노면상태,기상상태,도로형태,가해운전자 차종,가해운전자 성별,가해운전자 연령,가해운전자 상해정도,피해운전자 차종,피해운전자 성별,피해운전자 연령,피해운전자 상해정도
2020032500100382,2020년 3월 25일 17시,수요일,강원도 춘천시 퇴계동,중상사고,0,1,0,0,차대사람 - 횡단중,안전운전불이행,건조,맑음,단일로 - 기타,승용,남,77세,상해없음,보행자,여,79세,중상
2020032500100383,2020년 3월 25일 17시,수요일,강원도 강릉시 안현동,경상사고,0,0,1,0,차대차 - 측면충돌,안전운전불이행,건조,맑음,단일로 - 기타,화물,남,64세,상해없음,화물,남,62세,경상
2020032500100461,2020년 3월 25일 19시,수요일,강원도 원주시 반곡동,중상사고,0,1,1,0,차대차 - 측면충돌,중앙선침범,건조,기타,기타 - 기타,승용,남,33세,기타불명,승용,남,21세,경상
2020032500100526,2020년 3월 25일 21시,수요일,강원도 원주시 일산동,경상사고,0,0,1,0,차대차 - 측면충돌,교차로운행방법위반,건조,맑음,교차로 - 교차로안,승용,남,72세,상해없음,승용,여,58세,경상
2020032500100552,2020년 3월 25일 22시,수요일,강원도 강릉시 옥천동,경상사고,0,0,1,0,차대차 - 측면충돌,안전운전불이행,건조,맑음,교차로 - 교차로안,승용,남,70세,상해없음,승용,여,45세,경상
2020032600100052,2020년 3월 26일 06시,목요일,강원도 동해시 구미동,경상사고,0,0,1,0,차대차 - 측면충돌,안전운전불이행,건조,맑음,단일로 - 기타,승용,남,26세,상해없음,승용,남,68세,경상
2020032600100090,2020년 3월 26일 08시,목요일,강원도 춘천시 온의동,경상사고,0,0,1,0,차대차 - 측면충돌,안전운전불이행,건조,맑음,교차로 - 교차로부근,승용,남,65세,상해없음,승용,남,30세,경상
2020032600100091,2020년 3월 26일 08시,목요일,강원도 원주시 단구동,경상사고,0,0,1,0,차대차 - 측면충돌,교차로운행방법위반,건조,맑음,교차로 - 교차로안,승용,남,24세,상해없음,승용,남,33세,경상
2020032600100131,2020년 3월 26일 10시,목요일,강원도 원주시 단계동,경상사고,0,0,1,0,차대사람 - 차도통행중,보행자보호의무위반,건조,맑음,교차로 - 교차로안,승용,여,26세,상해없음,보행자,여,90세,경상
2020032600100159,2020년 3월 26일 11시,목요일,강원도 강릉시 주문진읍,중상사고,0,1,0,0,차대차 - 측면충돌,안전운전불이행,건조,맑음,교차로 - 교차로안,승용,여,65세,상해없음,원동기,남,65세,중상
2020032600100193,2020년 3월 26일 12시,목요일,강원도 양양군 현북면,중상사고,0,1,0,0,차대차 - 측면충돌,안전운전불이행,건조,맑음,교차로 - 교차로안,승용,남,33세,상해없음,화물,남,85세,중상
2020032600100215,2020년 3월 26일 13시,목요일,강원도 원주시 귀래면,중상사고,0,1,0,0,차대차 - 추돌,안전운전불이행,건조,맑음,단일로 - 기타,승용,남,57세,상해없음,농기계,남,61세,중상
2020032600100216,2020년 3월 26일 13시,목요일,강원도 원주시 단계동,경상사고,0,0,1,0,차대차 - 후진중충돌,안전운전불이행,건조,맑음,단일로 - 기타,승용,여,46세,상해없음,화물,남,27세,경상
2020032600100217,2020년 3월 26일 13시,목요일,강원도 삼척시 도계읍,경상사고,0,0,4,0,차대차 - 추돌,안전운전불이행,건조,맑음,교차로 - 교차로부근,승용,남,61세,상해없음,승용,남,39세,경상
2020032600100218,2020년 3월 26일 13시,목요일,강원도 화천군 화천읍,경상사고,0,0,1,0,차량단독 - 공작물충돌,안전운전불이행,건조,맑음,단일로 - 터널,이륜,남,79세,경상,,,,
2020032600100283,2020년 3월 26일 16시,목요일,강원도 동해시 천곡동,경상사고,0,0,1,0,차대차 - 측면충돌,안전거리미확보,건조,맑음,교차로 - 교차로안,승용,여,55세,상해없음,승용,남,34세,경상
2020032600100321,2020년 3월 26일 17시,목요일,강원도 춘천시 후평동,경상사고,0,0,1,0,차대사람 - 횡단중,보행자보호의무위반,건조,맑음,교차로 - 교차로횡단보도내,승용,여,56세,상해없음,보행자,남,10세,경상
2020032600100479,2020년 3월 26일 21시,목요일,강원도 원주시 관설동,경상사고,0,0,1,0,차대사람 - 횡단중,보행자보호의무위반,젖음/습기,비,교차로 - 교차로횡단보도내,승용,여,25세,기타불명,보행자,남,28세,경상
2020032600100480,2020년 3월 26일 21시,목요일,강원도 양양군 강현면,중상사고,0,1,0,0,차대차 - 추돌,안전운전불이행,건조,맑음,교차로 - 교차로부근,승용,남,60세,상해없음,승용,여,59세,중상
2020032700100012,2020년 3월 27일 00시,금요일,강원도 원주시 학성동,중상사고,0,1,0,0,차대사람 - 횡단중,보행자보호의무위반,젖음/습기,비,단일로 - 기타,승합,남,51세,상해없음,보행자,남,74세,중상
2020032700100051,2020년 3월 27일 03시,금요일,강원도 횡성군 공근면,경상사고,0,0,2,1,차대차 - 추돌,안전운전불이행,젖음/습기,비,단일로 - 터널,화물,남,32세,상해없음,승용,남,27세,경상
2020032700100056,2020년 3월 27일 04시,금요일,강원도 속초시 교동,중상사고,0,1,1,0,차대차 - 추돌,안전운전불이행,젖음/습기,비,교차로 - 교차로부근,승용,남,50세,상해없음,승용,남,70세,중상
2020032700100088,2020년 3월 27일 07시,금요일,강원도 원주시 문막읍,경상사고,0,0,1,0,차대차 - 추돌,안전운전불이행,건조,맑음,교차로 - 교차로안,승용,남,47세,상해없음,화물,남,29세,경상
2020032700100107,2020년 3월 27일 08시,금요일,강원도 속초시 노학동,경상사고,0,0,2,0,차대차 - 측면충돌,안전운전불이행,건조,맑음,교차로 - 교차로부근,승용,남,30세,상해없음,승용,남,64세,경상
2020032700100148,2020년 3월 27일 10시,금요일,강원도 강릉시 대전동,경상사고,0,0,2,0,차대차 - 추돌,안전운전불이행,젖음/습기,비,교차로 - 교차로부근,승용,남,20세,상해없음,승용,남,44세,경상
2020032700100149,2020년 3월 27일 10시,금요일,강원도 원주시 원동,경상사고,0,0,1,0,차대차 - 측면충돌,안전운전불이행,젖음/습기,비,단일로 - 기타,승용,여,73세,상해없음,승용,여,64세,경상
2020032700100170,2020년 3월 27일 11시,금요일,강원도 춘천시 후평동,경상사고,0,0,1,0,차대사람 - 차도통행중,안전운전불이행,건조,맑음,단일로 - 기타,승용,남,78세,상해없음,보행자,여,34세,경상
2020032700100171,2020년 3월 27일 11시,금요일,강원도 평창군 평창읍,중상사고,0,1,0,0,차대차 - 측면충돌,안전운전불이행,젖음/습기,비,교차로 - 교차로안,화물,남,72세,상해없음,이륜,여,64세,중상
2020032700100202,2020년 3월 27일 12시,금요일,강원도 춘천시 사농동,중상사고,0,1,1,0,차대차 - 추돌,안전운전불이행,건조,맑음,단일로 - 기타,승용,남,28세,상해없음,승용,여,60세,경상
2020032700100232,2020년 3월 27일 13시,금요일,강원도 영월군 남면,경상사고,0,0,1,0,차대차 - 추돌,안전거리미확보,젖음/습기,흐림,단일로 - 지하차도(도로)내,승용,남,61세,상해없음,승용,남,49세,경상
2020032700100233,2020년 3월 27일 13시,금요일,강원도 정선군 고한읍,경상사고,0,0,1,0,차대차 - 기타,안전운전불이행,젖음/습기,비,단일로 - 기타,화물,남,69세,상해없음,승용,남,45세,경상
2020032700100261,2020년 3월 27일 14시,금요일,강원도 춘천시 효자동,경상사고,0,0,1,0,차대차 - 측면충돌,안전운전불이행,건조,맑음,단일로 - 기타,이륜,남,40세,상해없음,승용,남,61세,경상
2020032700100262,2020년 3월 27일 14시,금요일,강원도 원주시 단계동,경상사고,0,0,4,0,차대차 - 추돌,안전거리미확보,건조,맑음,단일로 - 기타,이륜,남,26세,상해없음,승용,여,29세,경상
2020032700100326,2020년 3월 27일 16시,금요일,강원도 삼척시 교동,경상사고,0,0,4,0,차대차 - 측면충돌,안전운전불이행,젖음/습기,비,단일로 - 지하차도(도로)내,승용,남,60세,상해없음,승용,남,20세,경상
2020032700100327,2020년 3월 27일 16시,금요일,강원도 태백시 황지동,중상사고,0,1,0,0,차대사람 - 보도통행중,보행자보호의무위반,젖음/습기,비,단일로 - 기타,승용,여,20세,상해없음,보행자,남,80세,중상
2020032700100368,2020년 3월 27일 17시,금요일,강원도 속초시 교동,중상사고,0,1,0,0,차대사람 - 기타,안전운전불이행,건조,맑음,교차로 - 교차로부근,승용,여,53세,상해없음,보행자,남,40세,중상
2020032700100369,2020년 3월 27일 17시,금요일,강원도 홍천군 화촌면,경상사고,0,0,2,0,차대차 - 측면충돌,안전운전불이행,건조,맑음,단일로 - 터널,화물,남,53세,상해없음,승용,남,27세,경상
2020032700100410,2020년 3월 27일 18시,금요일,강원도 원주시 태장동,경상사고,0,0,2,0,차대차 - 측면충돌,직진우회전진행방해,건조,맑음,교차로 - 교차로안,승용,여,47세,상해없음,승용,여,49세,경상
2020032700100411,2020년 3월 27일 18시,금요일,강원도 삼척시 교동,경상사고,0,0,1,0,차대차 - 측면충돌,안전거리미확보,젖음/습기,비,단일로 - 지하차도(도로)내,승용,남,22세,상해없음,화물,남,37세,경상
2020032700100412,2020년 3월 27일 18시,금요일,강원도 홍천군 홍천읍,경상사고,0,0,1,0,차대사람 - 길가장자리구역통행중,안전운전불이행,건조,맑음,단일로 - 지하차도(도로)내,화물,남,42세,상해없음,보행자,남,32세,경상
2020032700100460,2020년 3월 27일 19시,금요일,강원도 춘천시 약사동,경상사고,0,0,1,0,차대차 - 측면충돌,안전운전불이행,건조,맑음,교차로 - 교차로부근,승용,남,71세,상해없음,승합,남,47세,경상
2020032700100461,2020년 3월 27일 19시,금요일,강원도 원주시 중앙동,중상사고,0,2,4,0,차대차 - 측면충돌,신호위반,건조,맑음,교차로 - 교차로안,승용,여,59세,경상,화물,남,46세,경상
2020032700100462,2020년 3월 27일 19시,금요일,강원도 원주시 단계동,경상사고,0,0,3,0,차대차 - 추돌,안전운전불이행,건조,맑음,단일로 - 기타,승용,남,50세,상해없음,승용,남,64세,경상
2020032700100463,2020년 3월 27일 19시,금요일,강원도 홍천군 두촌면,경상사고,0,0,1,0,차대차 - 측면충돌,안전운전불이행,건조,맑음,주차장 - 주차장,화물,남,72세,상해없음,승용,남,47세,경상
2020032700100489,2020년 3월 27일 20시,금요일,강원도 강릉시 입암동,중상사고,0,1,0,0,차대차 - 기타,안전운전불이행,젖음/습기,비,교차로 - 교차로안,승용,남,18세,상해없음,원동기,남,43세,중상
2020032700100490,2020년 3월 27일 20시,금요일,강원도 삼척시 당저동,경상사고,0,0,1,0,차대차 - 측면충돌,안전운전불이행,건조,맑음,단일로 - 지하차도(도로)내,승용,남,25세,상해없음,승용,여,43세,경상
2020032700100529,2020년 3월 27일 21시,금요일,강원도 춘천시 퇴계동,경상사고,0,0,2,0,차대차 - 기타,교차로운행방법위반,건조,맑음,교차로 - 교차로부근,승용,남,40세,상해없음,승용,남,22세,경상
2020032700100587,2020년 3월 27일 23시,금요일,강원도 원주시 단구동,경상사고,0,0,2,0,차대차 - 기타,교차로운행방법위반,건조,맑음,교차로 - 교차로안,승용,남,53세,상해없음,승용,남,37세,상해없음
2020032800100007,2020년 3월 28일 00시,토요일,강원도 원주시 무실동,중상사고,0,1,0,0,차대사람 - 기타,안전운전불이행,건조,맑음,단일로 - 기타,승용,남,53세,기타불명,보행자,남,39세,중상
2020032800100022,2020년 3월 28일 01시,토요일,강원도 강릉시 포남동,경상사고,0,0,1,0,차대차 - 추돌,안전운전불이행,건조,맑음,교차로 - 교차로부근,승용,여,50세,상해없음,승용,남,44세,경상
2020032800100082,2020년 3월 28일 07시,토요일,강원도 강릉시 옥천동,경상사고,0,0,1,0,차대사람 - 횡단중,안전운전불이행,건조,맑음,교차로 - 교차로안,화물,남,72세,상해없음,보행자,여,84세,경상
2020032800100119,2020년 3월 28일 09시,토요일,강원도 속초시 교동,중상사고,0,1,0,0,차대차 - 기타,안전운전불이행,건조,맑음,교차로 - 교차로안,화물,남,26세,상해없음,자전거,여,63세,중상
2020032800100120,2020년 3월 28일 09시,토요일,강원도 속초시 동명동,중상사고,0,1,6,0,차대차 - 측면충돌,안전운전불이행,건조,맑음,교차로 - 교차로부근,승용,여,52세,상해없음,승합,남,37세,중상
2020032800100121,2020년 3월 28일 09시,토요일,강원도 영월군 주천면,중상사고,0,1,0,0,차대차 - 측면충돌,교차로운행방법위반,건조,맑음,교차로 - 교차로안,화물,남,63세,상해없음,승합,남,48세,상해없음
2020032800100146,2020년 3월 28일 10시,토요일,강원도 춘천시 동내면,경상사고,0,0,1,0,차대사람 - 횡단중,보행자보호의무위반,건조,맑음,교차로 - 교차로횡단보도내,승용,남,86세,상해없음,보행자,여,74세,경상
2020032800100147,2020년 3월 28일 10시,토요일,강원도 원주시 명륜동,경상사고,0,0,1,0,차대차 - 측면충돌,안전운전불이행,기타,맑음,단일로 - 기타,승용,여,60세,상해없음,승용,여,63세,경상
2020032800100171,2020년 3월 28일 11시,토요일,강원도 춘천시 퇴계동,경상사고,0,0,1,0,차량단독 - 기타,안전운전불이행,건조,맑음,단일로 - 기타,승합,남,44세,상해없음,,,,
2020032800100172,2020년 3월 28일 11시,토요일,강원도 춘천시 석사동,경상사고,0,0,1,0,차대차 - 측면충돌,안전운전불이행,건조,맑음,교차로 - 교차로부근,화물,남,74세,상해없음,승합,남,48세,경상
2020032800100231,2020년 3월 28일 13시,토요일,강원도 춘천시 효자동,경상사고,0,0,1,0,차대차 - 측면충돌,안전운전불이행,건조,맑음,교차로 - 교차로안,이륜,남,30세,상해없음,승용,남,31세,경상
2020032800100292,2020년 3월 28일 15시,토요일,강원도 강릉시 강문동,중상사고,0,1,3,0,차대차 - 추돌,안전운전불이행,건조,맑음,단일로 - 기타,승용,남,69세,상해없음,승용,남,53세,경상
2020032800100293,2020년 3월 28일 15시,토요일,강원도 속초시 교동,중상사고,0,1,1,0,차대차 - 정면충돌,안전운전불이행,건조,맑음,교차로 - 교차로안,승용,남,73세,상해없음,승용,여,67세,경상
2020032800100312,2020년 3월 28일 16시,토요일,강원도 원주시 단계동,경상사고,0,0,1,0,차대차 - 기타,직진우회전진행방해,건조,맑음,교차로 - 교차로안,승용,남,83세,상해없음,승용,남,62세,경상
2020032800100313,2020년 3월 28일 16시,토요일,강원도 동해시 천곡동,경상사고,0,0,5,0,차대차 - 측면충돌,신호위반,건조,맑음,교차로 - 교차로안,승용,남,26세,상해없음,승합,남,57세,경상
2020032800100343,2020년 3월 28일 17시,토요일,강원도 원주시 학성동,경상사고,0,0,1,0,차대사람 - 기타,안전운전불이행,건조,맑음,교차로 - 교차로안,승합,남,63세,기타불명,보행자,여,42세,경상
2020032800100368,2020년 3월 28일 18시,토요일,강원도 원주시 명륜동,경상사고,0,0,1,0,차대사람 - 보도통행중,보행자보호의무위반,기타,맑음,교차로 - 교차로부근,승용,여,61세,상해없음,보행자,남,83세,경상
2020032800100467,2020년 3월 28일 21시,토요일,강원도 춘천시 온의동,경상사고,0,0,1,0,차대차 - 측면충돌,안전거리미확보,건조,맑음,단일로 - 기타,승용,남,65세,상해없음,승용,남,51세,경상
2020032800100468,2020년 3월 28일 21시,토요일,강원도 강릉시 교동,경상사고,0,0,1,0,차대사람 - 횡단중,보행자보호의무위반,건조,맑음,교차로 - 교차로횡단보도내,승용,남,43세,상해없음,보행자,여,14세,경상
2020032800100469,2020년 3월 28일 21시,토요일,강원도 동해시 송정동,경상사고,0,0,2,0,차대차 - 후진중충돌,안전운전불이행,건조,맑음,단일로 - 기타,승용,남,25세,상해없음,승용,남,25세,경상
2020032800100508,2020년 3월 28일 23시,토요일,강원도 원주시 단구동,경상사고,0,0,2,0,차대차 - 추돌,안전운전불이행,건조,맑음,교차로 - 교차로안,승용,남,36세,상해없음,승용,남,29세,경상
2020032900100042,2020년 3월 29일 02시,일요일,강원도 원주시 단구동,경상사고,0,0,1,0,차대차 - 측면충돌,교차로운행방법위반,건조,맑음,교차로 - 교차로안,화물,남,75세,상해없음,승용,여,61세,경상
2020032900100081,2020년 3월 29일 08시,일요일,강원도 춘천시 온의동,경상사고,0,0,1,0,차대사람 - 기타,중앙선침범,건조,맑음,교차로 - 교차로부근,승용,남,20세,상해없음,보행자,여,22세,경상
2020032900100090,2020년 3월 29일 09시,일요일,강원도 춘천시 사북면,경상사고,0,0,1,0,차대차 - 기타,안전운전불이행,건조,맑음,단일로 - 기타,이륜,남,41세,상해없음,이륜,남,52세,경상
2020032900100119,2020년 3월 29일 11시,일요일,강원도 춘천시 남산면,중상사고,0,1,0,0,차대차 - 측면충돌,차로위반,건조,맑음,단일로 - 기타,승용,남,57세,상해없음,이륜,남,50세,중상
2020032900100120,2020년 3월 29일 11시,일요일,강원도 원주시 우산동,중상사고,0,1,1,0,차대차 - 측면충돌,교차로운행방법위반,건조,맑음,교차로 - 교차로안,승용,여,26세,상해없음,승용,남,39세,경상
2020032900100142,2020년 3월 29일 12시,일요일,강원도 삼척시 도계읍,중상사고,0,1,0,0,차량단독 - 기타,안전운전불이행,젖음/습기,비,단일로 - 지하차도(도로)내,승합,남,56세,상해없음,,,,
2020032900100158,2020년 3월 29일 13시,일요일,강원도 춘천시 동내면,경상사고,0,0,2,0,차대차 - 측면충돌,기타,건조,맑음,단일로 - 기타,화물,남,55세,상해없음,이륜,남,53세,경상
2020032900100183,2020년 3월 29일 14시,일요일,강원도 강릉시 안현동,경상사고,0,0,2,0,차대차 - 측면충돌,안전운전불이행,건조,맑음,단일로 - 기타,승용,남,52세,상해없음,승합,여,57세,경상
2020032900100184,2020년 3월 29일 14시,일요일,강원도 원주시 우산동,경상사고,0,0,1,0,차대차 - 기타,교차로운행방법위반,건조,맑음,교차로 - 교차로안,화물,남,61세,상해없음,화물,남,55세,경상
2020032900100241,2020년 3월 29일 16시,일요일,강원도 속초시 청호동,경상사고,0,0,1,0,차대차 - 추돌,안전운전불이행,건조,맑음,단일로 - 기타,승용,남,26세,상해없음,승용,여,52세,경상
2020032900100242,2020년 3월 29일 16시,일요일,강원도 삼척시 남양동,경상사고,0,0,4,0,차대차 - 측면충돌,안전거리미확보,건조,맑음,교차로 - 교차로부근,승용,남,20세,경상,승용,남,20세,경상
2020032900100267,2020년 3월 29일 17시,일요일,강원도 강릉시 송정동,경상사고,0,0,2,0,차대차 - 추돌,안전운전불이행,건조,맑음,교차로 - 교차로부근,승용,남,61세,상해없음,승용,여,34세,경상
2020032900100308,2020년 3월 29일 19시,일요일,강원도 원주시 지정면,경상사고,0,0,2,0,차대차 - 측면충돌,교차로운행방법위반,건조,맑음,교차로 - 교차로부근,승용,남,42세,상해없음,승용,남,37세,경상
2020032900100348,2020년 3월 29일 21시,일요일,강원도 원주시 단구동,중상사고,0,1,1,0,차대차 - 측면충돌,교차로운행방법위반,건조,맑음,교차로 - 교차로안,승용,남,65세,상해없음,승용,남,27세,중상
2020032900100363,2020년 3월 29일 22시,일요일,강원도 속초시 교동,경상사고,0,0,2,0,차대차 - 정면충돌,신호위반,건조,맑음,교차로 - 교차로안,화물,남,52세,상해없음,승용,여,39세,경상
2020032900100364,2020년 3월 29일 22시,일요일,강원도 속초시 교동,경상사고,0,0,1,0,차대차 - 정면충돌,중앙선침범,건조,맑음,교차로 - 교차로부근,승용,남,30세,상해없음,승용,여,46세,경상
2020033000100003,2020년 3월 30일 00시,월요일,강원도 강릉시 포남동,경상사고,0,0,1,0,차대차 - 기타,신호위반,건조,맑음,교차로 - 교차로안,승용,남,43세,상해없음,승용,남,24세,경상
2020033000100083,2020년 3월 30일 08시,월요일,강원도 춘천시 우두동,경상사고,0,0,1,0,차대차 - 추돌,안전운전불이행,건조,맑음,단일로 - 기타,승용,남,74세,상해없음,승용,남,63세,경상
2020033000100204,2020년 3월 30일 12시,월요일,강원도 정선군 임계면,중상사고,0,4,0,0,차대차 - 정면충돌,중앙선침범,건조,맑음,단일로 - 기타,화물,남,77세,중상,승용,남,62세,중상
2020033000100234,2020년 3월 30일 13시,월요일,강원도 영월군 한반도면,사망사고,1,0,0,1,차량단독 - 공작물충돌,안전운전불이행,건조,맑음,단일로 - 지하차도(도로)내,승용,남,55세,사망,,,,
2020033000100268,2020년 3월 30일 14시,월요일,강원도 춘천시 동내면,중상사고,0,1,0,0,차대차 - 추돌,안전운전불이행,건조,맑음,단일로 - 기타,특수,남,63세,상해없음,승용,여,53세,중상
2020033000100308,2020년 3월 30일 15시,월요일,강원도 원주시 학성동,중상사고,0,1,0,0,차대사람 - 횡단중,신호위반,건조,맑음,단일로 - 기타,승용,남,53세,상해없음,보행자,남,83세,중상
2020033000100334,2020년 3월 30일 16시,월요일,강원도 강릉시 교동,경상사고,0,0,1,0,차대차 - 추돌,안전운전불이행,건조,맑음,단일로 - 기타,승합,남,43세,상해없음,화물,남,58세,경상
2020033000100376,2020년 3월 30일 17시,월요일,강원도 원주시 태장동,경상사고,0,0,3,0,차대차 - 추돌,신호위반,건조,맑음,교차로 - 교차로안,승용,남,73세,상해없음,승용,여,39세,경상
2020033000100407,2020년 3월 30일 18시,월요일,강원도 속초시 중앙동,경상사고,0,0,1,0,차대차 - 측면충돌,교차로운행방법위반,건조,맑음,교차로 - 교차로안,승용,남,37세,상해없음,승용,남,48세,경상
2020033000100451,2020년 3월 30일 19시,월요일,강원도 영월군 영월읍,경상사고,0,0,1,0,차대차 - 측면충돌,교차로운행방법위반,건조,맑음,교차로 - 교차로안,승용,남,61세,상해없음,승용,여,22세,경상
2020033000100532,2020년 3월 30일 23시,월요일,강원도 화천군 사내면,중상사고,0,2,0,0,차대차 - 측면충돌,중앙선침범,건조,맑음,단일로 - 기타,화물,남,54세,중상,승용,남,42세,중상
2020033100100082,2020년 3월 31일 08시,화요일,강원도 강릉시 포남동,경상사고,0,0,1,0,차대차 - 측면충돌,안전운전불이행,건조,맑음,교차로 - 교차로안,승용,남,31세,상해없음,화물,여,57세,경상
2020033100100110,2020년 3월 31일 09시,화요일,강원도 춘천시 사북면,경상사고,0,0,1,5,차대차 - 측면충돌,안전운전불이행,건조,맑음,단일로 - 기타,승용,여,66세,상해없음,승용,남,21세,부상신고
2020033100100111,2020년 3월 31일 09시,화요일,강원도 태백시 황지동,중상사고,0,1,0,0,차대사람 - 기타,안전운전불이행,건조,맑음,단일로 - 기타,승용,여,47세,상해없음,보행자,여,60세,중상
2020033100100235,2020년 3월 31일 13시,화요일,강원도 삼척시 정상동,중상사고,0,1,1,0,차대차 - 추돌,안전거리미확보,건조,맑음,단일로 - 지하차도(도로)내,건설기계,남,58세,상해없음,화물,남,52세,경상
2020033100100297,2020년 3월 31일 15시,화요일,강원도 원주시 지정면,중상사고,0,1,0,0,차대차 - 추돌,안전운전불이행,건조,맑음,교차로 - 교차로안,화물,남,60세,상해없음,특수,남,28세,상해없음
2020033100100298,2020년 3월 31일 15시,화요일,강원도 인제군 기린면,경상사고,0,0,1,0,차대차 - 추돌,안전운전불이행,적설,맑음,단일로 - 기타,승용,남,55세,상해없음,화물,남,50세,경상
2020033100100334,2020년 3월 31일 16시,화요일,강원도 춘천시 소양로3가,경상사고,0,0,2,0,차대차 - 측면충돌,교차로운행방법위반,건조,맑음,교차로 - 교차로안,승합,여,53세,상해없음,승합,남,44세,경상
2020033100100335,2020년 3월 31일 16시,화요일,강원도 춘천시 석사동,경상사고,0,0,1,0,차대차 - 측면충돌,안전운전불이행,건조,맑음,단일로 - 기타,승용,남,81세,상해없음,승용,여,31세,상해없음
2020033100100336,2020년 3월 31일 16시,화요일,강원도 강릉시 교동,경상사고,0,0,1,0,차대차 - 측면충돌,신호위반,건조,맑음,교차로 - 교차로안,승용,남,27세,상해없음,화물,남,48세,경상
2020033100100337,2020년 3월 31일 16시,화요일,강원도 원주시 문막읍,중상사고,0,1,0,0,차대차 - 기타,안전운전불이행,건조,맑음,교차로 - 교차로안,승용,남,27세,상해없음,승용,남,56세,중상
2020033100100338,2020년 3월 31일 16시,화요일,강원도 정선군 남면,중상사고,0,1,0,0,차량단독 - 전도전복 - 전도,안전운전불이행,건조,맑음,단일로 - 기타,승용,여,67세,중상,,,,
2020033100100380,2020년 3월 31일 17시,화요일,강원도 동해시 평릉동,경상사고,0,0,1,0,차대차 - 추돌,안전운전불이행,건조,맑음,교차로 - 교차로부근,승용,여,63세,상해없음,승용,여,44세,경상
2020033100100469,2020년 3월 31일 20시,화요일,강원도 원주시 무실동,경상사고,0,0,1,0,차대차 - 추돌,중앙선침범,건조,맑음,교차로 - 교차로부근,화물,남,68세,상해없음,이륜,남,34세,경상
2020033100100470,2020년 3월 31일 20시,화요일,강원도 양양군 양양읍,경상사고,0,0,1,0,차대차 - 추돌,안전거리미확보,건조,흐림,교차로 - 교차로부근,승용,남,45세,상해없음,승용,여,46세,경상
2020033100100494,2020년 3월 31일 21시,화요일,강원도 인제군 북면,중상사고,0,1,1,0,차대차 - 정면충돌,중앙선침범,건조,맑음,단일로 - 기타,승용,남,67세,상해없음,승용,여,33세,중상
2020033100100508,2020년 3월 31일 22시,화요일,강원도 태백시 문곡동,중상사고,0,1,2,0,차대차 - 정면충돌,신호위반,건조,맑음,교차로 - 교차로안,승용,남,44세,상해없음,승용,남,55세,경상
2020040100100030,2020년 4월 1일 02시,수요일,강원도 춘천시 효자동,경상사고,0,0,1,0,차대차 - 추돌,안전운전불이행,건조,맑음,단일로 - 기타,승용,남,28세,상해없음,승용,여,60세,경상
2020040100100089,2020년 4월 1일 08시,수요일,강원도 원주시 태장동,경상사고,0,0,1,0,차대차 - 추돌,안전거리미확보,건조,맑음,교차로 - 교차로부근,승용,남,26세,상해없음,승용,남,47세,경상
2020040100100090,2020년 4월 1일 08시,수요일,강원도 양양군 양양읍,경상사고,0,0,1,0,차대차 - 측면충돌,안전운전불이행,건조,맑음,교차로 - 교차로안,승용,여,65세,상해없음,승용,남,68세,상해없음
2020040100100130,2020년 4월 1일 10시,수요일,강원도 영월군 주천면,중상사고,0,2,0,1,차대차 - 정면충돌,중앙선침범,건조,맑음,단일로 - 지하차도(도로)내,승용,남,65세,부상신고,승용,남,52세,중상
2020040100100160,2020년 4월 1일 11시,수요일,강원도 삼척시 읍중동,경상사고,0,0,3,0,차대차 - 측면충돌,안전운전불이행,건조,맑음,교차로 - 교차로안,화물,남,65세,상해없음,화물,남,36세,경상
2020040100100193,2020년 4월 1일 12시,수요일,강원도 춘천시 동면,경상사고,0,0,1,0,차대차 - 측면충돌,신호위반,건조,맑음,교차로 - 교차로부근,승용,남,46세,상해없음,이륜,남,35세,경상
2020040100100194,2020년 4월 1일 12시,수요일,강원도 원주시 학성동,경상사고,0,0,9,0,차대차 - 측면충돌,안전운전불이행,건조,맑음,단일로 - 기타,승용,여,45세,상해없음,승합,남,39세,경상
2020040100100195,2020년 4월 1일 12시,수요일,강원도 홍천군 홍천읍,경상사고,0,0,2,0,차대차 - 추돌,안전거리미확보,건조,맑음,교차로 - 교차로부근,건설기계,남,57세,상해없음,승용,남,75세,경상
2020040100100196,2020년 4월 1일 12시,수요일,강원도 춘천시 동산면,경상사고,0,0,3,0,차대차 - 기타,신호위반,건조,맑음,단일로 - 터널,승용,남,23세,상해없음,승용,여,37세,경상
2020040100100247,2020년 4월 1일 14시,수요일,강원도 원주시 호저면,중상사고,0,1,0,0,차대차 - 추돌,안전거리미확보,건조,맑음,교차로 - 교차로안,승용,남,47세,상해없음,승용,여,48세,중상
2020040100100248,2020년 4월 1일 14시,수요일,강원도 원주시 일산동,경상사고,0,0,1,0,차대사람 - 차도통행중,안전운전불이행,건조,맑음,단일로 - 기타,승용,여,24세,상해없음,보행자,남,63세,경상
2020040100100249,2020년 4월 1일 14시,수요일,강원도 태백시 황지동,경상사고,0,0,1,0,차대차 - 후진중충돌,안전운전불이행,건조,맑음,교차로 - 교차로부근,승용,여,57세,상해없음,화물,남,33세,경상