사고번호,사고일시,요일,시군구,사고내용,사망자수,중상자수,경상자수,부상신고자수,사고유형,법규위반,노면상태,기상상태,도로형태,가해운전자 차종,가해운전자 성별,가해운전자 연령,가해운전자 상해정도,피해운전자 차종,피해운전자 성별,피해운전자 연령,피해운전자 상해정도
2020040900100153,2020년 4월 9일 10시,목요일,강원도 강릉시 노암동,경상사고,0,0,2,0,차대차 - 측면충돌,신호위반,건조,맑음,교차로 - 교차로안,승용,남,75세,상해없음,승용,남,68세,경상
2020040900100154,2020년 4월 9일 10시,목요일,강원도 속초시 설악동,중상사고,0,1,1,0,차대차 - 측면충돌,기타,건조,맑음,단일로 - 기타,승용,남,41세,상해없음,승용,남,68세,경상
2020040900100155,2020년 4월 9일 10시,목요일,강원도 속초시 대포동,경상사고,0,0,2,0,차대차 - 측면충돌,안전운전불이행,건조,맑음,교차로 - 교차로부근,승용,남,78세,상해없음,승용,남,46세,경상
2020040900100181,2020년 4월 9일 11시,목요일,강원도 강릉시 죽헌동,경상사고,0,0,1,0,차대차 - 측면충돌,안전운전불이행,건조,맑음,교차로 - 교차로부근,원동기,남,57세,상해없음,화물,남,59세,경상
2020040900100182,2020년 4월 9일 11시,목요일,강원도 원주시 원동,중상사고,0,1,0,0,차대차 - 측면충돌,안전운전불이행,건조,맑음,교차로 - 교차로안,승용,여,50세,상해없음,승용,남,77세,중상
2020040900100213,2020년 4월 9일 12시,목요일,강원도 동해시 발한동,경상사고,0,0,1,0,차대차 - 측면충돌,안전운전불이행,건조,흐림,교차로 - 교차로안,승용,여,55세,상해없음,승용,남,72세,경상
2020040900100366,2020년 4월 9일 16시,목요일,강원도 춘천시 후평동,경상사고,0,0,1,0,차대차 - 측면충돌,안전운전불이행,건조,맑음,단일로 - 기타,승용,남,59세,상해없음,승용,여,28세,경상
2020040900100367,2020년 4월 9일 16시,목요일,강원도 원주시 봉산동,경상사고,0,0,2,0,차대차 - 측면충돌,교차로운행방법위반,건조,맑음,교차로 - 교차로안,승용,남,36세,상해없음,승용,남,31세,경상
2020040900100368,2020년 4월 9일 16시,목요일,강원도 태백시 장성동,부상신고사고,0,0,0,1,차대사람 - 기타,안전운전불이행,건조,맑음,단일로 - 기타,승용,여,53세,상해없음,보행자,여,71세,부상신고
2020040900100446,2020년 4월 9일 18시,목요일,강원도 화천군 하남면,경상사고,0,0,2,0,차대차 - 측면충돌,중앙선침범,건조,맑음,단일로 - 기타,화물,여,59세,경상,화물,남,53세,상해없음
2020040900100490,2020년 4월 9일 19시,목요일,강원도 속초시 교동,경상사고,0,0,1,0,차대차 - 측면충돌,안전운전불이행,건조,맑음,교차로 - 교차로안,승용,여,56세,상해없음,이륜,남,24세,경상
2020040900100515,2020년 4월 9일 20시,목요일,강원도 춘천시 석사동,경상사고,0,0,1,0,차량단독 - 기타,안전운전불이행,건조,맑음,교차로 - 교차로부근,승합,남,58세,상해없음,,,,
2020040900100516,2020년 4월 9일 20시,목요일,강원도 춘천시 석사동,부상신고사고,0,0,0,1,차대사람 - 횡단중,신호위반,건조,맑음,교차로 - 교차로안,승용,남,39세,상해없음,보행자,여,13세,부상신고
2020040900100539,2020년 4월 9일 21시,목요일,강원도 속초시 조양동,경상사고,0,0,1,0,차대차 - 측면충돌,중앙선침범,건조,맑음,단일로 - 기타,화물,남,42세,상해없음,이륜,남,30세,경상
2020041000100007,2020년 4월 10일 00시,금요일,강원도 속초시 조양동,중상사고,0,1,2,0,차대차 - 추돌,안전운전불이행,건조,맑음,단일로 - 기타,승용,여,56세,상해없음,승용,남,32세,경상
2020041000100021,2020년 4월 10일 01시,금요일,강원도 원주시 무실동,경상사고,0,0,3,0,차대차 - 추돌,안전운전불이행,건조,맑음,단일로 - 기타,승용,남,23세,상해없음,승용,남,51세,경상
2020041000100057,2020년 4월 10일 06시,금요일,강원도 강릉시 홍제동,경상사고,0,0,1,0,차대차 - 측면충돌,안전운전불이행,건조,맑음,단일로 - 기타,승용,여,55세,상해없음,이륜,남,71세,경상
2020041000100073,2020년 4월 10일 07시,금요일,강원도 강릉시 성산면,중상사고,0,1,0,0,차대차 - 측면충돌,중앙선침범,건조,맑음,단일로 - 기타,승용,남,39세,상해없음,승용,여,58세,중상
2020041000100074,2020년 4월 10일 07시,금요일,강원도 강릉시 주문진읍,중상사고,0,1,0,0,차대차 - 기타,신호위반,건조,맑음,교차로 - 교차로안,승용,남,41세,상해없음,이륜,여,57세,중상
2020041000100075,2020년 4월 10일 07시,금요일,강원도 고성군 간성읍,경상사고,0,0,1,0,차대사람 - 기타,안전운전불이행,건조,맑음,교차로 - 교차로부근,화물,남,65세,상해없음,보행자,남,33세,경상
2020041000100101,2020년 4월 10일 08시,금요일,강원도 동해시 나안동,경상사고,0,0,1,0,차대차 - 추돌,안전운전불이행,건조,맑음,교차로 - 교차로부근,승용,여,38세,상해없음,승용,여,39세,경상
2020041000100148,2020년 4월 10일 10시,금요일,강원도 춘천시 석사동,경상사고,0,0,1,0,차대사람 - 횡단중,보행자보호의무위반,건조,맑음,단일로 - 기타,화물,남,34세,상해없음,보행자,여,79세,경상
2020041000100183,2020년 4월 10일 11시,금요일,강원도 횡성군 횡성읍,부상신고사고,0,0,0,4,차대차 - 추돌,안전운전불이행,건조,맑음,단일로 - 기타,승용,남,48세,상해없음,화물,남,63세,부상신고
2020041000100220,2020년 4월 10일 12시,금요일,강원도 영월군 영월읍,경상사고,0,0,1,0,차대차 - 기타,차로위반,건조,맑음,단일로 - 지하차도(도로)내,승용,남,26세,상해없음,이륜,남,21세,경상
2020041000100221,2020년 4월 10일 12시,금요일,강원도 화천군 화천읍,경상사고,0,0,1,0,차대사람 - 횡단중,안전운전불이행,건조,맑음,교차로 - 교차로부근,승용,여,48세,상해없음,보행자,남,81세,경상
2020041000100257,2020년 4월 10일 13시,금요일,강원도 원주시 단계동,경상사고,0,0,3,0,차대차 - 추돌,안전운전불이행,건조,맑음,교차로 - 교차로부근,화물,남,18세,상해없음,승용,여,29세,경상
2020041000100329,2020년 4월 10일 15시,금요일,강원도 인제군 인제읍,중상사고,0,2,0,0,차대차 - 정면충돌,안전운전불이행,건조,맑음,교차로 - 교차로안,승용,남,63세,상해없음,승용,남,67세,중상
2020041000100365,2020년 4월 10일 16시,금요일,강원도 강릉시 교동,경상사고,0,0,1,0,차대사람 - 횡단중,안전운전불이행,건조,맑음,교차로 - 교차로안,승용,여,34세,상해없음,보행자,여,4세,경상
2020041000100499,2020년 4월 10일 20시,금요일,강원도 속초시 교동,경상사고,0,0,1,0,차대차 - 기타,안전운전불이행,건조,맑음,교차로 - 교차로안,기타불명,기타불명,미분류,기타불명,승용,남,50세,상해없음
2020041000100527,2020년 4월 10일 21시,금요일,강원도 춘천시 퇴계동,경상사고,0,0,1,0,차대차 - 정면충돌,중앙선침범,건조,맑음,단일로 - 기타,자전거,남,37세,경상,원동기,남,49세,상해없음
2020041000100528,2020년 4월 10일 21시,금요일,강원도 강릉시 옥천동,경상사고,0,0,3,0,차대차 - 추돌,안전운전불이행,건조,맑음,교차로 - 교차로부근,승용,남,40세,상해없음,승용,여,55세,경상
2020041000100556,2020년 4월 10일 22시,금요일,강원도 속초시 조양동,중상사고,0,1,0,0,차대사람 - 횡단중,안전운전불이행,건조,맑음,교차로 - 교차로안,승용,여,23세,상해없음,보행자,여,68세,중상
2020041000100557,2020년 4월 10일 22시,금요일,강원도 태백시 황지동,경상사고,0,0,1,0,차량단독 - 공작물충돌,안전운전불이행,건조,맑음,단일로 - 기타,화물,남,52세,경상,,,,
2020041100100005,2020년 4월 11일 00시,토요일,강원도 원주시 단구동,경상사고,0,0,3,0,차대차 - 측면충돌,교차로운행방법위반,건조,맑음,교차로 - 교차로안,승용,남,43세,상해없음,승용,남,66세,경상
2020041100100006,2020년 4월 11일 00시,토요일,강원도 화천군 하남면,경상사고,0,0,1,0,차대차 - 추돌,안전운전불이행,건조,맑음,단일로 - 기타,승용,남,34세,상해없음,승용,여,28세,경상
2020041100100077,2020년 4월 11일 07시,토요일,강원도 홍천군 북방면,경상사고,0,0,1,0,차대차 - 추돌,안전운전불이행,건조,맑음,교차로 - 교차로안,승용,남,27세,상해없음,화물,남,34세,경상
2020041100100136,2020년 4월 11일 10시,토요일,강원도 춘천시 석사동,경상사고,0,0,2,0,차대차 - 측면충돌,안전운전불이행,건조,맑음,단일로 - 기타,승용,여,50세,상해없음,이륜,남,39세,경상
2020041100100137,2020년 4월 11일 10시,토요일,강원도 강릉시 사천면,경상사고,0,0,1,0,차대차 - 기타,중앙선침범,건조,맑음,단일로 - 교량,건설기계,남,57세,상해없음,승용,남,65세,경상
2020041100100169,2020년 4월 11일 11시,토요일,강원도 평창군 대관령면,경상사고,0,0,1,0,차대차 - 측면충돌,안전거리미확보,건조,맑음,단일로 - 기타,승용,남,24세,상해없음,승용,남,27세,상해없음
2020041100100208,2020년 4월 11일 12시,토요일,강원도 고성군 거진읍,경상사고,0,0,2,0,차대차 - 측면충돌,직진우회전진행방해,건조,맑음,교차로 - 교차로안,건설기계,남,61세,상해없음,화물,남,66세,경상
2020041100100237,2020년 4월 11일 13시,토요일,강원도 강릉시 사천면,경상사고,0,0,1,0,차대차 - 측면충돌,안전운전불이행,건조,맑음,단일로 - 기타,승용,남,61세,상해없음,승용,여,52세,경상
2020041100100238,2020년 4월 11일 13시,토요일,강원도 태백시 황지동,중상사고,0,1,0,0,차대사람 - 기타,안전운전불이행,건조,맑음,단일로 - 기타,화물,남,45세,상해없음,보행자,남,69세,중상
2020041100100277,2020년 4월 11일 14시,토요일,강원도 춘천시 후평동,경상사고,0,0,2,0,차대차 - 측면충돌,직진우회전진행방해,건조,맑음,교차로 - 교차로안,승용,남,21세,상해없음,승용,남,43세,경상
2020041100100310,2020년 4월 11일 15시,토요일,강원도 원주시 중앙동,경상사고,0,0,1,0,차대차 - 측면충돌,안전거리미확보,건조,맑음,교차로 - 교차로부근,승용,여,43세,기타불명,승용,남,28세,상해없음
2020041100100311,2020년 4월 11일 15시,토요일,강원도 동해시 평릉동,중상사고,0,1,0,0,차대차 - 측면충돌,신호위반,건조,맑음,교차로 - 교차로안,승용,여,80세,상해없음,승용,여,61세,중상
2020041100100422,2020년 4월 11일 18시,토요일,강원도 춘천시 신북읍,중상사고,0,1,0,0,차대차 - 측면충돌,중앙선침범,건조,맑음,단일로 - 기타,승용,남,26세,상해없음,이륜,남,37세,중상
2020041100100423,2020년 4월 11일 18시,토요일,강원도 양양군 손양면,경상사고,0,0,1,0,차대사람 - 길가장자리구역통행중,안전운전불이행,건조,맑음,교차로 - 교차로안,승용,여,60세,상해없음,보행자,남,57세,경상
2020041100100462,2020년 4월 11일 19시,토요일,강원도 속초시 대포동,경상사고,0,0,1,0,차대사람 - 길가장자리구역통행중,안전운전불이행,건조,맑음,교차로 - 교차로부근,승용,남,50세,상해없음,보행자,남,34세,경상
2020041100100486,2020년 4월 11일 20시,토요일,강원도 속초시 교동,중상사고,0,1,0,0,차대차 - 측면충돌,신호위반,건조,맑음,교차로 - 교차로안,승용,남,51세,상해없음,승용,남,50세,중상
2020041100100547,2020년 4월 11일 22시,토요일,강원도 원주시 단구동,중상사고,0,1,0,0,차대차 - 측면충돌,안전운전불이행,건조,맑음,교차로 - 교차로안,이륜,남,37세,중상,승용,남,53세,상해없음
2020041100100548,2020년 4월 11일 22시,토요일,강원도 속초시 교동,중상사고,0,1,0,0,차대사람 - 횡단중,안전운전불이행,건조,맑음,교차로 - 교차로안,승용,남,62세,상해없음,보행자,남,49세,중상
2020041100100567,2020년 4월 11일 23시,토요일,강원도 춘천시 효자동,경상사고,0,0,3,0,차대차 - 측면충돌,안전운전불이행,건조,맑음,교차로 - 교차로안,승용,남,52세,상해없음,승용,여,36세,경상
2020041200100058,2020년 4월 12일 04시,일요일,강원도 원주시 단구동,경상사고,0,0,4,0,차대차 - 측면충돌,차로위반,건조,맑음,단일로 - 기타,승용,여,22세,상해없음,승용,남,25세,경상
2020041200100066,2020년 4월 12일 05시,일요일,강원도 원주시 단계동,경상사고,0,0,2,0,차대차 - 측면충돌,신호위반,건조,맑음,교차로 - 교차로안,승용,남,23세,상해없음,승용,남,45세,경상
2020041200100076,2020년 4월 12일 06시,일요일,강원도 철원군 동송읍,중상사고,0,2,0,0,차대차 - 측면충돌,교차로운행방법위반,건조,맑음,교차로 - 교차로안,화물,남,71세,중상,화물,남,71세,중상
2020041200100088,2020년 4월 12일 08시,일요일,강원도 동해시 송정동,중상사고,0,2,2,0,차대차 - 측면충돌,중앙선침범,젖음/습기,비,단일로 - 기타,승용,남,46세,경상,승용,남,22세,중상
2020041200100099,2020년 4월 12일 09시,일요일,강원도 태백시 황지동,경상사고,0,0,1,0,차대차 - 측면충돌,교차로운행방법위반,건조,맑음,교차로 - 교차로안,승용,남,53세,상해없음,화물,남,61세,경상
2020041200100141,2020년 4월 12일 11시,일요일,강원도 인제군 북면,중상사고,0,1,0,0,차량단독 - 기타,안전운전불이행,젖음/습기,비,단일로 - 터널,승용,남,49세,상해없음,,,,
2020041200100181,2020년 4월 12일 13시,일요일,강원도 속초시 금호동,경상사고,0,0,2,0,차대차 - 측면충돌,안전운전불이행,건조,맑음,교차로 - 교차로부근,화물,남,39세,상해없음,승용,여,38세,경상
2020041200100182,2020년 4월 12일 13시,일요일,강원도 홍천군 홍천읍,경상사고,0,0,1,0,차대차 - 측면충돌,교차로운행방법위반,건조,맑음,교차로 - 교차로안,승용,남,47세,상해없음,이륜,남,22세,경상
2020041200100183,2020년 4월 12일 13시,일요일,강원도 평창군 평창읍,경상사고,0,0,2,0,차대차 - 추돌,안전운전불이행,젖음/습기,비,교차로 - 교차로부근,승용,여,24세,상해없음,승용,남,46세,경상
2020041200100184,2020년 4월 12일 13시,일요일,강원도 화천군 간동면,중상사고,0,2,3,0,차대차 - 측면충돌,안전운전불이행,건조,맑음,단일로 - 기타,승용,남,53세,상해없음,화물,남,63세,경상
2020041200100205,2020년 4월 12일 14시,일요일,강원도 춘천시 후평동,중상사고,0,1,4,0,차대차 - 추돌,안전운전불이행,건조,맑음,단일로 - 기타,승합,남,58세,상해없음,승용,남,63세,중상
2020041200100206,2020년 4월 12일 14시,일요일,강원도 강릉시 교동,경상사고,0,0,1,0,차대차 - 측면충돌,신호위반,젖음/습기,흐림,교차로 - 교차로안,승용,남,56세,상해없음,화물,남,55세,경상
2020041200100239,2020년 4월 12일 15시,일요일,강원도 횡성군 횡성읍,경상사고,0,0,1,2,차대차 - 측면충돌,신호위반,건조,맑음,교차로 - 교차로안,승용,남,58세,상해없음,승용,여,35세,경상
2020041200100268,2020년 4월 12일 16시,일요일,강원도 강릉시 왕산면,경상사고,0,0,1,0,차대차 - 정면충돌,중앙선침범,적설,눈,단일로 - 기타,승용,남,33세,상해없음,승용,여,58세,경상
2020041200100269,2020년 4월 12일 16시,일요일,강원도 춘천시 남면,중상사고,0,1,0,0,차대차 - 추돌,안전거리미확보,건조,맑음,단일로 - 기타,승용,남,30세,상해없음,승용,남,41세,중상
2020041200100342,2020년 4월 12일 19시,일요일,강원도 춘천시 동면,경상사고,0,0,1,0,차대차 - 추돌,안전운전불이행,건조,맑음,교차로 - 교차로부근,승용,남,57세,상해없음,승용,여,27세,경상
2020041200100343,2020년 4월 12일 19시,일요일,강원도 영월군 영월읍,경상사고,0,0,1,0,차대차 - 측면충돌,교차로운행방법위반,건조,흐림,교차로 - 교차로안,이륜,남,22세,경상,승용,남,56세,상해없음
2020041200100390,2020년 4월 12일 21시,일요일,강원도 원주시 단계동,경상사고,0,0,1,0,차대차 - 추돌,안전운전불이행,건조,맑음,교차로 - 교차로부근,승용,남,24세,상해없음,승용,남,22세,경상
2020041200100412,2020년 4월 12일 22시,일요일,강원도 속초시 교동,경상사고,0,0,1,0,차대사람 - 길가장자리구역통행중,안전운전불이행,건조,맑음,단일로 - 지하차도(도로)내,승용,남,27세,상해없음,보행자,여,79세,경상
2020041200100426,2020년 4월 12일 23시,일요일,강원도 동해시 발한동,경상사고,0,0,1,0,차대차 - 기타,안전운전불이행,건조,흐림,단일로 - 기타,승용,여,47세,경상,화물,남,62세,상해없음
2020041300100115,2020년 4월 13일 09시,월요일,강원도 동해시 천곡동,경상사고,0,0,2,0,차대차 - 측면충돌,신호위반,건조,맑음,교차로 - 교차로안,승용,남,30세,상해없음,승용,남,27세,경상
2020041300100170,2020년 4월 13일 11시,월요일,강원도 원주시 개운동,경상사고,0,0,1,0,차대차 - 측면충돌,교차로운행방법위반,건조,맑음,교차로 - 교차로안,승용,여,53세,상해없음,승용,여,29세,경상
2020041300100171,2020년 4월 13일 11시,월요일,강원도 화천군 화천읍,경상사고,0,0,1,0,차대차 - 기타,기타,건조,맑음,단일로 - 기타,화물,남,48세,상해없음,승용,남,62세,경상
2020041300100172,2020년 4월 13일 11시,월요일,강원도 동해시 천곡동,경상사고,0,0,1,0,차대차 - 측면충돌,신호위반,건조,맑음,교차로 - 교차로안,이륜,남,64세,경상,승용,남,64세,상해없음
2020041300100202,2020년 4월 13일 12시,월요일,강원도 원주시 문막읍,경상사고,0,0,1,0,차대차 - 추돌,안전거리미확보,건조,맑음,단일로 - 기타,화물,남,40세,상해없음,화물,남,39세,경상
2020041300100203,2020년 4월 13일 12시,월요일,강원도 속초시 교동,경상사고,0,0,1,0,차대사람 - 횡단중,안전운전불이행,건조,맑음,교차로 - 교차로안,화물,남,58세,상해없음,보행자,남,75세,경상
2020041300100272,2020년 4월 13일 14시,월요일,강원도 춘천시 신북읍,경상사고,0,0,1,0,차대차 - 기타,직진우회전진행방해,건조,맑음,교차로 - 교차로안,승용,여,58세,상해없음,승용,남,41세,경상
2020041300100273,2020년 4월 13일 14시,월요일,강원도 춘천시 근화동,경상사고,0,0,1,0,차대차 - 추돌,안전거리미확보,건조,맑음,단일로 - 기타,건설기계,남,41세,상해없음,화물,남,66세,경상
2020041300100274,2020년 4월 13일 14시,월요일,강원도 속초시 장사동,중상사고,0,1,0,0,차대차 - 측면충돌,안전운전불이행,건조,맑음,교차로 - 교차로안,승용,여,30세,상해없음,원동기,남,61세,중상
2020041300100382,2020년 4월 13일 17시,월요일,강원도 강릉시 입암동,중상사고,0,1,0,0,차대사람 - 횡단중,안전운전불이행,건조,맑음,교차로 - 교차로부근,승용,남,52세,상해없음,보행자,여,63세,중상
2020041300100383,2020년 4월 13일 17시,월요일,강원도 원주시 개운동,중상사고,0,1,0,0,차대사람 - 차도통행중,안전운전불이행,기타,맑음,단일로 - 기타,승용,남,64세,상해없음,보행자,남,27세,중상
2020041300100384,2020년 4월 13일 17시,월요일,강원도 삼척시 미로면,경상사고,0,0,1,0,차대차 - 측면충돌,안전운전불이행,건조,맑음,교차로 - 교차로안,승용,남,58세,상해없음,화물,여,58세,경상
2020041300100429,2020년 4월 13일 18시,월요일,강원도 춘천시 운교동,경상사고,0,0,1,0,차대사람 - 길가장자리구역통행중,안전운전불이행,건조,맑음,단일로 - 기타,승용,남,58세,상해없음,보행자,여,42세,경상
2020041300100430,2020년 4월 13일 18시,월요일,강원도 강릉시 옥천동,경상사고,0,0,1,0,차대차 - 기타,안전운전불이행,건조,맑음,단일로 - 기타,승용,여,67세,상해없음,승용,여,64세,경상
2020041300100431,2020년 4월 13일 18시,월요일,강원도 삼척시 교동,경상사고,0,0,1,0,차대차 - 측면충돌,안전운전불이행,건조,맑음,교차로 - 교차로안,승용,남,22세,상해없음,화물,남,56세,경상
2020041300100432,2020년 4월 13일 18시,월요일,강원도 인제군 인제읍,중상사고,0,1,1,0,차대차 - 정면충돌,중앙선침범,건조,맑음,단일로 - 기타,승용,남,51세,상해없음,승용,여,41세,중상
2020041300100474,2020년 4월 13일 19시,월요일,강원도 원주시 흥업면,경상사고,0,0,2,0,차대차 - 기타,안전운전불이행,건조,맑음,교차로 - 교차로부근,화물,남,50세,상해없음,승용,여,51세,경상
2020041300100556,2020년 4월 13일 21시,월요일,강원도 원주시 지정면,중상사고,0,1,3,0,차대차 - 측면충돌,신호위반,건조,맑음,교차로 - 교차로안,승용,남,36세,상해없음,승용,남,59세,경상
2020041300100557,2020년 4월 13일 21시,월요일,강원도 동해시 동회동,경상사고,0,0,1,0,차대사람 - 차도통행중,안전운전불이행,건조,맑음,교차로 - 교차로안,승용,남,43세,상해없음,보행자,여,65세,경상
2020041300100596,2020년 4월 13일 23시,월요일,강원도 동해시 평릉동,중상사고,0,1,0,0,차대차 - 측면충돌,신호위반,건조,맑음,교차로 - 교차로안,승용,여,39세,상해없음,이륜,남,19세,중상
2020041400100029,2020년 4월 14일 02시,화요일,강원도 원주시 단계동,경상사고,0,0,2,0,차대차 - 측면충돌,안전운전불이행,기타,맑음,교차로 - 교차로부근,승용,남,23세,상해없음,승용,남,57세,경상
2020041400100092,2020년 4월 14일 08시,화요일,강원도 원주시 개운동,경상사고,0,0,1,0,차대차 - 추돌,안전운전불이행,건조,맑음,단일로 - 기타,승용,남,41세,상해없음,승용,여,51세,경상
2020041400100093,2020년 4월 14일 08시,화요일,강원도 원주시 단구동,경상사고,0,0,1,0,차대차 - 측면충돌,안전운전불이행,건조,맑음,교차로 - 교차로안,화물,남,61세,상해없음,승용,여,26세,경상
2020041400100094,2020년 4월 14일 08시,화요일,강원도 삼척시 당저동,경상사고,0,0,3,0,차대차 - 추돌,안전거리미확보,건조,맑음,단일로 - 기타,승용,여,65세,경상,승용,남,37세,경상
2020041400100148,2020년 4월 14일 10시,화요일,강원도 춘천시 효자동,경상사고,0,0,1,0,차대사람 - 기타,안전운전불이행,건조,맑음,단일로 - 기타,화물,남,57세,상해없음,보행자,남,31세,경상
2020041400100175,2020년 4월 14일 11시,화요일,강원도 홍천군 남면,중상사고,0,1,0,0,차대차 - 측면충돌,안전운전불이행,건조,맑음,단일로 - 기타,건설기계,남,35세,상해없음,승용,여,43세,중상
2020041400100246,2020년 4월 14일 13시,화요일,강원도 춘천시 교동,경상사고,0,0,1,0,차대차 - 기타,안전운전불이행,건조,맑음,단일로 - 기타,승용,여,49세,상해없음,승용,여,53세,경상
2020041400100247,2020년 4월 14일 13시,화요일,강원도 강릉시 청량동,경상사고,0,0,1,0,차대차 - 기타,안전운전불이행,건조,맑음,교차로 - 교차로안,승용,여,46세,상해없음,화물,남,38세,경상
2020041400100248,2020년 4월 14일 13시,화요일,강원도 강릉시 내곡동,경상사고,0,0,1,0,차대차 - 기타,안전운전불이행,건조,맑음,교차로 - 교차로안,화물,남,47세,상해없음,승용,여,44세,경상
2020041400100283,2020년 4월 14일 14시,화요일,강원도 강릉시 두산동,경상사고,0,0,1,0,차대차 - 측면충돌,안전운전불이행,건조,맑음,단일로 - 기타,건설기계,남,26세,상해없음,승용,여,53세,경상
2020041400100284,2020년 4월 14일 14시,화요일,강원도 속초시 교동,경상사고,0,0,1,0,차대사람 - 횡단중,안전운전불이행,건조,맑음,교차로 - 교차로부근,승용,남,63세,상해없음,보행자,남,66세,경상
2020041400100341,2020년 4월 14일 16시,화요일,강원도 동해시 이도동,경상사고,0,0,1,0,차대차 - 측면충돌,안전운전불이행,건조,맑음,교차로 - 교차로부근,승용,남,57세,상해없음,승용,여,40세,경상
2020041400100385,2020년 4월 14일 17시,화요일,강원도 강릉시 임당동,경상사고,0,0,2,0,차대차 - 측면충돌,안전운전불이행,건조,맑음,교차로 - 교차로안,승용,남,62세,상해없음,사륜오토바이(ATV),남,23세,경상
2020041400100386,2020년 4월 14일 17시,화요일,강원도 원주시 흥업면,경상사고,0,0,3,0,차대차 - 측면충돌,안전거리미확보,건조,맑음,단일로 - 기타,승용,여,39세,상해없음,승용,여,52세,경상
2020041400100439,2020년 4월 14일 18시,화요일,강원도 강릉시 교동,경상사고,0,0,2,0,차대차 - 측면충돌,안전운전불이행,건조,맑음,교차로 - 교차로안,승용,여,60세,상해없음,승용,여,43세,경상
2020041400100440,2020년 4월 14일 18시,화요일,강원도 원주시 태장동,중상사고,0,1,0,0,차대차 - 기타,신호위반,건조,맑음,교차로 - 교차로부근,승용,남,36세,상해없음,자전거,남,82세,중상
2020041400100516,2020년 4월 14일 20시,화요일,강원도 속초시 조양동,중상사고,0,1,0,0,차대차 - 정면충돌,안전운전불이행,건조,맑음,단일로 - 기타,이륜,남,18세,상해없음,자전거,남,12세,중상
2020041400100567,2020년 4월 14일 22시,화요일,강원도 동해시 망상동,중상사고,0,1,0,0,차대사람 - 횡단중,신호위반,건조,맑음,교차로 - 교차로횡단보도내,승용,여,61세,상해없음,보행자,여,61세,중상
2020041500100080,2020년 4월 15일 07시,수요일,강원도 강릉시 사천면,중상사고,0,1,0,0,차대차 - 추돌,안전운전불이행,건조,맑음,단일로 - 기타,화물,남,42세,상해없음,승용,여,38세,중상
2020041500100091,2020년 4월 15일 08시,수요일,강원도 강릉시 홍제동,중상사고,0,1,0,0,차대차 - 기타,안전운전불이행,건조,맑음,단일로 - 기타,화물,남,38세,상해없음,이륜,남,48세,중상
2020041500100108,2020년 4월 15일 09시,수요일,강원도 양양군 손양면,경상사고,0,0,1,0,차량단독 - 기타,안전운전불이행,건조,맑음,교차로 - 교차로안,건설기계,남,48세,상해없음,,,,
2020041500100109,2020년 4월 15일 09시,수요일,강원도 동해시 단봉동,경상사고,0,0,3,0,차대차 - 측면충돌,안전운전불이행,건조,맑음,교차로 - 교차로안,승용,남,43세,상해없음,승용,남,65세,경상
2020041500100110,2020년 4월 15일 09시,수요일,강원도 춘천시 동산면,경상사고,0,0,3,0,차대차 - 측면충돌,안전운전불이행,건조,맑음,단일로 - 기타,승용,남,58세,상해없음,승용,여,58세,경상
2020041500100126,2020년 4월 15일 10시,수요일,강원도 강릉시 사천면,경상사고,0,0,1,0,차대차 - 기타,안전운전불이행,건조,맑음,교차로 - 교차로부근,승용,남,27세,상해없음,원동기,여,44세,경상
2020041500100127,2020년 4월 15일 10시,수요일,강원도 홍천군 화촌면,경상사고,0,0,1,0,차량단독 - 도로외이탈 - 기타,안전운전불이행,건조,맑음,단일로 - 지하차도(도로)내,승용,여,57세,경상,,,,
2020041500100151,2020년 4월 15일 11시,수요일,강원도 춘천시 온의동,중상사고,0,1,0,0,차량단독 - 기타,안전운전불이행,건조,맑음,단일로 - 기타,기타불명,기타불명,미분류,기타불명,,,,
2020041500100152,2020년 4월 15일 11시,수요일,강원도 강릉시 주문진읍,경상사고,0,0,1,0,차대사람 - 횡단중,기타,건조,맑음,단일로 - 기타,승용,여,61세,상해없음,보행자,여,4세,경상
2020041500100153,2020년 4월 15일 11시,수요일,강원도 속초시 조양동,중상사고,0,1,0,0,차대사람 - 횡단중,안전운전불이행,건조,맑음,교차로 - 교차로횡단보도내,화물,남,61세,상해없음,보행자,여,71세,중상
2020041500100154,2020년 4월 15일 11시,수요일,강원도 홍천군 홍천읍,중상사고,0,1,0,0,차대차 - 측면충돌,교차로운행방법위반,건조,맑음,교차로 - 교차로안,승용,남,33세,상해없음,이륜,남,27세,중상
2020041500100200,2020년 4월 15일 13시,수요일,강원도 강릉시 주문진읍,경상사고,0,0,1,0,차대차 - 추돌,안전운전불이행,건조,맑음,교차로 - 교차로부근,승용,남,63세,상해없음,승용,여,45세,경상
2020041500100201,2020년 4월 15일 13시,수요일,강원도 원주시 단구동,경상사고,0,0,1,0,차대차 - 측면충돌,안전운전불이행,건조,맑음,교차로 - 교차로부근,승용,남,76세,상해없음,승용,여,23세,경상