사고번호,사고일시,요일,시군구,사고내용,사망자수,중상자수,경상자수,부상신고자수,사고유형,법규위반,노면상태,기상상태,도로형태,가해운전자 차종,가해운전자 성별,가해운전자 연령,가해운전자 상해정도,피해운전자 차종,피해운전자 성별,피해운전자 연령,피해운전자 상해정도
2020041500100338,2020년 4월 15일 17시,수요일,강원도 속초시 청학동,중상사고,0,1,0,0,차대차 - 추돌,안전운전불이행,건조,맑음,교차로 - 교차로안,승용,남,44세,상해없음,이륜,남,25세,중상
2020041500100362,2020년 4월 15일 18시,수요일,강원도 강릉시 내곡동,경상사고,0,0,5,0,차대차 - 추돌,안전운전불이행,건조,맑음,단일로 - 기타,승용,남,68세,상해없음,승용,여,35세,경상
2020041500100363,2020년 4월 15일 18시,수요일,강원도 원주시 학성동,경상사고,0,0,1,0,차대차 - 측면충돌,안전운전불이행,건조,맑음,단일로 - 기타,승용,남,72세,상해없음,화물,남,58세,경상
2020041500100439,2020년 4월 15일 21시,수요일,강원도 영월군 영월읍,중상사고,0,1,0,0,차대차 - 정면충돌,안전운전불이행,건조,흐림,단일로 - 고가도로위,승용,남,61세,상해없음,승용,남,60세,상해없음
2020041500100459,2020년 4월 15일 22시,수요일,강원도 원주시 단계동,부상신고사고,0,0,0,1,차대차 - 추돌,신호위반,건조,맑음,교차로 - 교차로안,원동기,남,33세,부상신고,승용,여,54세,상해없음
2020041500100474,2020년 4월 15일 23시,수요일,강원도 속초시 금호동,중상사고,0,1,0,0,차대차 - 정면충돌,안전운전불이행,건조,맑음,교차로 - 교차로부근,승용,남,49세,상해없음,자전거,남,59세,중상
2020041600100047,2020년 4월 16일 06시,목요일,강원도 횡성군 횡성읍,경상사고,0,0,1,0,차대차 - 기타,안전운전불이행,건조,맑음,교차로 - 교차로안,승용,남,57세,상해없음,승용,남,40세,상해없음
2020041600100054,2020년 4월 16일 07시,목요일,강원도 춘천시 온의동,경상사고,0,0,1,0,차대차 - 기타,차로위반,건조,맑음,단일로 - 기타,화물,남,61세,상해없음,승용,남,37세,경상
2020041600100055,2020년 4월 16일 07시,목요일,강원도 강릉시 송정동,중상사고,0,1,0,0,차대차 - 측면충돌,안전운전불이행,건조,맑음,교차로 - 교차로안,승용,여,55세,상해없음,승용,남,26세,중상
2020041600100056,2020년 4월 16일 07시,목요일,강원도 강릉시 입암동,경상사고,0,0,1,0,차대차 - 기타,안전운전불이행,건조,맑음,교차로 - 교차로안,승용,남,58세,상해없음,승용,남,40세,경상
2020041600100057,2020년 4월 16일 07시,목요일,강원도 태백시 창죽동,중상사고,0,1,0,0,차대차 - 측면충돌,중앙선침범,건조,맑음,단일로 - 기타,승용,남,74세,중상,건설기계,남,55세,상해없음
2020041600100081,2020년 4월 16일 08시,목요일,강원도 홍천군 서석면,경상사고,0,0,1,0,차대차 - 정면충돌,중앙선침범,건조,맑음,교차로 - 교차로부근,화물,남,65세,상해없음,승용,여,46세,경상
2020041600100102,2020년 4월 16일 09시,목요일,강원도 원주시 무실동,중상사고,0,2,1,0,차대차 - 측면충돌,차로위반,건조,맑음,단일로 - 기타,화물,남,46세,상해없음,승용,여,46세,중상
2020041600100152,2020년 4월 16일 11시,목요일,강원도 원주시 개운동,중상사고,0,1,2,0,차대차 - 측면충돌,안전운전불이행,기타,맑음,교차로 - 교차로안,승용,남,77세,중상,승용,남,36세,경상
2020041600100153,2020년 4월 16일 11시,목요일,강원도 태백시 장성동,중상사고,0,2,2,0,차대차 - 추돌,안전운전불이행,건조,맑음,교차로 - 교차로부근,화물,남,66세,상해없음,승용,남,65세,중상
2020041600100174,2020년 4월 16일 12시,목요일,강원도 춘천시 사농동,중상사고,0,1,2,0,차대차 - 추돌,안전운전불이행,건조,맑음,단일로 - 기타,승용,남,57세,상해없음,승용,남,37세,경상
2020041600100175,2020년 4월 16일 12시,목요일,강원도 인제군 상남면,경상사고,0,0,1,0,차대차 - 측면충돌,안전운전불이행,건조,맑음,단일로 - 기타,승용,여,44세,상해없음,승용,여,44세,경상
2020041600100205,2020년 4월 16일 13시,목요일,강원도 횡성군 횡성읍,경상사고,0,0,2,0,차대차 - 추돌,안전운전불이행,건조,맑음,단일로 - 기타,승용,여,51세,상해없음,승용,남,59세,경상
2020041600100234,2020년 4월 16일 14시,목요일,강원도 화천군 화천읍,경상사고,0,0,1,0,차대차 - 기타,안전운전불이행,건조,맑음,교차로 - 교차로안,승용,남,61세,상해없음,자전거,남,74세,경상
2020041600100278,2020년 4월 16일 15시,목요일,강원도 동해시 쇄운동,중상사고,0,1,2,0,차대차 - 측면충돌,신호위반,건조,맑음,교차로 - 교차로안,승용,남,23세,상해없음,화물,남,41세,중상
2020041600100339,2020년 4월 16일 17시,목요일,강원도 춘천시 후평동,경상사고,0,0,1,0,차대차 - 측면충돌,기타,건조,맑음,단일로 - 기타,화물,남,43세,상해없음,자전거,남,65세,경상
2020041600100376,2020년 4월 16일 18시,목요일,강원도 영월군 영월읍,경상사고,0,0,2,0,차대차 - 측면충돌,직진우회전진행방해,건조,맑음,교차로 - 교차로안,화물,여,49세,상해없음,승용,남,31세,경상
2020041600100448,2020년 4월 16일 20시,목요일,강원도 원주시 태장동,경상사고,0,0,1,0,차대차 - 측면충돌,신호위반,건조,맑음,교차로 - 교차로안,승용,남,64세,상해없음,승용,남,30세,경상
2020041600100481,2020년 4월 16일 21시,목요일,강원도 원주시 태장동,경상사고,0,0,2,0,차대차 - 측면충돌,중앙선침범,건조,맑음,단일로 - 기타,승용,남,61세,기타불명,승용,여,25세,경상
2020041700100005,2020년 4월 17일 00시,금요일,강원도 춘천시 삼천동,경상사고,0,0,1,0,차대사람 - 기타,안전운전불이행,건조,맑음,단일로 - 기타,승용,남,57세,상해없음,보행자,여,35세,경상
2020041700100019,2020년 4월 17일 01시,금요일,강원도 원주시 명륜동,경상사고,0,0,1,0,차대차 - 측면충돌,안전운전불이행,건조,맑음,주차장 - 주차장,승용,남,57세,상해없음,승용,남,29세,경상
2020041700100020,2020년 4월 17일 01시,금요일,강원도 동해시 부곡동,중상사고,0,1,0,0,차대사람 - 기타,안전운전불이행,건조,맑음,교차로 - 교차로부근,승용,남,44세,상해없음,보행자,남,49세,중상
2020041700100050,2020년 4월 17일 06시,금요일,강원도 속초시 청호동,중상사고,0,2,1,0,차대차 - 정면충돌,중앙선침범,건조,맑음,단일로 - 지하차도(도로)내,승용,남,63세,상해없음,승용,남,71세,중상
2020041700100061,2020년 4월 17일 07시,금요일,강원도 원주시 무실동,경상사고,0,0,3,0,차대차 - 측면충돌,안전운전불이행,기타,맑음,단일로 - 기타,승용,남,40세,상해없음,승용,여,49세,경상
2020041700100108,2020년 4월 17일 09시,금요일,강원도 춘천시 사농동,경상사고,0,0,1,0,차대차 - 추돌,안전거리미확보,건조,맑음,단일로 - 기타,승용,여,65세,상해없음,화물,남,61세,상해없음
2020041700100129,2020년 4월 17일 10시,금요일,강원도 강릉시 홍제동,경상사고,0,0,2,0,차대차 - 추돌,안전운전불이행,건조,맑음,교차로 - 교차로부근,화물,남,48세,상해없음,승용,여,41세,경상
2020041700100130,2020년 4월 17일 10시,금요일,강원도 원주시 반곡동,경상사고,0,0,1,0,차대차 - 추돌,안전거리미확보,건조,맑음,단일로 - 기타,승합,남,63세,상해없음,승용,남,77세,경상
2020041700100156,2020년 4월 17일 11시,금요일,강원도 원주시 부론면,경상사고,0,0,1,0,차대사람 - 기타,안전운전불이행,건조,맑음,단일로 - 기타,승용,여,59세,상해없음,보행자,여,74세,경상
2020041700100351,2020년 4월 17일 17시,금요일,강원도 강릉시 성내동,경상사고,0,0,2,0,차대사람 - 횡단중,보행자보호의무위반,젖음/습기,비,단일로 - 기타,승용,남,71세,상해없음,보행자,여,24세,경상
2020041700100352,2020년 4월 17일 17시,금요일,강원도 원주시 무실동,경상사고,0,0,2,0,차대차 - 후진중충돌,안전운전불이행,건조,맑음,단일로 - 기타,승용,여,30세,상해없음,승용,여,40세,상해없음
2020041700100383,2020년 4월 17일 18시,금요일,강원도 원주시 명륜동,경상사고,0,0,1,0,차대차 - 측면충돌,교차로운행방법위반,건조,맑음,교차로 - 교차로안,승용,남,39세,상해없음,화물,남,47세,경상
2020041700100384,2020년 4월 17일 18시,금요일,강원도 원주시 소초면,경상사고,0,0,1,0,차대차 - 측면충돌,직진우회전진행방해,젖음/습기,비,교차로 - 교차로안,승용,남,43세,상해없음,화물,남,65세,경상
2020041700100451,2020년 4월 17일 20시,금요일,강원도 강릉시 포남동,중상사고,0,2,0,0,차대차 - 추돌,안전운전불이행,젖음/습기,흐림,교차로 - 교차로부근,승합,남,46세,상해없음,승용,남,48세,중상
2020041700100452,2020년 4월 17일 20시,금요일,강원도 원주시 개운동,경상사고,0,0,1,0,차대차 - 측면충돌,안전운전불이행,건조,맑음,단일로 - 기타,승용,여,50세,상해없음,이륜,남,70세,경상
2020041700100453,2020년 4월 17일 20시,금요일,강원도 원주시 명륜동,경상사고,0,0,2,0,차대차 - 추돌,안전운전불이행,건조,맑음,기타 - 기타,이륜,남,30세,상해없음,승용,남,61세,경상
2020041700100475,2020년 4월 17일 21시,금요일,강원도 동해시 천곡동,중상사고,0,1,0,0,차대차 - 추돌,안전운전불이행,건조,맑음,교차로 - 교차로부근,승용,남,38세,상해없음,승용,여,59세,중상
2020041700100503,2020년 4월 17일 22시,금요일,강원도 춘천시 근화동,경상사고,0,0,2,0,차대차 - 추돌,안전운전불이행,건조,맑음,단일로 - 기타,승용,남,40세,상해없음,승용,남,45세,경상
2020041800100079,2020년 4월 18일 07시,토요일,강원도 원주시 단계동,중상사고,0,1,0,0,차대차 - 후진중충돌,불법유턴,건조,맑음,교차로 - 교차로부근,화물,남,57세,상해없음,승용,남,73세,중상
2020041800100106,2020년 4월 18일 08시,토요일,강원도 화천군 하남면,경상사고,0,0,2,0,차대차 - 기타,과속,건조,맑음,단일로 - 기타,승용,남,34세,상해없음,승용,남,20세,상해없음
2020041800100107,2020년 4월 18일 08시,토요일,강원도 양양군 현남면,중상사고,0,1,1,0,차대차 - 추돌,과속,젖음/습기,비,단일로 - 교량,승용,남,28세,경상,승용,남,40세,중상
2020041800100145,2020년 4월 18일 10시,토요일,강원도 원주시 반곡동,경상사고,0,0,2,0,차대차 - 기타,신호위반,건조,맑음,교차로 - 교차로안,승용,남,36세,상해없음,승용,남,39세,경상
2020041800100206,2020년 4월 18일 12시,토요일,강원도 춘천시 온의동,경상사고,0,0,2,0,차대차 - 측면충돌,차로위반,건조,맑음,단일로 - 기타,건설기계,남,56세,상해없음,승용,여,67세,경상
2020041800100208,2020년 4월 18일 12시,토요일,강원도 원주시 반곡동,중상사고,0,1,2,0,차대차 - 측면충돌,안전운전불이행,건조,맑음,교차로 - 교차로안,승용,여,35세,중상,승용,남,61세,경상
2020041800100209,2020년 4월 18일 12시,토요일,강원도 홍천군 화촌면,경상사고,0,0,2,0,차대차 - 추돌,안전운전불이행,건조,맑음,단일로 - 지하차도(도로)내,승용,여,57세,경상,승용,여,36세,경상
2020041800100210,2020년 4월 18일 12시,토요일,강원도 평창군 진부면,경상사고,0,0,1,0,차대사람 - 보도통행중,기타,건조,맑음,교차로 - 교차로부근,승용,남,98세 이상,상해없음,보행자,남,71세,경상
2020041800100240,2020년 4월 18일 13시,토요일,강원도 춘천시 사북면,경상사고,0,0,1,0,차대차 - 측면충돌,중앙선침범,건조,맑음,단일로 - 기타,화물,남,47세,상해없음,화물,남,70세,경상
2020041800100274,2020년 4월 18일 14시,토요일,강원도 속초시 조양동,경상사고,0,0,3,0,차대차 - 측면충돌,안전운전불이행,건조,맑음,교차로 - 교차로안,승용,여,50세,기타불명,승용,남,69세,경상
2020041800100319,2020년 4월 18일 15시,토요일,강원도 원주시 단구동,경상사고,0,0,2,0,차대차 - 측면충돌,안전거리미확보,건조,맑음,단일로 - 기타,화물,남,48세,상해없음,승용,남,49세,경상
2020041800100320,2020년 4월 18일 15시,토요일,강원도 속초시 교동,경상사고,0,0,1,0,차대차 - 기타,안전운전불이행,건조,맑음,단일로 - 기타,승용,남,69세,상해없음,승용,남,44세,경상
2020041800100350,2020년 4월 18일 16시,토요일,강원도 춘천시 남산면,경상사고,0,0,1,0,차량단독 - 도로외이탈 - 추락,안전운전불이행,건조,맑음,단일로 - 기타,사륜오토바이(ATV),여,42세,경상,,,,
2020041800100351,2020년 4월 18일 16시,토요일,강원도 춘천시 죽림동,경상사고,0,0,1,0,차대사람 - 기타,안전운전불이행,건조,맑음,단일로 - 기타,승용,남,39세,상해없음,보행자,여,51세,경상
2020041800100352,2020년 4월 18일 16시,토요일,강원도 강릉시 주문진읍,경상사고,0,0,1,0,차대사람 - 길가장자리구역통행중,안전운전불이행,기타,맑음,단일로 - 기타,원동기,남,46세,상해없음,보행자,남,57세,경상
2020041800100425,2020년 4월 18일 18시,토요일,강원도 홍천군 동면,중상사고,0,1,0,0,차대사람 - 차도통행중,보행자보호의무위반,건조,맑음,교차로 - 교차로부근,승용,남,65세,상해없음,보행자,여,74세,중상
2020041800100510,2020년 4월 18일 22시,토요일,강원도 강릉시 옥천동,경상사고,0,0,1,0,차대차 - 추돌,안전운전불이행,건조,맑음,교차로 - 교차로부근,승용,남,51세,상해없음,승용,남,57세,경상
2020041800100537,2020년 4월 18일 23시,토요일,강원도 춘천시 근화동,경상사고,0,0,1,0,차대차 - 추돌,안전운전불이행,건조,맑음,교차로 - 교차로부근,승용,남,32세,상해없음,승용,여,30세,경상
2020041900100108,2020년 4월 19일 11시,일요일,강원도 춘천시 동면,중상사고,0,1,0,0,차대차 - 기타,신호위반,건조,맑음,교차로 - 교차로안,승용,남,35세,상해없음,승용,남,57세,중상
2020041900100127,2020년 4월 19일 12시,일요일,강원도 동해시 천곡동,경상사고,0,0,2,0,차대차 - 측면충돌,교차로운행방법위반,건조,맑음,교차로 - 교차로안,승용,남,37세,상해없음,승용,여,40세,경상
2020041900100198,2020년 4월 19일 15시,일요일,강원도 화천군 사내면,경상사고,0,0,4,0,차대차 - 측면충돌,안전운전불이행,건조,맑음,교차로 - 교차로부근,승용,남,63세,상해없음,승용,여,39세,경상
2020041900100199,2020년 4월 19일 15시,일요일,강원도 동해시 송정동,중상사고,0,1,0,0,차대차 - 측면충돌,직진우회전진행방해,건조,맑음,교차로 - 교차로안,승용,남,59세,상해없음,자전거,남,62세,중상
2020041900100249,2020년 4월 19일 17시,일요일,강원도 춘천시 효자동,경상사고,0,0,1,0,차대차 - 측면충돌,안전운전불이행,젖음/습기,비,교차로 - 교차로안,승용,남,66세,상해없음,이륜,남,19세,경상
2020041900100268,2020년 4월 19일 18시,일요일,강원도 강릉시 강문동,경상사고,0,0,1,0,차대차 - 측면충돌,안전운전불이행,젖음/습기,비,단일로 - 기타,승용,남,38세,상해없음,승용,남,32세,경상
2020041900100269,2020년 4월 19일 18시,일요일,강원도 속초시 교동,경상사고,0,0,1,0,차대차 - 측면충돌,안전운전불이행,젖음/습기,비,교차로 - 교차로안,승용,남,52세,상해없음,이륜,남,39세,경상
2020041900100303,2020년 4월 19일 19시,일요일,강원도 춘천시 퇴계동,경상사고,0,0,1,0,차대차 - 측면충돌,안전운전불이행,젖음/습기,비,단일로 - 기타,승용,남,40세,상해없음,자전거,남,63세,경상
2020041900100339,2020년 4월 19일 20시,일요일,강원도 고성군 토성면,중상사고,0,2,0,0,차대차 - 측면충돌,신호위반,젖음/습기,비,교차로 - 교차로안,승용,남,25세,상해없음,승용,여,54세,중상
2020041900100395,2020년 4월 19일 22시,일요일,강원도 춘천시 석사동,경상사고,0,0,1,0,차대차 - 측면충돌,안전운전불이행,젖음/습기,비,단일로 - 기타,승용,남,73세,상해없음,이륜,남,35세,경상
2020042000100109,2020년 4월 20일 09시,월요일,강원도 춘천시 효자동,경상사고,0,0,1,0,차대차 - 기타,신호위반,건조,맑음,교차로 - 교차로안,승용,남,73세,상해없음,승용,남,66세,경상
2020042000100163,2020년 4월 20일 11시,월요일,강원도 강릉시 성남동,경상사고,0,0,1,0,차대차 - 측면충돌,안전운전불이행,건조,맑음,교차로 - 교차로안,승용,남,77세,상해없음,자전거,남,71세,경상
2020042000100164,2020년 4월 20일 11시,월요일,강원도 태백시 황지동,경상사고,0,0,3,0,차대차 - 측면충돌,교차로운행방법위반,건조,맑음,교차로 - 교차로안,승용,남,64세,상해없음,승용,여,34세,경상
2020042000100315,2020년 4월 20일 15시,월요일,강원도 속초시 교동,경상사고,0,0,1,0,차대차 - 추돌,안전운전불이행,건조,맑음,단일로 - 지하차도(도로)내,승용,여,76세,상해없음,승용,남,49세,경상
2020042000100341,2020년 4월 20일 16시,월요일,강원도 삼척시 성내동,경상사고,0,0,1,0,차대차 - 측면충돌,안전거리미확보,건조,맑음,단일로 - 지하차도(도로)내,자전거,남,14세,경상,승용,남,59세,상해없음
2020042000100342,2020년 4월 20일 16시,월요일,강원도 동해시 발한동,경상사고,0,0,2,0,차대차 - 측면충돌,직진우회전진행방해,건조,맑음,교차로 - 교차로안,승용,남,65세,상해없음,승용,남,27세,경상
2020042000100438,2020년 4월 20일 19시,월요일,강원도 춘천시 퇴계동,경상사고,0,0,1,0,차대차 - 측면충돌,안전거리미확보,건조,맑음,교차로 - 교차로안,승용,여,54세,상해없음,이륜,남,50세,경상
2020042000100439,2020년 4월 20일 19시,월요일,강원도 강릉시 옥천동,경상사고,0,0,2,0,차대차 - 측면충돌,안전운전불이행,건조,맑음,교차로 - 교차로안,승용,여,61세,경상,승합,남,45세,경상
2020042000100440,2020년 4월 20일 19시,월요일,강원도 원주시 단구동,경상사고,0,0,1,0,차대사람 - 횡단중,보행자보호의무위반,건조,맑음,교차로 - 교차로횡단보도내,승용,여,53세,상해없음,보행자,여,53세,경상
2020042000100495,2020년 4월 20일 21시,월요일,강원도 홍천군 홍천읍,경상사고,0,0,1,0,차대사람 - 횡단중,안전운전불이행,건조,맑음,단일로 - 기타,승용,남,47세,상해없음,보행자,남,49세,경상
2020042100100084,2020년 4월 21일 08시,화요일,강원도 원주시 원동,사망사고,1,0,0,0,차대사람 - 횡단중,보행자보호의무위반,건조,맑음,교차로 - 교차로횡단보도내,승용,여,38세,상해없음,보행자,여,60세,사망
2020042100100168,2020년 4월 21일 11시,화요일,강원도 삼척시 남양동,경상사고,0,0,2,0,차대차 - 추돌,안전운전불이행,건조,맑음,교차로 - 교차로부근,승용,여,43세,상해없음,승용,남,63세,경상
2020042100100192,2020년 4월 21일 12시,화요일,강원도 삼척시 정상동,경상사고,0,0,1,0,차대차 - 측면충돌,안전운전불이행,건조,맑음,교차로 - 교차로안,승용,남,77세,상해없음,화물,남,30세,경상
2020042100100228,2020년 4월 21일 13시,화요일,강원도 춘천시 옥천동,경상사고,0,0,1,0,차대차 - 측면충돌,직진우회전진행방해,건조,맑음,교차로 - 교차로안,승용,남,65세,상해없음,이륜,남,53세,경상
2020042100100229,2020년 4월 21일 13시,화요일,강원도 강릉시 강동면,사망사고,1,0,0,0,차대차 - 정면충돌,안전운전불이행,건조,맑음,교차로 - 교차로안,승합,남,50세,상해없음,화물,남,63세,상해없음
2020042100100356,2020년 4월 21일 17시,화요일,강원도 원주시 단계동,경상사고,0,0,1,0,차대사람 - 횡단중,신호위반,건조,맑음,교차로 - 교차로안,승용,남,67세,상해없음,보행자,여,22세,경상
2020042100100357,2020년 4월 21일 17시,화요일,강원도 원주시 소초면,중상사고,0,1,0,0,차대사람 - 차도통행중,안전운전불이행,건조,맑음,교차로 - 교차로부근,건설기계,남,46세,기타불명,보행자,남,60세,중상
2020042100100358,2020년 4월 21일 17시,화요일,강원도 삼척시 도계읍,경상사고,0,0,1,0,차대차 - 기타,안전운전불이행,건조,맑음,교차로 - 교차로안,승용,남,44세,상해없음,승용,남,65세,상해없음
2020042100100359,2020년 4월 21일 17시,화요일,강원도 화천군 화천읍,사망사고,1,0,0,0,차량단독 - 공작물충돌,기타,건조,맑음,단일로 - 기타,자전거,남,80세,사망,,,,
2020042100100410,2020년 4월 21일 18시,화요일,강원도 원주시 명륜동,중상사고,0,2,0,0,차대차 - 측면충돌,안전운전불이행,건조,맑음,교차로 - 교차로안,승용,남,59세,상해없음,승용,여,39세,중상
2020042100100432,2020년 4월 21일 19시,화요일,강원도 원주시 단구동,경상사고,0,0,1,0,차대차 - 추돌,안전운전불이행,건조,맑음,교차로 - 교차로부근,승용,여,43세,상해없음,이륜,남,39세,경상
2020042100100433,2020년 4월 21일 19시,화요일,강원도 속초시 교동,경상사고,0,0,2,0,차대차 - 측면충돌,안전거리미확보,건조,맑음,단일로 - 기타,승용,여,38세,상해없음,승용,남,58세,경상
2020042200100076,2020년 4월 22일 07시,수요일,강원도 춘천시 중앙로3가,경상사고,0,0,3,0,차대차 - 측면충돌,안전운전불이행,건조,맑음,단일로 - 기타,승합,남,69세,경상,화물,남,68세,경상
2020042200100130,2020년 4월 22일 09시,수요일,강원도 강릉시 유천동,경상사고,0,0,1,0,차대차 - 측면충돌,안전운전불이행,건조,맑음,교차로 - 교차로안,승용,남,72세,상해없음,승용,남,26세,경상
2020042200100131,2020년 4월 22일 09시,수요일,강원도 양구군 남면,경상사고,0,0,1,0,차대차 - 기타,중앙선침범,건조,맑음,단일로 - 기타,화물,남,56세,상해없음,승용,여,63세,경상
2020042200100153,2020년 4월 22일 10시,수요일,강원도 춘천시 근화동,경상사고,0,0,1,0,차대차 - 기타,안전거리미확보,건조,맑음,교차로 - 교차로부근,화물,남,29세,상해없음,승용,남,41세,상해없음
2020042200100154,2020년 4월 22일 10시,수요일,강원도 원주시 중앙동,경상사고,0,0,1,0,차대사람 - 횡단중,안전운전불이행,건조,맑음,교차로 - 교차로횡단보도내,화물,남,80세,상해없음,보행자,여,79세,경상
2020042200100155,2020년 4월 22일 10시,수요일,강원도 홍천군 북방면,경상사고,0,0,1,0,차대차 - 정면충돌,중앙선침범,건조,맑음,단일로 - 지하차도(도로)내,승합,남,61세,상해없음,건설기계,남,53세,경상
2020042200100243,2020년 4월 22일 13시,수요일,강원도 원주시 일산동,중상사고,0,1,0,0,차대차 - 측면충돌,기타,건조,맑음,단일로 - 기타,승용,여,57세,중상,승합,남,59세,상해없음
2020042200100300,2020년 4월 22일 15시,수요일,강원도 삼척시 남양동,경상사고,0,0,1,0,차대차 - 측면충돌,안전운전불이행,건조,맑음,단일로 - 기타,승용,여,53세,상해없음,승용,남,55세,상해없음
2020042200100301,2020년 4월 22일 15시,수요일,강원도 홍천군 북방면,경상사고,0,0,1,0,차대차 - 측면충돌,교차로운행방법위반,건조,맑음,교차로 - 교차로안,승용,여,56세,상해없음,건설기계,남,50세,경상
2020042200100335,2020년 4월 22일 16시,수요일,강원도 원주시 단계동,중상사고,0,1,0,0,차대사람 - 횡단중,안전운전불이행,건조,맑음,단일로 - 기타,승용,남,29세,상해없음,보행자,여,79세,중상
2020042200100336,2020년 4월 22일 16시,수요일,강원도 삼척시 교동,경상사고,0,0,1,0,차대차 - 측면충돌,안전운전불이행,건조,맑음,교차로 - 교차로안,승용,남,33세,상해없음,승용,여,62세,경상
2020042200100379,2020년 4월 22일 17시,수요일,강원도 춘천시 후평동,경상사고,0,0,1,0,차대차 - 측면충돌,안전운전불이행,건조,맑음,단일로 - 기타,승용,남,51세,상해없음,승용,남,35세,경상
2020042200100408,2020년 4월 22일 18시,수요일,강원도 춘천시 후평동,중상사고,0,1,0,0,차대차 - 측면충돌,안전거리미확보,건조,맑음,교차로 - 교차로안,승용,남,56세,상해없음,승용,남,57세,중상
2020042200100409,2020년 4월 22일 18시,수요일,강원도 양구군 해안면,경상사고,0,0,1,0,차대사람 - 횡단중,보행자보호의무위반,건조,맑음,단일로 - 기타,승용,남,36세,상해없음,보행자,남,6세,경상
2020042200100461,2020년 4월 22일 20시,수요일,강원도 원주시 일산동,경상사고,0,0,4,0,차대차 - 측면충돌,교차로운행방법위반,건조,맑음,교차로 - 교차로안,승용,남,59세,상해없음,승용,남,20세,경상
2020042200100462,2020년 4월 22일 20시,수요일,강원도 삼척시 도계읍,중상사고,0,1,0,0,차대사람 - 보도통행중,기타,건조,흐림,단일로 - 기타,승용,남,54세,상해없음,보행자,여,64세,중상
2020042300100024,2020년 4월 23일 02시,목요일,강원도 원주시 단계동,경상사고,0,0,2,0,차대차 - 후진중충돌,안전운전불이행,건조,맑음,교차로 - 교차로안,승용,남,21세,상해없음,승용,남,19세,경상
2020042300100057,2020년 4월 23일 06시,목요일,강원도 춘천시 온의동,경상사고,0,0,1,0,차대차 - 추돌,안전운전불이행,건조,맑음,단일로 - 기타,승합,남,45세,상해없음,화물,남,65세,경상
2020042300100076,2020년 4월 23일 07시,목요일,강원도 원주시 단구동,중상사고,0,1,0,0,차대차 - 측면충돌,중앙선침범,건조,맑음,단일로 - 기타,승용,여,42세,상해없음,화물,남,53세,중상
2020042300100159,2020년 4월 23일 10시,목요일,강원도 강릉시 남문동,중상사고,0,1,0,0,차대차 - 측면충돌,안전운전불이행,건조,맑음,단일로 - 기타,이륜,남,73세,중상,승합,남,48세,상해없음
2020042300100230,2020년 4월 23일 13시,목요일,강원도 원주시 소초면,경상사고,0,0,1,0,차대차 - 추돌,안전운전불이행,건조,맑음,교차로 - 교차로부근,승용,여,72세,상해없음,승용,여,55세,경상
2020042300100321,2020년 4월 23일 16시,목요일,강원도 삼척시 정상동,경상사고,0,0,2,0,차대차 - 정면충돌,안전거리미확보,건조,맑음,교차로 - 교차로부근,건설기계,남,67세,상해없음,승용,남,43세,경상
2020042300100360,2020년 4월 23일 17시,목요일,강원도 춘천시 소양로1가,경상사고,0,0,2,0,차대차 - 측면충돌,교차로운행방법위반,건조,맑음,교차로 - 교차로안,승용,남,50세,상해없음,승용,남,55세,경상
2020042300100361,2020년 4월 23일 17시,목요일,강원도 원주시 행구동,경상사고,0,0,1,0,차대차 - 추돌,안전운전불이행,건조,맑음,단일로 - 기타,승용,남,39세,상해없음,화물,남,27세,경상
2020042300100412,2020년 4월 23일 18시,목요일,강원도 영월군 중동면,중상사고,0,1,0,0,차대차 - 측면충돌,교차로운행방법위반,건조,맑음,교차로 - 교차로안,승용,여,46세,중상,승합,남,35세,상해없음
2020042300100452,2020년 4월 23일 19시,목요일,강원도 춘천시 동면,중상사고,0,1,0,0,차대차 - 추돌,안전운전불이행,건조,맑음,단일로 - 기타,화물,여,64세,상해없음,농기계,남,79세,중상
2020042300100505,2020년 4월 23일 21시,목요일,강원도 춘천시 후평동,중상사고,0,1,0,0,차대차 - 기타,중앙선침범,건조,맑음,단일로 - 기타,승용,남,47세,상해없음,원동기,남,18세,중상
2020042300100506,2020년 4월 23일 21시,목요일,강원도 삼척시 근덕면,중상사고,0,1,1,0,차대차 - 기타,안전거리미확보,건조,맑음,단일로 - 기타,승합,여,62세,상해없음,승용,여,31세,경상
2020042300100541,2020년 4월 23일 23시,목요일,강원도 춘천시 효자동,경상사고,0,0,1,0,차대차 - 기타,신호위반,건조,맑음,단일로 - 터널,승용,남,50세,상해없음,승용,남,20세,경상
2020042400100037,2020년 4월 24일 02시,금요일,강원도 춘천시 효자동,경상사고,0,0,1,0,차대사람 - 기타,안전운전불이행,건조,맑음,단일로 - 기타,기타불명,기타불명,미분류,기타불명,보행자,남,25세,경상
2020042400100105,2020년 4월 24일 08시,금요일,강원도 양양군 양양읍,경상사고,0,0,1,0,차대사람 - 차도통행중,안전운전불이행,건조,맑음,단일로 - 지하차도(도로)내,승용,여,74세,상해없음,보행자,남,63세,경상
2020042400100138,2020년 4월 24일 09시,금요일,강원도 평창군 대화면,경상사고,0,0,1,0,차대차 - 측면충돌,안전운전불이행,건조,맑음,교차로 - 교차로안,화물,남,67세,상해없음,승용,남,56세,경상