사고번호,사고일시,요일,시군구,사고내용,사망자수,중상자수,경상자수,부상신고자수,사고유형,법규위반,노면상태,기상상태,도로형태,가해운전자 차종,가해운전자 성별,가해운전자 연령,가해운전자 상해정도,피해운전자 차종,피해운전자 성별,피해운전자 연령,피해운전자 상해정도
2020042400100161,2020년 4월 24일 10시,금요일,강원도 원주시 무실동,경상사고,0,0,1,0,차대차 - 추돌,안전운전불이행,기타,맑음,교차로 - 교차로부근,승용,여,38세,상해없음,승용,여,45세,경상
2020042400100162,2020년 4월 24일 10시,금요일,강원도 화천군 사내면,중상사고,0,1,0,0,차대차 - 기타,교차로운행방법위반,건조,맑음,교차로 - 교차로안,승용,남,67세,상해없음,이륜,남,50세,중상
2020042400100203,2020년 4월 24일 11시,금요일,강원도 원주시 학성동,경상사고,0,0,1,0,차대차 - 추돌,안전운전불이행,건조,맑음,교차로 - 교차로부근,화물,남,37세,상해없음,자전거,여,25세,경상
2020042400100204,2020년 4월 24일 11시,금요일,강원도 원주시 개운동,경상사고,0,0,1,0,차대차 - 추돌,안전운전불이행,기타,기타,단일로 - 기타,승용,여,28세,상해없음,이륜,남,73세,경상
2020042400100391,2020년 4월 24일 16시,금요일,강원도 춘천시 효자동,경상사고,0,0,1,0,차대차 - 추돌,안전운전불이행,건조,맑음,교차로 - 교차로안,승용,남,52세,상해없음,승용,남,37세,경상
2020042400100392,2020년 4월 24일 16시,금요일,강원도 원주시 명륜동,경상사고,0,0,1,0,차대차 - 추돌,안전운전불이행,건조,맑음,교차로 - 교차로부근,화물,남,23세,상해없음,승용,여,44세,경상
2020042400100438,2020년 4월 24일 17시,금요일,강원도 춘천시 퇴계동,중상사고,0,3,0,0,차대차 - 추돌,안전거리미확보,건조,맑음,교차로 - 교차로부근,건설기계,남,53세,상해없음,승용,남,48세,중상
2020042400100490,2020년 4월 24일 18시,금요일,강원도 춘천시 후평동,중상사고,0,1,0,0,차대차 - 기타,교차로운행방법위반,건조,맑음,단일로 - 기타,승용,남,27세,상해없음,자전거,남,75세,중상
2020042400100491,2020년 4월 24일 18시,금요일,강원도 강릉시 교동,중상사고,0,2,1,0,차대차 - 측면충돌,신호위반,건조,맑음,교차로 - 교차로안,화물,남,41세,상해없음,승용,여,29세,경상
2020042400100525,2020년 4월 24일 19시,금요일,강원도 강릉시 노암동,경상사고,0,0,1,0,차대차 - 후진중충돌,안전운전불이행,건조,맑음,교차로 - 교차로안,승용,여,49세,상해없음,승용,여,39세,경상
2020042500100008,2020년 4월 25일 00시,토요일,강원도 강릉시 강동면,중상사고,0,3,0,0,차대차 - 정면충돌,안전운전불이행,건조,맑음,단일로 - 기타,승용,남,39세,중상,승용,여,62세,중상
2020042500100025,2020년 4월 25일 01시,토요일,강원도 속초시 교동,경상사고,0,0,1,0,차대차 - 측면충돌,교차로운행방법위반,건조,흐림,교차로 - 교차로안,이륜,남,19세,상해없음,승용,남,29세,경상
2020042500100109,2020년 4월 25일 08시,토요일,강원도 인제군 인제읍,경상사고,0,0,1,0,차대차 - 측면충돌,안전운전불이행,건조,맑음,교차로 - 교차로안,승용,남,26세,상해없음,승용,여,45세,경상
2020042500100139,2020년 4월 25일 09시,토요일,강원도 춘천시 동면,중상사고,0,2,0,0,차대차 - 기타,과속,건조,맑음,교차로 - 교차로안,승용,남,48세,상해없음,승용,남,64세,중상
2020042500100140,2020년 4월 25일 09시,토요일,강원도 강릉시 입암동,경상사고,0,0,1,0,차대차 - 측면충돌,안전운전불이행,건조,맑음,교차로 - 교차로부근,건설기계,남,52세,상해없음,승용,남,71세,경상
2020042500100168,2020년 4월 25일 10시,토요일,강원도 홍천군 홍천읍,경상사고,0,0,2,0,차대차 - 정면충돌,교차로운행방법위반,건조,맑음,교차로 - 교차로안,승용,남,24세,상해없음,화물,남,58세,경상
2020042500100226,2020년 4월 25일 12시,토요일,강원도 원주시 흥업면,중상사고,0,1,0,0,차대사람 - 기타,안전운전불이행,건조,맑음,단일로 - 기타,화물,남,43세,상해없음,보행자,여,81세,중상
2020042500100266,2020년 4월 25일 13시,토요일,강원도 삼척시 갈천동,경상사고,0,0,3,0,차대차 - 측면충돌,안전거리미확보,건조,맑음,단일로 - 기타,승용,남,21세,상해없음,승용,여,57세,경상
2020042500100267,2020년 4월 25일 13시,토요일,강원도 횡성군 횡성읍,경상사고,0,0,3,1,차대차 - 추돌,안전운전불이행,건조,맑음,단일로 - 기타,이륜,남,34세,상해없음,승용,남,23세,경상
2020042500100321,2020년 4월 25일 15시,토요일,강원도 춘천시 서면,경상사고,0,0,1,0,차대차 - 측면충돌,교차로운행방법위반,건조,맑음,교차로 - 교차로안,승용,남,18세,상해없음,이륜,남,31세,경상
2020042500100322,2020년 4월 25일 15시,토요일,강원도 춘천시 서면,중상사고,0,1,0,0,차대사람 - 기타,안전운전불이행,건조,맑음,단일로 - 기타,자전거,남,39세,상해없음,보행자,남,17세,중상
2020042500100357,2020년 4월 25일 16시,토요일,강원도 원주시 관설동,경상사고,0,0,3,0,차대차 - 추돌,교차로운행방법위반,건조,맑음,교차로 - 교차로안,승용,여,32세,경상,이륜,남,16세,경상
2020042500100358,2020년 4월 25일 16시,토요일,강원도 평창군 진부면,중상사고,0,1,0,0,차대차 - 추돌,안전운전불이행,건조,흐림,교차로 - 교차로안,이륜,남,38세,상해없음,이륜,남,49세,중상
2020042500100359,2020년 4월 25일 16시,토요일,강원도 춘천시 동산면,경상사고,0,0,2,0,차대차 - 측면충돌,안전운전불이행,건조,맑음,단일로 - 기타,승용,남,61세,상해없음,승용,남,53세,경상
2020042500100397,2020년 4월 25일 17시,토요일,강원도 강릉시 포남동,경상사고,0,0,1,0,차대사람 - 기타,안전운전불이행,건조,맑음,교차로 - 교차로안,화물,남,54세,상해없음,보행자,남,28세,경상
2020042500100501,2020년 4월 25일 20시,토요일,강원도 원주시 단구동,중상사고,0,1,0,0,차대사람 - 기타,안전운전불이행,기타,기타,교차로 - 교차로안,승용,남,29세,상해없음,보행자,남,51세,중상
2020042500100564,2020년 4월 25일 22시,토요일,강원도 춘천시 동면,경상사고,0,0,3,0,차대차 - 추돌,안전운전불이행,건조,맑음,교차로 - 교차로부근,승용,여,63세,경상,승용,남,62세,상해없음
2020042500100565,2020년 4월 25일 22시,토요일,강원도 속초시 동명동,경상사고,0,0,1,0,차대차 - 측면충돌,안전운전불이행,건조,맑음,교차로 - 교차로부근,승용,남,37세,상해없음,승용,여,42세,경상
2020042500100566,2020년 4월 25일 22시,토요일,강원도 동해시 천곡동,경상사고,0,0,1,0,차대차 - 기타,안전운전불이행,건조,맑음,주차장 - 주차장,승용,남,24세,상해없음,승용,남,19세,상해없음
2020042500100584,2020년 4월 25일 23시,토요일,강원도 원주시 무실동,경상사고,0,0,3,0,차대차 - 측면충돌,안전운전불이행,건조,맑음,단일로 - 기타,승용,남,35세,경상,승용,남,54세,경상
2020042500100585,2020년 4월 25일 23시,토요일,강원도 양양군 양양읍,경상사고,0,0,1,0,차대차 - 측면충돌,교차로운행방법위반,건조,맑음,교차로 - 교차로안,승용,여,55세,상해없음,승용,남,54세,경상
2020042600100041,2020년 4월 26일 02시,일요일,강원도 강릉시 입암동,경상사고,0,0,1,0,차대사람 - 차도통행중,안전운전불이행,건조,맑음,단일로 - 기타,승용,남,46세,상해없음,보행자,남,34세,경상
2020042600100061,2020년 4월 26일 05시,일요일,강원도 원주시 학성동,경상사고,0,0,1,0,차대차 - 추돌,안전운전불이행,건조,맑음,교차로 - 교차로횡단보도내,승용,여,37세,상해없음,승용,남,63세,경상
2020042600100092,2020년 4월 26일 08시,일요일,강원도 인제군 인제읍,경상사고,0,0,1,0,차대차 - 측면충돌,기타,건조,맑음,교차로 - 교차로안,승용,남,41세,상해없음,승용,남,59세,경상
2020042600100125,2020년 4월 26일 10시,일요일,강원도 강릉시 옥계면,중상사고,0,1,0,0,차대차 - 측면충돌,신호위반,젖음/습기,비,교차로 - 교차로안,화물,남,65세,상해없음,이륜,남,44세,중상
2020042600100126,2020년 4월 26일 10시,일요일,강원도 삼척시 등봉동,경상사고,0,0,2,0,차대차 - 정면충돌,중앙선침범,젖음/습기,비,단일로 - 기타,건설기계,남,47세,상해없음,승용,남,56세,경상
2020042600100127,2020년 4월 26일 10시,일요일,강원도 홍천군 홍천읍,경상사고,0,0,3,0,차대차 - 측면충돌,교차로운행방법위반,건조,맑음,교차로 - 교차로안,화물,여,51세,상해없음,승용,남,47세,경상
2020042600100155,2020년 4월 26일 11시,일요일,강원도 횡성군 횡성읍,중상사고,0,1,0,0,차대차 - 정면충돌,안전운전불이행,건조,맑음,교차로 - 교차로안,이륜,남,77세,중상,화물,여,59세,상해없음
2020042600100156,2020년 4월 26일 11시,일요일,강원도 철원군 갈말읍,중상사고,0,2,1,0,차량단독 - 공작물충돌,안전운전불이행,건조,맑음,단일로 - 기타,승용,남,59세,상해없음,,,,
2020042600100190,2020년 4월 26일 13시,일요일,강원도 춘천시 퇴계동,경상사고,0,0,2,0,차대차 - 후진중충돌,안전운전불이행,건조,맑음,단일로 - 기타,화물,남,63세,상해없음,승용,여,51세,경상
2020042600100191,2020년 4월 26일 13시,일요일,강원도 원주시 무실동,경상사고,0,0,1,0,차대차 - 측면충돌,안전운전불이행,건조,맑음,교차로 - 교차로안,승용,남,48세,상해없음,승용,여,32세,경상
2020042600100246,2020년 4월 26일 15시,일요일,강원도 원주시 학성동,경상사고,0,0,2,0,차대차 - 측면충돌,안전운전불이행,건조,맑음,단일로 - 기타,승용,남,54세,기타불명,승용,남,62세,경상
2020042600100322,2020년 4월 26일 17시,일요일,강원도 고성군 현내면,경상사고,0,0,2,0,차대차 - 측면충돌,안전운전불이행,건조,맑음,교차로 - 교차로부근,화물,남,52세,상해없음,승용,남,62세,경상
2020042600100354,2020년 4월 26일 18시,일요일,강원도 춘천시 후평동,부상신고사고,0,0,0,1,차대차 - 측면충돌,직진우회전진행방해,건조,맑음,교차로 - 교차로안,승용,남,61세,상해없음,승용,남,24세,부상신고
2020042600100401,2020년 4월 26일 20시,일요일,강원도 강릉시 교동,중상사고,0,1,0,0,차대차 - 측면충돌,중앙선침범,건조,맑음,단일로 - 기타,원동기,남,16세,상해없음,이륜,남,25세,중상
2020042600100451,2020년 4월 26일 22시,일요일,강원도 원주시 무실동,중상사고,0,1,1,0,차대차 - 측면충돌,신호위반,건조,맑음,교차로 - 교차로안,승용,여,28세,상해없음,승용,남,69세,경상
2020042700100058,2020년 4월 27일 07시,월요일,강원도 인제군 북면,경상사고,0,0,2,0,차대차 - 추돌,안전운전불이행,건조,맑음,교차로 - 교차로부근,화물,남,54세,상해없음,승용,남,61세,경상
2020042700100089,2020년 4월 27일 08시,월요일,강원도 속초시 조양동,경상사고,0,0,2,0,차대차 - 측면충돌,안전운전불이행,건조,맑음,단일로 - 지하차도(도로)내,승용,여,53세,상해없음,승용,여,43세,경상
2020042700100148,2020년 4월 27일 10시,월요일,강원도 원주시 개운동,중상사고,0,1,0,0,차대사람 - 기타,안전운전불이행,건조,맑음,교차로 - 교차로부근,건설기계,남,62세,상해없음,보행자,남,84세,중상
2020042700100149,2020년 4월 27일 10시,월요일,강원도 철원군 동송읍,경상사고,0,0,1,0,차대차 - 기타,교차로운행방법위반,건조,맑음,교차로 - 교차로부근,화물,남,56세,상해없음,승용,남,54세,경상
2020042700100220,2020년 4월 27일 12시,월요일,강원도 동해시 천곡동,경상사고,0,0,1,0,차대사람 - 횡단중,신호위반,건조,맑음,교차로 - 교차로횡단보도내,승용,남,71세,상해없음,보행자,여,30세,경상
2020042700100261,2020년 4월 27일 13시,월요일,강원도 원주시 명륜동,경상사고,0,0,2,0,차대차 - 후진중충돌,중앙선침범,건조,맑음,교차로 - 교차로부근,승용,여,62세,상해없음,승용,남,37세,경상
2020042700100262,2020년 4월 27일 13시,월요일,강원도 원주시 단구동,경상사고,0,0,4,0,차대차 - 기타,신호위반,건조,맑음,교차로 - 교차로안,승용,여,45세,경상,승용,남,22세,경상
2020042700100263,2020년 4월 27일 13시,월요일,강원도 동해시 부곡동,경상사고,0,0,3,0,차대차 - 추돌,안전거리미확보,젖음/습기,비,교차로 - 교차로부근,승용,남,75세,상해없음,승용,여,58세,경상
2020042700100330,2020년 4월 27일 15시,월요일,강원도 춘천시 동면,경상사고,0,0,1,0,차대차 - 측면충돌,교차로운행방법위반,건조,맑음,교차로 - 교차로안,승용,여,52세,상해없음,승용,남,43세,경상
2020042700100331,2020년 4월 27일 15시,월요일,강원도 원주시 개운동,부상신고사고,0,0,0,1,차대사람 - 횡단중,안전운전불이행,건조,흐림,기타 - 기타,승용,남,40세,기타불명,보행자,여,52세,부상신고
2020042700100373,2020년 4월 27일 16시,월요일,강원도 춘천시 효자동,경상사고,0,0,2,2,차대차 - 추돌,안전운전불이행,건조,맑음,교차로 - 교차로안,화물,남,37세,부상신고,화물,남,47세,경상
2020042700100422,2020년 4월 27일 17시,월요일,강원도 속초시 교동,중상사고,0,1,0,0,차대차 - 추돌,안전운전불이행,건조,맑음,교차로 - 교차로부근,승용,남,59세,상해없음,승용,남,56세,중상
2020042700100423,2020년 4월 27일 17시,월요일,강원도 동해시 송정동,경상사고,0,0,1,0,차대차 - 측면충돌,안전운전불이행,건조,맑음,교차로 - 교차로부근,승용,남,26세,상해없음,건설기계,남,45세,경상
2020042700100460,2020년 4월 27일 18시,월요일,강원도 원주시 관설동,경상사고,0,0,1,0,차대차 - 기타,안전거리미확보,건조,맑음,단일로 - 기타,승용,남,38세,상해없음,승용,남,53세,경상
2020042700100540,2020년 4월 27일 20시,월요일,강원도 강릉시 임당동,경상사고,0,0,1,0,차대사람 - 횡단중,안전운전불이행,젖음/습기,흐림,기타 - 기타,원동기,남,24세,상해없음,보행자,여,42세,경상
2020042700100593,2020년 4월 27일 22시,월요일,강원도 춘천시 퇴계동,경상사고,0,0,1,0,차대차 - 측면충돌,불법유턴,건조,맑음,교차로 - 교차로부근,승용,남,69세,상해없음,승용,남,20세,경상
2020042800100008,2020년 4월 28일 00시,화요일,강원도 원주시 반곡동,경상사고,0,0,5,0,차대차 - 추돌,신호위반,건조,맑음,교차로 - 교차로안,승용,남,27세,경상,승용,남,56세,경상
2020042800100039,2020년 4월 28일 04시,화요일,강원도 원주시 우산동,중상사고,0,1,0,0,차대차 - 추돌,안전운전불이행,건조,맑음,교차로 - 교차로안,승용,남,49세,상해없음,이륜,남,57세,중상
2020042800100137,2020년 4월 28일 09시,화요일,강원도 고성군 토성면,중상사고,0,1,0,0,차대차 - 측면충돌,신호위반,건조,맑음,교차로 - 교차로안,화물,남,57세,상해없음,원동기,남,81세,중상
2020042800100168,2020년 4월 28일 10시,화요일,강원도 강릉시 노암동,중상사고,0,1,0,0,차대차 - 측면충돌,안전운전불이행,건조,맑음,교차로 - 교차로안,승용,남,83세,상해없음,이륜,남,33세,중상
2020042800100239,2020년 4월 28일 12시,화요일,강원도 홍천군 홍천읍,중상사고,0,1,1,0,차대차 - 측면충돌,직진우회전진행방해,건조,맑음,교차로 - 교차로안,승용,여,49세,상해없음,승용,남,61세,중상
2020042800100396,2020년 4월 28일 16시,화요일,강원도 강릉시 포남동,부상신고사고,0,0,0,1,차대사람 - 기타,안전운전불이행,건조,맑음,단일로 - 기타,기타불명,기타불명,미분류,기타불명,보행자,남,68세,부상신고
2020042800100397,2020년 4월 28일 16시,화요일,강원도 강릉시 견소동,경상사고,0,0,1,0,차대차 - 추돌,안전운전불이행,건조,맑음,교차로 - 교차로부근,화물,남,39세,상해없음,승용,남,34세,경상
2020042800100398,2020년 4월 28일 16시,화요일,강원도 원주시 중앙동,경상사고,0,0,1,0,차대사람 - 차도통행중,안전운전불이행,건조,맑음,단일로 - 기타,승용,남,75세,상해없음,보행자,여,75세,경상
2020042800100434,2020년 4월 28일 17시,화요일,강원도 삼척시 정상동,경상사고,0,0,2,0,차대차 - 측면충돌,신호위반,건조,맑음,교차로 - 교차로안,승용,남,57세,상해없음,승용,여,62세,경상
2020042800100479,2020년 4월 28일 18시,화요일,강원도 강릉시 포남동,경상사고,0,0,1,0,차대차 - 측면충돌,안전운전불이행,건조,맑음,단일로 - 기타,승용,남,66세,상해없음,자전거,여,13세,경상
2020042800100480,2020년 4월 28일 18시,화요일,강원도 강릉시 왕산면,중상사고,0,1,1,0,차대차 - 측면충돌,중앙선침범,건조,맑음,단일로 - 기타,승합,남,52세,상해없음,승용,남,64세,중상
2020042800100481,2020년 4월 28일 18시,화요일,강원도 원주시 무실동,중상사고,0,1,0,0,차대차 - 측면충돌,안전운전불이행,건조,맑음,교차로 - 교차로부근,승용,남,30세,상해없음,이륜,남,41세,중상
2020042800100482,2020년 4월 28일 18시,화요일,강원도 원주시 개운동,경상사고,0,0,1,0,차대차 - 측면충돌,안전운전불이행,건조,맑음,단일로 - 기타,승용,여,50세,상해없음,승용,남,84세,경상
2020042800100526,2020년 4월 28일 19시,화요일,강원도 원주시 학성동,사망사고,1,0,0,0,차대사람 - 횡단중,보행자보호의무위반,건조,맑음,교차로 - 교차로횡단보도내,승용,남,68세,상해없음,보행자,여,82세,사망
2020042800100629,2020년 4월 28일 23시,화요일,강원도 속초시 조양동,경상사고,0,0,1,0,차대차 - 측면충돌,신호위반,건조,맑음,교차로 - 교차로안,승용,여,50세,상해없음,이륜,남,23세,경상
2020042900100045,2020년 4월 29일 05시,수요일,강원도 삼척시 교동,중상사고,0,1,1,0,차량단독 - 공작물충돌,안전운전불이행,건조,맑음,단일로 - 지하차도(도로)내,이륜,남,24세,중상,,,,
2020042900100085,2020년 4월 29일 08시,수요일,강원도 강릉시 교동,중상사고,0,1,0,0,차대차 - 측면충돌,신호위반,건조,맑음,교차로 - 교차로안,승용,남,52세,상해없음,승용,남,40세,중상
2020042900100119,2020년 4월 29일 09시,수요일,강원도 강릉시 교동,경상사고,0,0,1,0,차대사람 - 기타,안전운전불이행,건조,맑음,교차로 - 교차로안,승용,남,60세,상해없음,보행자,남,37세,경상
2020042900100120,2020년 4월 29일 09시,수요일,강원도 홍천군 홍천읍,경상사고,0,0,1,0,차대사람 - 횡단중,보행자보호의무위반,건조,맑음,교차로 - 교차로횡단보도내,화물,남,76세,상해없음,보행자,여,53세,경상
2020042900100185,2020년 4월 29일 11시,수요일,강원도 춘천시 동내면,경상사고,0,0,1,0,차대차 - 후진중충돌,안전운전불이행,건조,맑음,교차로 - 교차로부근,화물,남,69세,상해없음,승용,남,32세,상해없음
2020042900100186,2020년 4월 29일 11시,수요일,강원도 강릉시 강동면,경상사고,0,0,1,0,차대차 - 측면충돌,안전운전불이행,건조,맑음,교차로 - 교차로안,화물,남,67세,상해없음,승용,남,28세,경상
2020042900100225,2020년 4월 29일 12시,수요일,강원도 횡성군 갑천면,중상사고,0,2,1,0,차량단독 - 도로외이탈 - 추락,안전운전불이행,건조,맑음,단일로 - 기타,화물,남,50세,경상,,,,
2020042900100255,2020년 4월 29일 13시,수요일,강원도 강릉시 강동면,경상사고,0,0,2,0,차대차 - 추돌,안전운전불이행,건조,맑음,단일로 - 기타,승용,남,63세,상해없음,승용,남,39세,경상
2020042900100256,2020년 4월 29일 13시,수요일,강원도 정선군 고한읍,중상사고,0,1,0,0,차대차 - 측면충돌,신호위반,건조,맑음,교차로 - 교차로안,이륜,남,53세,중상,승용,남,57세,상해없음
2020042900100433,2020년 4월 29일 17시,수요일,강원도 원주시 우산동,경상사고,0,0,1,0,차대사람 - 횡단중,안전운전불이행,건조,맑음,단일로 - 기타,승용,남,48세,상해없음,보행자,남,42세,경상
2020042900100434,2020년 4월 29일 17시,수요일,강원도 평창군 진부면,경상사고,0,0,3,0,차대차 - 측면충돌,안전운전불이행,건조,맑음,교차로 - 교차로안,화물,남,58세,상해없음,승용,남,77세,경상
2020042900100482,2020년 4월 29일 18시,수요일,강원도 동해시 효가동,경상사고,0,0,1,0,차대차 - 추돌,안전운전불이행,건조,맑음,단일로 - 기타,건설기계,남,58세,상해없음,승용,여,59세,경상
2020042900100529,2020년 4월 29일 19시,수요일,강원도 춘천시 효자동,경상사고,0,0,2,0,차대차 - 측면충돌,차로위반,건조,흐림,단일로 - 기타,승용,여,59세,상해없음,승용,남,51세,경상
2020042900100578,2020년 4월 29일 20시,수요일,강원도 강릉시 주문진읍,중상사고,0,1,0,0,차대사람 - 횡단중,보행자보호의무위반,건조,맑음,교차로 - 교차로횡단보도내,승용,남,57세,상해없음,보행자,남,73세,중상
2020042900100579,2020년 4월 29일 20시,수요일,강원도 삼척시 갈천동,사망사고,1,1,3,0,차량단독 - 공작물충돌,과속,건조,맑음,단일로 - 기타,승용,남,18세,사망,,,,
2020042900100644,2020년 4월 29일 22시,수요일,강원도 춘천시 후평동,부상신고사고,0,0,0,1,차대차 - 후진중충돌,안전운전불이행,건조,맑음,교차로 - 교차로안,승용,남,54세,상해없음,승용,남,62세,부상신고
2020042900100645,2020년 4월 29일 22시,수요일,강원도 춘천시 동내면,경상사고,0,0,1,0,차대차 - 정면충돌,신호위반,건조,맑음,교차로 - 교차로부근,이륜,남,19세,경상,승용,여,51세,상해없음
2020042900100646,2020년 4월 29일 22시,수요일,강원도 동해시 송정동,경상사고,0,0,6,0,차대차 - 측면충돌,안전운전불이행,건조,맑음,교차로 - 교차로안,승용,남,70세,상해없음,승용,남,54세,경상
2020042900100679,2020년 4월 29일 23시,수요일,강원도 원주시 단계동,경상사고,0,0,1,0,차대사람 - 차도통행중,안전운전불이행,건조,맑음,교차로 - 교차로안,승용,남,65세,상해없음,보행자,남,35세,경상
2020042900100680,2020년 4월 29일 23시,수요일,강원도 원주시 문막읍,경상사고,0,0,1,0,차대차 - 추돌,안전거리미확보,기타,기타,단일로 - 기타,이륜,남,52세,상해없음,승용,남,57세,경상
2020043000100106,2020년 4월 30일 07시,목요일,강원도 삼척시 오분동,경상사고,0,0,2,0,차대차 - 추돌,안전거리미확보,건조,맑음,교차로 - 교차로부근,화물,남,61세,상해없음,승용,남,23세,경상
2020043000100154,2020년 4월 30일 10시,목요일,강원도 영월군 김삿갓면,경상사고,0,0,1,0,차대차 - 측면충돌,중앙선침범,건조,맑음,교차로 - 교차로부근,승용,남,53세,상해없음,승용,남,52세,상해없음
2020043000100186,2020년 4월 30일 11시,목요일,강원도 강릉시 유산동,경상사고,0,0,1,0,차대차 - 측면충돌,안전운전불이행,건조,맑음,교차로 - 교차로안,승용,남,82세,상해없음,승용,여,32세,경상
2020043000100187,2020년 4월 30일 11시,목요일,강원도 영월군 영월읍,부상신고사고,0,0,0,1,차대차 - 기타,안전운전불이행,건조,맑음,단일로 - 지하차도(도로)내,이륜,남,61세,부상신고,승용,남,80세,기타불명
2020043000100220,2020년 4월 30일 12시,목요일,강원도 춘천시 사북면,경상사고,0,0,2,0,차량단독 - 기타,안전운전불이행,건조,맑음,단일로 - 기타,승합,남,55세,상해없음,,,,
2020043000100221,2020년 4월 30일 12시,목요일,강원도 강릉시 주문진읍,중상사고,0,1,0,0,차대차 - 측면충돌,중앙선침범,건조,맑음,기타 - 기타,승용,남,44세,상해없음,원동기,남,81세,중상
2020043000100267,2020년 4월 30일 13시,목요일,강원도 원주시 일산동,경상사고,0,0,1,0,차대차 - 측면충돌,안전운전불이행,건조,맑음,교차로 - 교차로안,승용,남,30세,상해없음,이륜,남,23세,경상
2020043000100268,2020년 4월 30일 13시,목요일,강원도 횡성군 둔내면,경상사고,0,0,2,0,차대차 - 정면충돌,안전운전불이행,건조,맑음,교차로 - 교차로안,화물,남,72세,상해없음,승용,남,58세,경상
2020043000100269,2020년 4월 30일 13시,목요일,강원도 동해시 구호동,경상사고,0,0,1,0,차대차 - 측면충돌,안전운전불이행,건조,맑음,단일로 - 기타,화물,남,36세,상해없음,승용,여,61세,경상
2020043000100310,2020년 4월 30일 14시,목요일,강원도 춘천시 삼천동,중상사고,0,1,0,0,차대차 - 측면충돌,직진우회전진행방해,건조,맑음,교차로 - 교차로안,승용,여,19세,상해없음,승합,남,61세,중상
2020043000100349,2020년 4월 30일 15시,목요일,강원도 춘천시 우두동,중상사고,0,1,0,0,차대차 - 측면충돌,안전운전불이행,건조,맑음,단일로 - 기타,승용,남,50세,상해없음,이륜,남,45세,중상
2020043000100350,2020년 4월 30일 15시,목요일,강원도 삼척시 사직동,경상사고,0,0,2,0,차대차 - 측면충돌,신호위반,건조,맑음,교차로 - 교차로부근,승용,여,53세,상해없음,승용,남,43세,경상
2020043000100351,2020년 4월 30일 15시,목요일,강원도 동해시 천곡동,중상사고,0,1,0,0,차대차 - 측면충돌,안전운전불이행,건조,맑음,교차로 - 교차로부근,승용,남,23세,상해없음,자전거,여,40세,중상
2020043000100392,2020년 4월 30일 16시,목요일,강원도 원주시 무실동,경상사고,0,0,2,0,차대차 - 추돌,안전거리미확보,건조,맑음,단일로 - 기타,화물,남,75세,상해없음,화물,남,64세,경상
2020043000100393,2020년 4월 30일 16시,목요일,강원도 원주시 부론면,중상사고,0,1,0,0,차량단독 - 공작물충돌,안전운전불이행,건조,맑음,교차로 - 교차로안,사륜오토바이(ATV),남,73세,중상,,,,
2020043000100394,2020년 4월 30일 16시,목요일,강원도 정선군 임계면,중상사고,0,1,1,0,차대사람 - 횡단중,보행자보호의무위반,건조,맑음,교차로 - 교차로횡단보도내,승용,남,44세,상해없음,보행자,여,47세,경상
2020043000100395,2020년 4월 30일 16시,목요일,강원도 동해시 발한동,경상사고,0,0,3,0,차대차 - 추돌,안전운전불이행,건조,맑음,단일로 - 기타,승용,남,59세,상해없음,승용,남,41세,경상
2020043000100434,2020년 4월 30일 17시,목요일,강원도 삼척시 남양동,경상사고,0,0,1,0,차대차 - 측면충돌,안전운전불이행,건조,맑음,교차로 - 교차로안,승합,남,64세,상해없음,승용,남,44세,경상
2020043000100461,2020년 4월 30일 18시,목요일,강원도 원주시 우산동,중상사고,0,1,0,0,차대사람 - 차도통행중,보행자보호의무위반,건조,맑음,교차로 - 교차로안,승용,남,62세,상해없음,보행자,남,57세,중상
2020043000100501,2020년 4월 30일 19시,목요일,강원도 강릉시 교동,중상사고,0,1,0,0,차대사람 - 차도통행중,안전운전불이행,건조,맑음,교차로 - 교차로횡단보도내,승용,남,44세,상해없음,보행자,남,27세,중상
2020043000100502,2020년 4월 30일 19시,목요일,강원도 고성군 거진읍,경상사고,0,0,1,0,차대차 - 측면충돌,안전운전불이행,건조,맑음,교차로 - 교차로안,승용,여,28세,상해없음,승용,남,53세,경상
2020043000100524,2020년 4월 30일 20시,목요일,강원도 속초시 청학동,부상신고사고,0,0,0,2,차대차 - 측면충돌,안전운전불이행,건조,맑음,단일로 - 기타,승용,남,34세,상해없음,승용,남,40세,상해없음
2020043000100551,2020년 4월 30일 21시,목요일,강원도 원주시 명륜동,경상사고,0,0,1,0,차대사람 - 횡단중,보행자보호의무위반,건조,맑음,단일로 - 기타,원동기,남,37세,상해없음,보행자,여,24세,경상
2020043000100552,2020년 4월 30일 21시,목요일,강원도 원주시 우산동,경상사고,0,0,2,0,차대차 - 정면충돌,신호위반,건조,맑음,교차로 - 교차로안,승용,여,64세,상해없음,승용,여,57세,경상
2020050100100009,2020년 5월 1일 00시,금요일,강원도 강릉시 견소동,중상사고,0,1,0,0,차대사람 - 차도통행중,안전운전불이행,건조,맑음,단일로 - 기타,승용,남,62세,상해없음,보행자,남,50세,중상
2020050100100010,2020년 5월 1일 00시,금요일,강원도 원주시 무실동,경상사고,0,0,1,0,차량단독 - 전도전복 - 전도,안전운전불이행,건조,맑음,단일로 - 기타,이륜,남,22세,경상,,,,