사고번호,사고일시,요일,시군구,사고내용,사망자수,중상자수,경상자수,부상신고자수,사고유형,법규위반,노면상태,기상상태,도로형태,가해운전자 차종,가해운전자 성별,가해운전자 연령,가해운전자 상해정도,피해운전자 차종,피해운전자 성별,피해운전자 연령,피해운전자 상해정도
2020050700100358,2020년 5월 7일 14시,목요일,강원도 강릉시 포남동,경상사고,0,0,1,0,차대차 - 후진중충돌,안전운전불이행,건조,맑음,단일로 - 기타,승용,남,59세,상해없음,승용,여,45세,경상
2020050700100393,2020년 5월 7일 15시,목요일,강원도 원주시 명륜동,중상사고,0,1,0,0,차대사람 - 차도통행중,보행자보호의무위반,건조,맑음,단일로 - 기타,승용,남,44세,상해없음,보행자,남,9세,중상
2020050700100484,2020년 5월 7일 17시,목요일,강원도 영월군 남면,경상사고,0,0,1,0,차량단독 - 도로외이탈 - 추락,안전운전불이행,건조,맑음,미분류 - 미분류,승용,여,72세,경상,,,,
2020050700100531,2020년 5월 7일 18시,목요일,강원도 춘천시 동면,중상사고,0,1,1,0,차대차 - 추돌,안전거리미확보,건조,맑음,단일로 - 기타,승용,남,44세,상해없음,승용,여,22세,경상
2020050700100532,2020년 5월 7일 18시,목요일,강원도 원주시 우산동,경상사고,0,0,1,0,차대차 - 측면충돌,교차로운행방법위반,건조,맑음,교차로 - 교차로안,승용,남,27세,상해없음,승용,남,29세,경상
2020050700100533,2020년 5월 7일 18시,목요일,강원도 횡성군 공근면,중상사고,0,1,1,0,차량단독 - 공작물충돌,안전운전불이행,건조,맑음,단일로 - 기타,승용,여,28세,경상,,,,
2020050700100572,2020년 5월 7일 19시,목요일,강원도 원주시 봉산동,경상사고,0,0,1,0,차대차 - 측면충돌,안전거리미확보,건조,맑음,교차로 - 교차로부근,승용,남,23세,상해없음,이륜,남,35세,경상
2020050700100573,2020년 5월 7일 19시,목요일,강원도 홍천군 서면,중상사고,0,1,0,0,차대차 - 추돌,안전운전불이행,건조,맑음,단일로 - 지하차도(도로)내,승용,여,36세,상해없음,농기계,남,75세,중상
2020050700100599,2020년 5월 7일 20시,목요일,강원도 강릉시 교동,경상사고,0,0,4,0,차대차 - 측면충돌,안전운전불이행,건조,맑음,교차로 - 교차로안,승용,남,22세,상해없음,승용,남,45세,경상
2020050700100600,2020년 5월 7일 20시,목요일,강원도 양양군 강현면,경상사고,0,0,2,0,차대차 - 측면충돌,신호위반,건조,맑음,교차로 - 교차로안,승용,남,31세,상해없음,승용,여,42세,경상
2020050700100671,2020년 5월 7일 23시,목요일,강원도 원주시 단계동,경상사고,0,0,3,0,차대차 - 후진중충돌,안전운전불이행,기타,맑음,단일로 - 기타,화물,남,24세,상해없음,승용,남,27세,경상
2020050700100672,2020년 5월 7일 23시,목요일,강원도 인제군 인제읍,사망사고,1,0,0,0,차량단독 - 공작물충돌,안전운전불이행,건조,맑음,단일로 - 기타,승합,남,44세,사망,,,,
2020050800100040,2020년 5월 8일 05시,금요일,강원도 삼척시 당저동,중상사고,0,1,1,0,차대차 - 측면충돌,안전운전불이행,건조,맑음,단일로 - 기타,승용,남,76세,상해없음,이륜,남,84세,경상
2020050800100086,2020년 5월 8일 08시,금요일,강원도 강릉시 노암동,경상사고,0,0,1,0,차대차 - 추돌,안전운전불이행,건조,맑음,교차로 - 교차로안,화물,남,65세,상해없음,승용,여,34세,경상
2020050800100087,2020년 5월 8일 08시,금요일,강원도 영월군 영월읍,경상사고,0,0,1,0,차대차 - 추돌,안전운전불이행,건조,맑음,단일로 - 기타,승용,여,51세,상해없음,승용,남,34세,경상
2020050800100121,2020년 5월 8일 09시,금요일,강원도 홍천군 홍천읍,경상사고,0,0,2,0,차대차 - 측면충돌,교차로운행방법위반,건조,맑음,교차로 - 교차로안,승용,여,38세,상해없음,승용,여,34세,경상
2020050800100122,2020년 5월 8일 09시,금요일,강원도 평창군 대관령면,경상사고,0,0,1,0,차대차 - 측면충돌,기타,건조,맑음,교차로 - 교차로안,승용,여,65세,상해없음,승용,남,51세,상해없음
2020050800100123,2020년 5월 8일 09시,금요일,강원도 양구군 동면,중상사고,0,1,1,0,차대차 - 측면충돌,안전운전불이행,건조,맑음,단일로 - 기타,화물,남,34세,경상,승용,남,43세,중상
2020050800100124,2020년 5월 8일 09시,금요일,강원도 동해시 구미동,중상사고,0,1,4,0,차대차 - 후진중충돌,중앙선침범,건조,맑음,단일로 - 기타,승용,여,65세,상해없음,승용,여,32세,경상
2020050800100257,2020년 5월 8일 13시,금요일,강원도 강릉시 지변동,경상사고,0,0,1,0,차대차 - 측면충돌,안전운전불이행,건조,맑음,교차로 - 교차로안,승용,남,77세,상해없음,이륜,남,48세,경상
2020050800100288,2020년 5월 8일 14시,금요일,강원도 강릉시 명주동,중상사고,0,1,1,0,차대차 - 추돌,안전운전불이행,건조,맑음,단일로 - 기타,승용,여,32세,상해없음,승용,남,51세,중상
2020050800100289,2020년 5월 8일 14시,금요일,강원도 속초시 청호동,경상사고,0,0,3,0,차대차 - 측면충돌,안전운전불이행,건조,맑음,교차로 - 교차로부근,화물,남,57세,상해없음,승용,남,67세,경상
2020050800100328,2020년 5월 8일 15시,금요일,강원도 원주시 소초면,경상사고,0,0,1,0,차대차 - 추돌,신호위반,건조,맑음,교차로 - 교차로안,화물,남,59세,상해없음,승용,남,53세,경상
2020050800100329,2020년 5월 8일 15시,금요일,강원도 원주시 신림면,중상사고,0,1,2,0,차대차 - 정면충돌,중앙선침범,건조,맑음,단일로 - 기타,승용,여,31세,경상,화물,남,54세,경상
2020050800100330,2020년 5월 8일 15시,금요일,강원도 원주시 단계동,경상사고,0,0,1,0,차대차 - 추돌,안전운전불이행,건조,맑음,교차로 - 교차로부근,이륜,남,21세,상해없음,승용,여,60세,경상
2020050800100331,2020년 5월 8일 15시,금요일,강원도 속초시 대포동,경상사고,0,0,1,0,차대차 - 추돌,안전운전불이행,건조,맑음,단일로 - 지하차도(도로)내,승용,여,59세,상해없음,승용,여,40세,상해없음
2020050800100403,2020년 5월 8일 17시,금요일,강원도 영월군 상동읍,중상사고,0,1,0,0,차대차 - 측면충돌,교차로운행방법위반,건조,맑음,교차로 - 교차로안,승용,여,47세,상해없음,승용,여,26세,중상
2020050800100447,2020년 5월 8일 18시,금요일,강원도 춘천시 퇴계동,경상사고,0,0,1,0,차대사람 - 횡단중,안전운전불이행,건조,맑음,단일로 - 기타,승용,남,74세,상해없음,보행자,남,21세,경상
2020050800100507,2020년 5월 8일 19시,금요일,강원도 춘천시 퇴계동,경상사고,0,0,1,0,차대차 - 기타,안전거리미확보,건조,맑음,단일로 - 기타,승용,여,48세,상해없음,이륜,남,22세,경상
2020050800100588,2020년 5월 8일 20시,금요일,강원도 영월군 주천면,경상사고,0,0,1,0,차대사람 - 차도통행중,안전운전불이행,건조,흐림,단일로 - 지하차도(도로)내,승용,남,66세,상해없음,보행자,남,79세,경상
2020050800100589,2020년 5월 8일 20시,금요일,강원도 평창군 봉평면,경상사고,0,0,1,0,차대차 - 추돌,안전운전불이행,건조,맑음,단일로 - 기타,승용,여,49세,상해없음,승용,남,32세,경상
2020050800100656,2020년 5월 8일 21시,금요일,강원도 춘천시 후평동,경상사고,0,0,4,0,차대차 - 후진중충돌,안전운전불이행,젖음/습기,비,교차로 - 교차로부근,승용,남,62세,상해없음,승용,여,58세,경상
2020050800100657,2020년 5월 8일 21시,금요일,강원도 원주시 태장동,경상사고,0,0,1,0,차대차 - 추돌,안전운전불이행,건조,기타,교차로 - 교차로안,승용,여,25세,상해없음,승용,여,58세,경상
2020050800100658,2020년 5월 8일 21시,금요일,강원도 원주시 무실동,경상사고,0,0,2,0,차대차 - 측면충돌,교차로운행방법위반,건조,맑음,교차로 - 교차로안,승용,남,31세,상해없음,화물,남,42세,경상
2020050900100020,2020년 5월 9일 00시,토요일,강원도 동해시 천곡동,경상사고,0,0,4,0,차대차 - 측면충돌,신호위반,젖음/습기,비,교차로 - 교차로안,승용,남,64세,상해없음,승용,남,18세,경상
2020050900100066,2020년 5월 9일 02시,토요일,강원도 강릉시 교동,중상사고,0,1,0,0,차대차 - 기타,중앙선침범,젖음/습기,비,교차로 - 교차로부근,승용,남,50세,상해없음,승용,남,36세,중상
2020050900100125,2020년 5월 9일 08시,토요일,강원도 강릉시 내곡동,경상사고,0,0,1,0,차대차 - 측면충돌,신호위반,젖음/습기,비,교차로 - 교차로안,승용,여,28세,상해없음,승용,남,72세,경상
2020050900100148,2020년 5월 9일 09시,토요일,강원도 강릉시 옥계면,중상사고,0,1,0,0,차대차 - 측면충돌,안전운전불이행,건조,맑음,교차로 - 교차로안,건설기계,남,59세,상해없음,승용,남,74세,중상
2020050900100149,2020년 5월 9일 09시,토요일,강원도 양구군 양구읍,경상사고,0,0,2,0,차대차 - 추돌,과속,젖음/습기,비,단일로 - 기타,화물,남,52세,상해없음,승용,남,70세,경상
2020050900100168,2020년 5월 9일 10시,토요일,강원도 원주시 명륜동,경상사고,0,0,1,0,차대차 - 추돌,안전운전불이행,젖음/습기,비,단일로 - 기타,승용,여,51세,상해없음,승용,남,62세,경상
2020050900100169,2020년 5월 9일 10시,토요일,강원도 원주시 단구동,경상사고,0,0,1,0,차대차 - 측면충돌,신호위반,젖음/습기,비,교차로 - 교차로안,승용,남,51세,상해없음,승용,남,53세,경상
2020050900100170,2020년 5월 9일 10시,토요일,강원도 삼척시 오분동,경상사고,0,0,1,0,차대차 - 추돌,안전운전불이행,젖음/습기,비,교차로 - 교차로부근,승용,여,64세,상해없음,화물,남,51세,상해없음
2020050900100202,2020년 5월 9일 11시,토요일,강원도 춘천시 동면,경상사고,0,0,1,0,차대차 - 기타,안전운전불이행,젖음/습기,비,교차로 - 교차로안,승용,남,43세,상해없음,화물,남,61세,경상
2020050900100236,2020년 5월 9일 12시,토요일,강원도 춘천시 신동면,경상사고,0,0,2,0,차대차 - 기타,안전운전불이행,젖음/습기,비,교차로 - 교차로부근,승용,남,37세,상해없음,승용,남,44세,경상
2020050900100237,2020년 5월 9일 12시,토요일,강원도 원주시 단구동,중상사고,0,1,0,0,차대차 - 측면충돌,직진우회전진행방해,젖음/습기,맑음,교차로 - 교차로안,승용,여,44세,상해없음,이륜,남,32세,중상
2020050900100268,2020년 5월 9일 13시,토요일,강원도 원주시 지정면,중상사고,0,1,1,0,차대차 - 추돌,안전운전불이행,젖음/습기,비,교차로 - 교차로부근,승용,남,31세,기타불명,승용,여,34세,경상
2020050900100308,2020년 5월 9일 14시,토요일,강원도 강릉시 내곡동,경상사고,0,0,1,0,차대차 - 측면충돌,안전운전불이행,젖음/습기,비,교차로 - 교차로안,승용,남,54세,상해없음,승용,남,24세,경상
2020050900100336,2020년 5월 9일 15시,토요일,강원도 홍천군 화촌면,중상사고,0,1,1,0,차량단독 - 도로외이탈 - 추락,안전운전불이행,건조,맑음,주차장 - 주차장,승용,남,67세,경상,,,,
2020050900100469,2020년 5월 9일 19시,토요일,강원도 원주시 단계동,경상사고,0,0,1,0,차대차 - 추돌,신호위반,젖음/습기,비,교차로 - 교차로안,화물,남,53세,상해없음,승용,여,33세,경상
2020050900100537,2020년 5월 9일 21시,토요일,강원도 원주시 관설동,경상사고,0,0,4,0,차대차 - 추돌,안전운전불이행,젖음/습기,비,교차로 - 교차로부근,승용,남,49세,상해없음,승용,남,50세,경상
2020050900100573,2020년 5월 9일 22시,토요일,강원도 춘천시 효자동,경상사고,0,0,1,0,차대사람 - 기타,안전운전불이행,젖음/습기,흐림,단일로 - 기타,승용,남,21세,상해없음,보행자,남,51세,경상
2020050900100574,2020년 5월 9일 22시,토요일,강원도 춘천시 온의동,경상사고,0,0,1,0,차대차 - 측면충돌,안전거리미확보,젖음/습기,비,단일로 - 기타,승용,남,28세,상해없음,승용,남,59세,경상
2020050900100575,2020년 5월 9일 22시,토요일,강원도 원주시 단구동,경상사고,0,0,2,0,차대차 - 추돌,안전거리미확보,젖음/습기,비,교차로 - 교차로안,승용,남,53세,상해없음,승용,남,70세,경상
2020051000100026,2020년 5월 10일 01시,일요일,강원도 강릉시 교동,경상사고,0,0,1,0,차대차 - 측면충돌,신호위반,건조,맑음,교차로 - 교차로안,승용,남,46세,상해없음,승용,여,58세,경상
2020051000100037,2020년 5월 10일 02시,일요일,강원도 춘천시 효자동,경상사고,0,0,1,0,차대차 - 기타,안전운전불이행,건조,맑음,단일로 - 기타,승용,남,62세,상해없음,승용,남,59세,상해없음
2020051000100173,2020년 5월 10일 13시,일요일,강원도 동해시 발한동,경상사고,0,0,2,0,차대차 - 후진중충돌,안전운전불이행,건조,맑음,단일로 - 기타,승용,여,50세,상해없음,승용,여,54세,경상
2020051000100194,2020년 5월 10일 14시,일요일,강원도 속초시 교동,경상사고,0,0,2,0,차대차 - 측면충돌,신호위반,건조,맑음,교차로 - 교차로안,이륜,남,30세,경상,승용,여,46세,경상
2020051000100216,2020년 5월 10일 15시,일요일,강원도 동해시 나안동,중상사고,0,1,0,0,차대사람 - 길가장자리구역통행중,안전운전불이행,건조,맑음,단일로 - 기타,자전거,남,15세,상해없음,보행자,남,46세,중상
2020051000100280,2020년 5월 10일 17시,일요일,강원도 춘천시 동내면,중상사고,0,1,0,0,차대차 - 측면충돌,교차로운행방법위반,건조,맑음,교차로 - 교차로안,승용,여,67세,상해없음,이륜,남,76세,중상
2020051000100281,2020년 5월 10일 17시,일요일,강원도 홍천군 화촌면,중상사고,0,1,1,0,차대차 - 추돌,안전거리미확보,건조,맑음,단일로 - 지하차도(도로)내,화물,남,58세,상해없음,승용,남,49세,경상
2020051000100282,2020년 5월 10일 17시,일요일,강원도 철원군 동송읍,경상사고,0,0,2,0,차대차 - 추돌,안전운전불이행,건조,맑음,교차로 - 교차로안,승용,남,59세,상해없음,승용,남,58세,경상
2020051000100300,2020년 5월 10일 18시,일요일,강원도 춘천시 남산면,부상신고사고,0,0,0,1,차대차 - 기타,교차로운행방법위반,건조,맑음,교차로 - 교차로안,원동기,남,83세,상해없음,자전거,남,36세,부상신고
2020051000100301,2020년 5월 10일 18시,일요일,강원도 속초시 조양동,경상사고,0,0,2,0,차대차 - 측면충돌,교차로운행방법위반,건조,맑음,교차로 - 교차로안,승용,남,29세,상해없음,승용,남,40세,경상
2020051000100302,2020년 5월 10일 18시,일요일,강원도 평창군 용평면,중상사고,0,1,0,0,차대차 - 측면충돌,안전운전불이행,젖음/습기,흐림,기타 - 기타,승용,남,53세,상해없음,승용,남,72세,중상
2020051000100344,2020년 5월 10일 20시,일요일,강원도 동해시 망상동,경상사고,0,0,2,0,차대차 - 추돌,안전운전불이행,건조,맑음,교차로 - 교차로안,승용,남,65세,상해없음,승용,남,34세,경상
2020051000100368,2020년 5월 10일 21시,일요일,강원도 삼척시 교동,중상사고,0,1,0,0,차량단독 - 도로외이탈 - 추락,안전운전불이행,건조,맑음,단일로 - 지하차도(도로)내,승용,여,27세,상해없음,,,,
2020051100100079,2020년 5월 11일 07시,월요일,강원도 홍천군 홍천읍,경상사고,0,0,1,0,차대차 - 측면충돌,안전운전불이행,건조,맑음,교차로 - 교차로안,승용,여,57세,상해없음,자전거,남,26세,경상
2020051100100151,2020년 5월 11일 09시,월요일,강원도 춘천시 석사동,경상사고,0,0,1,0,차대사람 - 횡단중,안전운전불이행,건조,맑음,교차로 - 교차로횡단보도내,화물,남,57세,상해없음,보행자,남,32세,경상
2020051100100152,2020년 5월 11일 09시,월요일,강원도 삼척시 성북동,중상사고,0,1,0,0,차대사람 - 횡단중,안전운전불이행,건조,맑음,단일로 - 기타,승용,여,59세,상해없음,보행자,여,72세,중상
2020051100100192,2020년 5월 11일 10시,월요일,강원도 화천군 사내면,경상사고,0,0,4,0,차대차 - 추돌,안전운전불이행,건조,맑음,교차로 - 교차로안,화물,남,80세,상해없음,승용,남,49세,경상
2020051100100310,2020년 5월 11일 13시,월요일,강원도 횡성군 횡성읍,중상사고,0,1,0,0,차대사람 - 기타,안전운전불이행,건조,맑음,주차장 - 주차장,승용,남,70세,상해없음,보행자,여,84세,중상
2020051100100401,2020년 5월 11일 15시,월요일,강원도 춘천시 소양로1가,경상사고,0,0,1,0,차대사람 - 기타,기타,건조,맑음,단일로 - 기타,승용,남,71세,상해없음,보행자,여,33세,경상
2020051100100402,2020년 5월 11일 15시,월요일,강원도 원주시 문막읍,경상사고,0,0,1,0,차대차 - 기타,중앙선침범,건조,맑음,단일로 - 기타,승용,남,57세,상해없음,승용,남,23세,경상
2020051100100403,2020년 5월 11일 15시,월요일,강원도 삼척시 남양동,중상사고,0,1,0,0,차대사람 - 차도통행중,안전운전불이행,건조,맑음,단일로 - 기타,화물,여,58세,상해없음,보행자,여,74세,중상
2020051100100441,2020년 5월 11일 16시,월요일,강원도 양양군 현남면,경상사고,0,0,1,0,차대차 - 측면충돌,안전운전불이행,건조,맑음,기타 - 기타,승용,여,45세,상해없음,이륜,남,85세,경상
2020051100100442,2020년 5월 11일 16시,월요일,강원도 삼척시 근덕면,중상사고,0,1,1,0,차대차 - 기타,기타,건조,맑음,단일로 - 기타,화물,남,51세,상해없음,화물,남,70세,중상
2020051100100516,2020년 5월 11일 18시,월요일,강원도 속초시 교동,중상사고,0,1,0,0,차대차 - 측면충돌,안전운전불이행,건조,맑음,교차로 - 교차로안,승용,여,28세,상해없음,이륜,남,63세,중상
2020051200100124,2020년 5월 12일 08시,화요일,강원도 춘천시 동내면,사망사고,1,0,0,0,차량단독 - 공작물충돌,안전운전불이행,건조,맑음,단일로 - 기타,건설기계,남,62세,사망,,,,
2020051200100156,2020년 5월 12일 09시,화요일,강원도 속초시 조양동,경상사고,0,0,1,0,차대차 - 측면충돌,안전운전불이행,건조,맑음,교차로 - 교차로안,승용,남,76세,상해없음,승용,남,35세,경상
2020051200100183,2020년 5월 12일 10시,화요일,강원도 강릉시 성내동,경상사고,0,0,1,0,차대차 - 기타,안전운전불이행,건조,맑음,교차로 - 교차로부근,승용,남,62세,상해없음,승용,여,64세,경상
2020051200100220,2020년 5월 12일 11시,화요일,강원도 강릉시 성산면,중상사고,0,1,0,0,차대사람 - 기타,안전운전불이행,건조,맑음,기타 - 기타,승용,여,50세,상해없음,보행자,남,5세,중상
2020051200100221,2020년 5월 12일 11시,화요일,강원도 원주시 단계동,경상사고,0,0,1,0,차대차 - 측면충돌,안전운전불이행,건조,맑음,교차로 - 교차로안,승용,여,45세,상해없음,승용,남,64세,경상
2020051200100222,2020년 5월 12일 11시,화요일,강원도 고성군 현내면,부상신고사고,0,0,0,2,차대차 - 추돌,신호위반,건조,맑음,교차로 - 교차로안,승용,남,72세,부상신고,승용,남,27세,부상신고
2020051200100246,2020년 5월 12일 12시,화요일,강원도 원주시 단구동,경상사고,0,0,1,0,차대차 - 후진중충돌,안전운전불이행,건조,맑음,단일로 - 기타,승용,남,50세,상해없음,승용,여,27세,경상
2020051200100247,2020년 5월 12일 12시,화요일,강원도 인제군 인제읍,경상사고,0,0,1,0,차대차 - 측면충돌,안전운전불이행,건조,맑음,교차로 - 교차로안,승용,남,63세,상해없음,승용,남,54세,상해없음
2020051200100272,2020년 5월 12일 13시,화요일,강원도 고성군 죽왕면,경상사고,0,0,1,0,차대차 - 측면충돌,안전운전불이행,건조,맑음,교차로 - 교차로부근,화물,남,75세,상해없음,승용,여,33세,경상
2020051200100301,2020년 5월 12일 14시,화요일,강원도 고성군 죽왕면,경상사고,0,0,2,0,차대차 - 측면충돌,안전운전불이행,건조,맑음,교차로 - 교차로안,승합,남,50세,경상,화물,남,32세,경상
2020051200100413,2020년 5월 12일 17시,화요일,강원도 춘천시 온의동,경상사고,0,0,1,0,차대차 - 추돌,안전운전불이행,건조,맑음,단일로 - 기타,건설기계,남,55세,상해없음,승용,여,57세,경상
2020051200100414,2020년 5월 12일 17시,화요일,강원도 춘천시 온의동,경상사고,0,0,1,0,차대차 - 측면충돌,안전운전불이행,건조,맑음,단일로 - 기타,승합,남,38세,상해없음,승용,남,55세,경상
2020051200100467,2020년 5월 12일 18시,화요일,강원도 정선군 고한읍,경상사고,0,0,1,0,차대차 - 측면충돌,안전운전불이행,건조,맑음,단일로 - 기타,특수,남,41세,상해없음,승용,여,39세,경상
2020051200100503,2020년 5월 12일 19시,화요일,강원도 화천군 화천읍,경상사고,0,0,1,0,차대차 - 후진중충돌,안전운전불이행,건조,맑음,단일로 - 기타,승용,남,20세,상해없음,승용,남,23세,경상
2020051200100504,2020년 5월 12일 19시,화요일,강원도 횡성군 횡성읍,경상사고,0,0,1,0,차대차 - 측면충돌,안전운전불이행,건조,맑음,단일로 - 기타,승용,여,35세,상해없음,자전거,남,84세,경상
2020051300100007,2020년 5월 13일 00시,수요일,강원도 원주시 단구동,경상사고,0,0,1,0,차대차 - 추돌,안전운전불이행,건조,맑음,교차로 - 교차로부근,승용,남,32세,상해없음,승용,남,23세,경상
2020051300100021,2020년 5월 13일 01시,수요일,강원도 춘천시 석사동,경상사고,0,0,1,0,차대사람 - 기타,안전운전불이행,건조,맑음,단일로 - 기타,기타불명,기타불명,미분류,기타불명,보행자,여,20세,경상
2020051300100153,2020년 5월 13일 09시,수요일,강원도 춘천시 죽림동,중상사고,0,1,0,0,차대사람 - 횡단중,안전운전불이행,건조,맑음,단일로 - 기타,승용,여,44세,상해없음,보행자,여,49세,중상
2020051300100189,2020년 5월 13일 10시,수요일,강원도 횡성군 횡성읍,경상사고,0,0,1,1,차대차 - 측면충돌,안전운전불이행,건조,맑음,교차로 - 교차로안,승용,남,75세,부상신고,승용,남,40세,경상
2020051300100222,2020년 5월 13일 11시,수요일,강원도 춘천시 동면,경상사고,0,0,1,0,차대차 - 측면충돌,중앙선침범,건조,맑음,단일로 - 기타,승용,남,75세,상해없음,이륜,남,41세,경상
2020051300100223,2020년 5월 13일 11시,수요일,강원도 홍천군 홍천읍,중상사고,0,1,0,0,차대사람 - 차도통행중,보행자보호의무위반,건조,맑음,단일로 - 지하차도(도로)내,승용,남,61세,상해없음,보행자,여,76세,중상
2020051300100256,2020년 5월 13일 12시,수요일,강원도 원주시 일산동,중상사고,0,1,0,0,차대차 - 측면충돌,기타,건조,맑음,교차로 - 교차로안,이륜,남,59세,상해없음,승용,남,63세,중상
2020051300100287,2020년 5월 13일 13시,수요일,강원도 원주시 반곡동,경상사고,0,0,2,0,차대차 - 후진중충돌,안전운전불이행,건조,맑음,교차로 - 교차로부근,승용,여,41세,상해없음,승용,여,55세,경상
2020051300100319,2020년 5월 13일 14시,수요일,강원도 춘천시 효자동,중상사고,0,1,0,0,차대사람 - 횡단중,신호위반,건조,맑음,교차로 - 교차로횡단보도내,화물,남,56세,상해없음,보행자,남,81세,중상
2020051300100320,2020년 5월 13일 14시,수요일,강원도 강릉시 포남동,중상사고,0,1,0,0,차대사람 - 차도통행중,안전운전불이행,건조,맑음,단일로 - 기타,승용,남,81세,상해없음,보행자,여,61세,중상
2020051300100321,2020년 5월 13일 14시,수요일,강원도 태백시 황지동,경상사고,0,0,1,0,차대차 - 측면충돌,안전운전불이행,건조,맑음,단일로 - 기타,화물,남,38세,상해없음,승용,남,75세,경상
2020051300100364,2020년 5월 13일 15시,수요일,강원도 강릉시 포남동,경상사고,0,0,1,0,차대차 - 기타,안전운전불이행,건조,맑음,단일로 - 기타,승용,여,67세,상해없음,화물,남,52세,경상
2020051300100408,2020년 5월 13일 16시,수요일,강원도 춘천시 온의동,경상사고,0,0,2,0,차대차 - 측면충돌,안전거리미확보,건조,맑음,단일로 - 기타,화물,남,46세,상해없음,승용,여,37세,경상
2020051300100409,2020년 5월 13일 16시,수요일,강원도 원주시 반곡동,경상사고,0,0,2,0,차대차 - 추돌,안전운전불이행,건조,맑음,교차로 - 교차로부근,승용,남,38세,상해없음,승용,남,56세,경상
2020051300100410,2020년 5월 13일 16시,수요일,강원도 원주시 단계동,경상사고,0,0,1,0,차대차 - 측면충돌,안전운전불이행,기타,맑음,기타 - 기타,승용,여,60세,상해없음,이륜,남,38세,경상
2020051300100411,2020년 5월 13일 16시,수요일,강원도 홍천군 홍천읍,경상사고,0,0,1,0,차대차 - 측면충돌,신호위반,건조,맑음,교차로 - 교차로안,화물,남,67세,상해없음,승용,여,36세,경상
2020051300100412,2020년 5월 13일 16시,수요일,강원도 고성군 죽왕면,경상사고,0,0,1,0,차대차 - 추돌,안전거리미확보,건조,맑음,교차로 - 교차로부근,승용,남,60세,상해없음,승용,남,77세,상해없음
2020051300100457,2020년 5월 13일 17시,수요일,강원도 삼척시 정상동,경상사고,0,0,2,0,차대차 - 추돌,안전거리미확보,건조,맑음,교차로 - 교차로부근,화물,남,49세,상해없음,승용,남,68세,경상
2020051300100458,2020년 5월 13일 17시,수요일,강원도 삼척시 근덕면,중상사고,0,1,1,0,차대차 - 측면충돌,안전운전불이행,건조,맑음,교차로 - 교차로부근,승용,여,34세,경상,화물,여,61세,중상
2020051300100501,2020년 5월 13일 18시,수요일,강원도 홍천군 내면,사망사고,1,0,1,0,차대차 - 정면충돌,중앙선침범,건조,맑음,단일로 - 지하차도(도로)내,화물,남,64세,사망,화물,남,47세,경상
2020051300100550,2020년 5월 13일 19시,수요일,강원도 속초시 노학동,경상사고,0,0,1,0,차대차 - 측면충돌,불법유턴,건조,맑음,교차로 - 교차로안,승용,기타불명,미분류,기타불명,승용,남,60세,경상
2020051300100608,2020년 5월 13일 21시,수요일,강원도 춘천시 석사동,경상사고,0,0,1,0,차대차 - 측면충돌,안전운전불이행,건조,맑음,교차로 - 교차로안,이륜,남,34세,상해없음,자전거,남,24세,경상
2020051300100609,2020년 5월 13일 21시,수요일,강원도 강릉시 주문진읍,경상사고,0,0,1,0,차대사람 - 기타,안전운전불이행,건조,맑음,주차장 - 주차장,승용,남,25세,상해없음,보행자,여,68세,경상
2020051300100625,2020년 5월 13일 22시,수요일,강원도 원주시 단구동,중상사고,0,1,3,0,차대차 - 측면충돌,중앙선침범,건조,맑음,단일로 - 기타,승용,여,26세,상해없음,승용,남,35세,중상
2020051300100626,2020년 5월 13일 22시,수요일,강원도 홍천군 홍천읍,중상사고,0,1,0,0,차대사람 - 횡단중,안전운전불이행,건조,맑음,단일로 - 지하차도(도로)내,승합,남,40세,상해없음,보행자,남,63세,중상
2020051300100642,2020년 5월 13일 23시,수요일,강원도 동해시 천곡동,중상사고,0,1,0,0,차대사람 - 길가장자리구역통행중,안전운전불이행,건조,맑음,단일로 - 기타,승용,남,44세,상해없음,보행자,남,41세,중상
2020051400100037,2020년 5월 14일 05시,목요일,강원도 홍천군 홍천읍,경상사고,0,0,1,0,차대차 - 측면충돌,신호위반,건조,맑음,교차로 - 교차로안,승용,남,61세,상해없음,승용,남,50세,경상
2020051400100092,2020년 5월 14일 08시,목요일,강원도 원주시 반곡동,경상사고,0,0,1,0,차대차 - 측면충돌,안전운전불이행,건조,맑음,교차로 - 교차로안,승용,여,39세,상해없음,승용,남,36세,경상
2020051400100093,2020년 5월 14일 08시,목요일,강원도 정선군 신동읍,경상사고,0,0,1,0,차대차 - 정면충돌,안전운전불이행,건조,맑음,교차로 - 교차로안,화물,남,62세,상해없음,승용,남,45세,경상
2020051400100094,2020년 5월 14일 08시,목요일,강원도 양구군 동면,중상사고,0,1,0,0,차대차 - 측면충돌,교차로운행방법위반,건조,맑음,교차로 - 교차로안,이륜,남,78세,중상,승용,남,63세,상해없음
2020051400100122,2020년 5월 14일 09시,목요일,강원도 인제군 인제읍,중상사고,0,1,0,0,차대차 - 측면충돌,안전운전불이행,건조,맑음,교차로 - 교차로안,승용,여,46세,상해없음,승용,남,81세,상해없음