사고번호,사고일시,요일,시군구,사고내용,사망자수,중상자수,경상자수,부상신고자수,사고유형,법규위반,노면상태,기상상태,도로형태,가해운전자 차종,가해운전자 성별,가해운전자 연령,가해운전자 상해정도,피해운전자 차종,피해운전자 성별,피해운전자 연령,피해운전자 상해정도
2020051400100150,2020년 5월 14일 10시,목요일,강원도 춘천시 후평동,중상사고,0,1,0,0,차대사람 - 기타,안전운전불이행,건조,맑음,단일로 - 기타,승용,여,54세,상해없음,보행자,여,85세,중상
2020051400100226,2020년 5월 14일 12시,목요일,강원도 고성군 토성면,경상사고,0,0,1,0,차대차 - 측면충돌,안전운전불이행,건조,맑음,단일로 - 기타,승용,남,28세,상해없음,승용,남,55세,경상
2020051400100227,2020년 5월 14일 12시,목요일,강원도 동해시 구미동,경상사고,0,0,1,0,차대차 - 측면충돌,중앙선침범,건조,맑음,단일로 - 기타,승용,남,67세,상해없음,승용,여,49세,경상
2020051400100336,2020년 5월 14일 15시,목요일,강원도 춘천시 석사동,경상사고,0,0,1,0,차대차 - 측면충돌,안전운전불이행,건조,맑음,교차로 - 교차로부근,승용,여,30세,상해없음,승용,남,62세,경상
2020051400100337,2020년 5월 14일 15시,목요일,강원도 강릉시 주문진읍,중상사고,0,1,0,0,차대차 - 측면충돌,안전운전불이행,건조,맑음,단일로 - 기타,승용,남,41세,상해없음,원동기,남,61세,중상
2020051400100338,2020년 5월 14일 15시,목요일,강원도 원주시 일산동,경상사고,0,0,3,0,차대차 - 추돌,교차로운행방법위반,건조,맑음,교차로 - 교차로안,화물,남,43세,상해없음,승용,남,26세,경상
2020051400100339,2020년 5월 14일 15시,목요일,강원도 속초시 장사동,경상사고,0,0,1,0,차대차 - 측면충돌,안전거리미확보,건조,흐림,교차로 - 교차로부근,승용,남,51세,상해없음,승용,여,41세,경상
2020051400100340,2020년 5월 14일 15시,목요일,강원도 동해시 천곡동,경상사고,0,0,1,0,차대사람 - 보도통행중,기타,건조,맑음,단일로 - 기타,이륜,남,28세,상해없음,보행자,남,6세,경상
2020051400100371,2020년 5월 14일 16시,목요일,강원도 강릉시 포남동,경상사고,0,0,2,0,차대차 - 측면충돌,안전운전불이행,건조,맑음,교차로 - 교차로안,승용,여,55세,상해없음,승용,여,53세,경상
2020051400100372,2020년 5월 14일 16시,목요일,강원도 원주시 지정면,경상사고,0,0,1,0,차대차 - 기타,안전운전불이행,기타,맑음,교차로 - 교차로안,승용,남,63세,상해없음,자전거,남,40세,경상
2020051400100373,2020년 5월 14일 16시,목요일,강원도 화천군 사내면,경상사고,0,0,3,0,차대차 - 측면충돌,중앙선침범,건조,맑음,교차로 - 교차로안,승용,남,53세,상해없음,승용,남,64세,경상
2020051400100410,2020년 5월 14일 17시,목요일,강원도 원주시 학성동,중상사고,0,1,0,0,차대차 - 측면충돌,신호위반,건조,맑음,교차로 - 교차로부근,화물,남,72세,상해없음,승용,남,64세,중상
2020051400100457,2020년 5월 14일 18시,목요일,강원도 원주시 흥업면,경상사고,0,0,2,0,차대차 - 측면충돌,안전운전불이행,건조,흐림,교차로 - 교차로부근,승용,남,73세,상해없음,승용,여,24세,경상
2020051400100458,2020년 5월 14일 18시,목요일,강원도 양구군 양구읍,경상사고,0,0,1,0,차대차 - 측면충돌,안전운전불이행,건조,맑음,교차로 - 교차로안,화물,남,60세,상해없음,이륜,남,49세,경상
2020051400100505,2020년 5월 14일 19시,목요일,강원도 원주시 단계동,경상사고,0,0,1,0,차대사람 - 횡단중,보행자보호의무위반,건조,맑음,교차로 - 교차로횡단보도내,승용,남,57세,상해없음,보행자,남,34세,경상
2020051400100540,2020년 5월 14일 20시,목요일,강원도 춘천시 동면,경상사고,0,0,4,0,차대차 - 기타,교차로운행방법위반,건조,맑음,교차로 - 교차로안,승용,남,60세,상해없음,승용,남,38세,경상
2020051400100541,2020년 5월 14일 20시,목요일,강원도 원주시 무실동,중상사고,0,1,2,0,차대차 - 측면충돌,신호위반,건조,맑음,교차로 - 교차로안,승용,남,33세,기타불명,화물,남,41세,중상
2020051400100566,2020년 5월 14일 21시,목요일,강원도 춘천시 중앙로1가,경상사고,0,0,2,0,차대차 - 측면충돌,신호위반,건조,맑음,교차로 - 교차로안,승용,남,73세,상해없음,승용,여,50세,경상
2020051400100567,2020년 5월 14일 21시,목요일,강원도 원주시 지정면,중상사고,0,1,0,0,차대차 - 측면충돌,직진우회전진행방해,건조,맑음,교차로 - 교차로안,승용,여,23세,상해없음,이륜,남,27세,중상
2020051400100595,2020년 5월 14일 22시,목요일,강원도 춘천시 퇴계동,중상사고,0,1,0,0,차대차 - 추돌,안전운전불이행,건조,맑음,교차로 - 교차로부근,승용,남,68세,상해없음,승용,남,24세,중상
2020051400100596,2020년 5월 14일 22시,목요일,강원도 원주시 단계동,중상사고,0,1,0,0,차대사람 - 횡단중,신호위반,건조,맑음,교차로 - 교차로횡단보도내,승용,남,59세,상해없음,보행자,남,59세,중상
2020051400100597,2020년 5월 14일 22시,목요일,강원도 원주시 학성동,경상사고,0,0,2,0,차대차 - 기타,안전운전불이행,건조,맑음,단일로 - 기타,승합,남,54세,경상,승용,여,55세,경상
2020051500100021,2020년 5월 15일 01시,금요일,강원도 원주시 관설동,경상사고,0,0,1,0,차대차 - 추돌,안전거리미확보,건조,맑음,단일로 - 기타,승용,남,32세,상해없음,화물,남,41세,경상
2020051500100045,2020년 5월 15일 03시,금요일,강원도 화천군 화천읍,사망사고,1,0,0,0,차대사람 - 길가장자리구역통행중,안전운전불이행,건조,맑음,단일로 - 기타,화물,남,62세,상해없음,보행자,남,48세,사망
2020051500100107,2020년 5월 15일 08시,금요일,강원도 춘천시 후평동,경상사고,0,0,1,0,차대차 - 측면충돌,교차로운행방법위반,건조,맑음,교차로 - 교차로안,승용,남,40세,상해없음,승용,여,46세,경상
2020051500100108,2020년 5월 15일 08시,금요일,강원도 춘천시 석사동,경상사고,0,0,1,0,차대차 - 측면충돌,신호위반,건조,맑음,교차로 - 교차로안,승용,남,62세,상해없음,승용,남,32세,경상
2020051500100109,2020년 5월 15일 08시,금요일,강원도 강릉시 포남동,경상사고,0,0,1,0,차대차 - 기타,안전운전불이행,젖음/습기,비,교차로 - 교차로안,승용,남,23세,상해없음,승용,남,37세,경상
2020051500100140,2020년 5월 15일 09시,금요일,강원도 원주시 소초면,중상사고,0,1,1,1,차대차 - 추돌,안전거리미확보,젖음/습기,비,단일로 - 기타,승용,여,40세,부상신고,승용,여,46세,중상
2020051500100141,2020년 5월 15일 09시,금요일,강원도 영월군 북면,중상사고,0,1,0,0,차대차 - 측면충돌,중앙선침범,젖음/습기,비,단일로 - 고가도로위,승용,여,75세,상해없음,승용,여,53세,중상
2020051500100168,2020년 5월 15일 10시,금요일,강원도 춘천시 교동,경상사고,0,0,2,0,차대차 - 추돌,안전운전불이행,젖음/습기,비,단일로 - 기타,승용,남,61세,상해없음,승용,남,63세,경상
2020051500100169,2020년 5월 15일 10시,금요일,강원도 동해시 나안동,중상사고,0,1,1,0,차대차 - 추돌,안전거리미확보,젖음/습기,비,단일로 - 기타,건설기계,남,50세,상해없음,승용,여,50세,중상
2020051500100192,2020년 5월 15일 11시,금요일,강원도 원주시 호저면,경상사고,0,0,1,0,차대차 - 추돌,안전운전불이행,건조,맑음,단일로 - 기타,승용,여,33세,상해없음,승용,남,42세,경상
2020051500100257,2020년 5월 15일 13시,금요일,강원도 삼척시 근덕면,중상사고,0,2,4,0,차대차 - 측면충돌,안전운전불이행,젖음/습기,비,단일로 - 기타,승합,남,51세,상해없음,화물,남,66세,중상
2020051500100321,2020년 5월 15일 15시,금요일,강원도 강릉시 포남동,경상사고,0,0,1,0,차대차 - 추돌,안전운전불이행,건조,흐림,교차로 - 교차로부근,승용,남,32세,상해없음,승용,여,58세,경상
2020051500100371,2020년 5월 15일 16시,금요일,강원도 춘천시 퇴계동,경상사고,0,0,1,0,차대차 - 측면충돌,직진우회전진행방해,젖음/습기,비,교차로 - 교차로안,승용,여,32세,상해없음,이륜,남,47세,경상
2020051500100372,2020년 5월 15일 16시,금요일,강원도 홍천군 홍천읍,경상사고,0,0,1,0,차대차 - 측면충돌,직진우회전진행방해,건조,맑음,교차로 - 교차로안,승용,남,63세,상해없음,화물,남,77세,경상
2020051500100373,2020년 5월 15일 16시,금요일,강원도 동해시 효가동,중상사고,0,1,0,0,차대차 - 추돌,안전거리미확보,젖음/습기,비,교차로 - 교차로부근,건설기계,남,49세,상해없음,승용,남,61세,중상
2020051500100460,2020년 5월 15일 18시,금요일,강원도 삼척시 남양동,중상사고,0,1,0,0,차대사람 - 횡단중,안전운전불이행,건조,맑음,교차로 - 교차로횡단보도내,승용,남,44세,상해없음,보행자,남,27세,중상
2020051500100506,2020년 5월 15일 19시,금요일,강원도 철원군 갈말읍,경상사고,0,0,2,1,차대차 - 추돌,안전운전불이행,건조,맑음,단일로 - 기타,승용,남,66세,상해없음,승용,남,58세,부상신고
2020051500100507,2020년 5월 15일 19시,금요일,강원도 동해시 발한동,경상사고,0,0,1,0,차대차 - 측면충돌,교차로운행방법위반,건조,맑음,기타 - 기타,화물,남,70세,상해없음,승용,여,72세,상해없음
2020051500100543,2020년 5월 15일 20시,금요일,강원도 춘천시 조양동,경상사고,0,0,1,0,차대차 - 추돌,안전운전불이행,건조,맑음,단일로 - 기타,승용,남,29세,상해없음,승용,남,62세,상해없음
2020051500100544,2020년 5월 15일 20시,금요일,강원도 원주시 태장동,사망사고,1,0,0,0,차대사람 - 횡단중,보행자보호의무위반,젖음/습기,비,단일로 - 기타,승합,남,69세,상해없음,보행자,남,63세,사망
2020051500100545,2020년 5월 15일 20시,금요일,강원도 원주시 무실동,경상사고,0,0,1,0,차대차 - 추돌,안전운전불이행,건조,맑음,교차로 - 교차로부근,승용,남,40세,상해없음,승용,여,30세,경상
2020051500100667,2020년 5월 15일 23시,금요일,강원도 춘천시 동면,경상사고,0,0,1,0,차대차 - 측면충돌,신호위반,젖음/습기,비,교차로 - 교차로안,승용,남,34세,상해없음,승용,남,36세,경상
2020051600100008,2020년 5월 16일 00시,토요일,강원도 속초시 교동,경상사고,0,0,3,0,차대차 - 측면충돌,불법유턴,건조,맑음,단일로 - 고가도로위,승용,남,54세,상해없음,승합,남,36세,상해없음
2020051600100065,2020년 5월 16일 04시,토요일,강원도 영월군 한반도면,중상사고,0,1,0,0,차대차 - 정면충돌,신호위반,젖음/습기,비,단일로 - 기타,승용,여,53세,상해없음,승용,여,33세,중상
2020051600100126,2020년 5월 16일 09시,토요일,강원도 속초시 조양동,경상사고,0,0,1,0,차대사람 - 횡단중,안전운전불이행,건조,맑음,교차로 - 교차로부근,승용,여,74세,상해없음,보행자,여,57세,경상
2020051600100149,2020년 5월 16일 10시,토요일,강원도 강릉시 교동,경상사고,0,0,1,0,차대차 - 측면충돌,중앙선침범,건조,맑음,단일로 - 기타,화물,남,73세,상해없음,승용,여,50세,경상
2020051600100179,2020년 5월 16일 11시,토요일,강원도 강릉시 명주동,경상사고,0,0,1,0,차대사람 - 횡단중,보행자보호의무위반,건조,맑음,교차로 - 교차로부근,승용,남,56세,상해없음,보행자,여,27세,경상
2020051600100180,2020년 5월 16일 11시,토요일,강원도 고성군 토성면,부상신고사고,0,0,0,1,차대차 - 추돌,안전운전불이행,건조,맑음,단일로 - 기타,승용,남,81세,상해없음,승용,여,63세,부상신고
2020051600100217,2020년 5월 16일 12시,토요일,강원도 원주시 개운동,중상사고,0,1,0,0,차대사람 - 횡단중,안전운전불이행,건조,맑음,교차로 - 교차로안,화물,남,56세,상해없음,보행자,남,70세,중상
2020051600100247,2020년 5월 16일 13시,토요일,강원도 춘천시 남산면,중상사고,0,1,5,0,차대차 - 추돌,안전거리미확보,건조,맑음,단일로 - 터널,승용,여,31세,경상,승용,남,50세,중상
2020051600100310,2020년 5월 16일 15시,토요일,강원도 강릉시 강문동,경상사고,0,0,1,0,차대차 - 정면충돌,중앙선침범,건조,맑음,교차로 - 교차로부근,승용,여,50세,상해없음,승합,남,59세,경상
2020051600100311,2020년 5월 16일 15시,토요일,강원도 강릉시 강동면,경상사고,0,0,2,0,차대차 - 추돌,안전운전불이행,건조,맑음,단일로 - 기타,승용,남,70세,상해없음,화물,남,29세,경상
2020051600100312,2020년 5월 16일 15시,토요일,강원도 원주시 태장동,경상사고,0,0,2,0,차대차 - 측면충돌,교차로운행방법위반,건조,맑음,교차로 - 교차로안,승용,여,44세,상해없음,승용,여,50세,경상
2020051600100372,2020년 5월 16일 17시,토요일,강원도 양구군 동면,중상사고,0,2,1,0,차대차 - 정면충돌,안전운전불이행,건조,맑음,단일로 - 교량,화물,남,51세,중상,화물,남,79세,경상
2020051600100434,2020년 5월 16일 19시,토요일,강원도 원주시 단계동,경상사고,0,0,1,0,차대차 - 측면충돌,신호위반,건조,기타,교차로 - 교차로안,승용,여,56세,상해없음,승용,여,43세,상해없음
2020051600100462,2020년 5월 16일 20시,토요일,강원도 춘천시 동내면,경상사고,0,0,1,0,차량단독 - 기타,안전운전불이행,건조,맑음,단일로 - 기타,이륜,남,16세,경상,,,,
2020051600100538,2020년 5월 16일 23시,토요일,강원도 춘천시 퇴계동,경상사고,0,0,5,0,차대차 - 추돌,안전운전불이행,건조,맑음,교차로 - 교차로부근,승용,남,37세,상해없음,승용,남,45세,경상
2020051700100023,2020년 5월 17일 01시,일요일,강원도 속초시 교동,경상사고,0,0,2,0,차대차 - 측면충돌,교차로운행방법위반,건조,맑음,교차로 - 교차로안,승용,남,28세,상해없음,승용,여,22세,경상
2020051700100035,2020년 5월 17일 02시,일요일,강원도 강릉시 사천면,사망사고,1,0,0,0,차량단독 - 도로외이탈 - 추락,안전운전불이행,건조,맑음,교차로 - 교차로부근,승용,남,31세,사망,,,,
2020051700100036,2020년 5월 17일 02시,일요일,강원도 원주시 무실동,경상사고,0,0,1,0,차대사람 - 차도통행중,안전운전불이행,건조,맑음,단일로 - 기타,승용,남,69세,상해없음,보행자,남,21세,경상
2020051700100134,2020년 5월 17일 11시,일요일,강원도 춘천시 신동면,중상사고,0,1,0,0,차량단독 - 공작물충돌,안전운전불이행,건조,맑음,단일로 - 기타,승용,남,22세,상해없음,,,,
2020051700100135,2020년 5월 17일 11시,일요일,강원도 원주시 무실동,경상사고,0,0,2,0,차대차 - 측면충돌,안전운전불이행,건조,맑음,교차로 - 교차로안,승용,남,39세,상해없음,승용,남,57세,경상
2020051700100171,2020년 5월 17일 12시,일요일,강원도 횡성군 갑천면,중상사고,0,1,0,1,차량단독 - 전도전복 - 전도,안전운전불이행,건조,맑음,단일로 - 기타,이륜,남,24세,중상,,,,
2020051700100219,2020년 5월 17일 14시,일요일,강원도 춘천시 칠전동,경상사고,0,0,4,1,차대차 - 기타,신호위반,건조,맑음,교차로 - 교차로안,승용,남,45세,상해없음,승용,남,57세,경상
2020051700100220,2020년 5월 17일 14시,일요일,강원도 강릉시 옥천동,경상사고,0,0,1,0,차대차 - 기타,안전운전불이행,건조,맑음,교차로 - 교차로횡단보도내,승용,남,78세,상해없음,자전거,남,62세,경상
2020051700100250,2020년 5월 17일 15시,일요일,강원도 원주시 학성동,경상사고,0,0,1,0,차대사람 - 횡단중,보행자보호의무위반,건조,맑음,교차로 - 교차로횡단보도내,승용,남,84세,상해없음,보행자,여,19세,경상
2020051700100281,2020년 5월 17일 16시,일요일,강원도 춘천시 소양로1가,경상사고,0,0,1,0,차대차 - 측면충돌,신호위반,건조,맑음,교차로 - 교차로안,이륜,남,46세,상해없음,승용,남,36세,경상
2020051700100316,2020년 5월 17일 17시,일요일,강원도 속초시 교동,경상사고,0,0,1,0,차대차 - 추돌,안전운전불이행,건조,맑음,교차로 - 교차로부근,승용,남,33세,상해없음,승용,남,46세,경상
2020051800100061,2020년 5월 18일 07시,월요일,강원도 춘천시 운교동,중상사고,0,2,1,1,차대차 - 측면충돌,신호위반,건조,맑음,단일로 - 기타,승합,남,54세,상해없음,자전거,남,46세,중상
2020051800100138,2020년 5월 18일 10시,월요일,강원도 춘천시 효자동,경상사고,0,0,1,0,차대차 - 추돌,안전운전불이행,건조,맑음,교차로 - 교차로부근,승용,여,36세,상해없음,화물,남,43세,경상
2020051800100174,2020년 5월 18일 11시,월요일,강원도 원주시 태장동,경상사고,0,0,1,0,차대차 - 측면충돌,안전거리미확보,건조,맑음,교차로 - 교차로부근,승용,남,66세,상해없음,승용,남,65세,경상
2020051800100175,2020년 5월 18일 11시,월요일,강원도 춘천시 북산면,중상사고,0,1,0,0,차대차 - 기타,안전운전불이행,건조,맑음,단일로 - 터널,화물,남,55세,상해없음,승용,여,52세,중상
2020051800100211,2020년 5월 18일 12시,월요일,강원도 춘천시 후평동,경상사고,0,0,2,0,차대차 - 기타,차로위반,건조,맑음,교차로 - 교차로부근,승용,남,47세,상해없음,승합,남,47세,경상
2020051800100212,2020년 5월 18일 12시,월요일,강원도 강릉시 옥천동,경상사고,0,0,3,0,차대차 - 기타,안전운전불이행,건조,맑음,교차로 - 교차로안,승용,남,64세,상해없음,승용,여,58세,경상
2020051800100213,2020년 5월 18일 12시,월요일,강원도 정선군 정선읍,경상사고,0,0,2,0,차대차 - 측면충돌,안전운전불이행,건조,맑음,주차장 - 주차장,승용,여,51세,상해없음,승용,남,27세,경상
2020051800100252,2020년 5월 18일 13시,월요일,강원도 춘천시 후평동,중상사고,0,1,0,0,차대차 - 측면충돌,안전운전불이행,건조,맑음,교차로 - 교차로부근,승용,남,68세,상해없음,이륜,남,46세,중상
2020051800100253,2020년 5월 18일 13시,월요일,강원도 춘천시 후평동,중상사고,0,1,0,0,차대차 - 측면충돌,안전운전불이행,건조,맑음,단일로 - 기타,승용,남,33세,상해없음,이륜,남,42세,중상
2020051800100254,2020년 5월 18일 13시,월요일,강원도 춘천시 동면,경상사고,0,0,1,0,차대차 - 측면충돌,안전운전불이행,건조,맑음,교차로 - 교차로안,승용,남,56세,상해없음,승용,남,29세,경상
2020051800100255,2020년 5월 18일 13시,월요일,강원도 원주시 단계동,경상사고,0,0,4,0,차대차 - 추돌,안전운전불이행,건조,맑음,교차로 - 교차로안,승용,남,49세,상해없음,승용,남,21세,경상
2020051800100256,2020년 5월 18일 13시,월요일,강원도 홍천군 화촌면,중상사고,0,1,2,0,차대차 - 추돌,안전운전불이행,건조,맑음,교차로 - 교차로부근,승용,남,71세,상해없음,승용,남,42세,경상
2020051800100293,2020년 5월 18일 14시,월요일,강원도 평창군 대관령면,중상사고,0,1,0,0,차대차 - 정면충돌,안전운전불이행,젖음/습기,비,교차로 - 교차로부근,건설기계,남,52세,상해없음,화물,남,48세,중상
2020051800100294,2020년 5월 18일 14시,월요일,강원도 정선군 정선읍,중상사고,0,1,0,0,차대사람 - 기타,안전운전불이행,건조,맑음,주차장 - 주차장,승용,남,64세,상해없음,보행자,여,77세,중상
2020051800100392,2020년 5월 18일 16시,월요일,강원도 원주시 일산동,경상사고,0,0,1,0,차량단독 - 기타,안전운전불이행,건조,맑음,교차로 - 교차로부근,승합,남,60세,상해없음,,,,
2020051800100393,2020년 5월 18일 16시,월요일,강원도 양양군 양양읍,경상사고,0,0,1,0,차대차 - 측면충돌,안전운전불이행,젖음/습기,비,교차로 - 교차로안,승용,여,30세,상해없음,승용,남,34세,기타불명
2020051800100431,2020년 5월 18일 17시,월요일,강원도 춘천시 석사동,경상사고,0,0,1,0,차대사람 - 횡단중,보행자보호의무위반,젖음/습기,비,교차로 - 교차로횡단보도내,승용,여,28세,상해없음,보행자,여,51세,경상
2020051800100476,2020년 5월 18일 18시,월요일,강원도 원주시 단계동,경상사고,0,0,3,0,차대차 - 기타,신호위반,젖음/습기,비,교차로 - 교차로안,승용,남,71세,상해없음,승용,남,28세,경상
2020051800100477,2020년 5월 18일 18시,월요일,강원도 원주시 관설동,경상사고,0,0,1,0,차대차 - 추돌,안전거리미확보,젖음/습기,비,단일로 - 기타,승합,남,72세,상해없음,승용,남,27세,상해없음
2020051800100478,2020년 5월 18일 18시,월요일,강원도 평창군 봉평면,중상사고,0,1,0,0,차대차 - 측면충돌,안전운전불이행,젖음/습기,비,교차로 - 교차로안,화물,남,43세,상해없음,승용,여,47세,중상
2020051800100592,2020년 5월 18일 21시,월요일,강원도 원주시 지정면,중상사고,0,1,0,0,차량단독 - 도로외이탈 - 추락,안전운전불이행,건조,맑음,단일로 - 기타,승용,남,31세,상해없음,,,,
2020051900100029,2020년 5월 19일 02시,화요일,강원도 원주시 중앙동,경상사고,0,0,1,0,차대차 - 측면충돌,신호위반,젖음/습기,기타,교차로 - 교차로횡단보도내,승용,남,20세,상해없음,자전거,남,58세,경상
2020051900100032,2020년 5월 19일 03시,화요일,강원도 속초시 교동,중상사고,0,1,1,0,차대차 - 측면충돌,안전운전불이행,젖음/습기,비,교차로 - 교차로부근,승용,남,28세,상해없음,승용,남,27세,경상
2020051900100086,2020년 5월 19일 08시,화요일,강원도 춘천시 온의동,경상사고,0,0,1,0,차대차 - 측면충돌,직진우회전진행방해,건조,맑음,교차로 - 교차로안,승용,여,58세,상해없음,승용,여,23세,경상
2020051900100134,2020년 5월 19일 10시,화요일,강원도 춘천시 남산면,경상사고,0,0,1,0,차대차 - 기타,안전운전불이행,건조,흐림,단일로 - 기타,승용,남,49세,상해없음,승용,남,37세,경상
2020051900100135,2020년 5월 19일 10시,화요일,강원도 원주시 단계동,중상사고,0,1,0,0,차대차 - 측면충돌,교차로운행방법위반,건조,맑음,교차로 - 교차로안,승용,여,65세,상해없음,승용,남,67세,중상
2020051900100136,2020년 5월 19일 10시,화요일,강원도 홍천군 서석면,경상사고,0,0,1,0,차대차 - 추돌,안전거리미확보,건조,맑음,교차로 - 교차로안,건설기계,남,53세,상해없음,승용,여,63세,경상
2020051900100194,2020년 5월 19일 12시,화요일,강원도 강릉시 옥천동,중상사고,0,1,0,0,차대사람 - 횡단중,보행자보호의무위반,젖음/습기,비,단일로 - 기타,승용,여,45세,상해없음,보행자,남,61세,중상
2020051900100195,2020년 5월 19일 12시,화요일,강원도 강릉시 성내동,경상사고,0,0,1,0,차대차 - 기타,안전운전불이행,젖음/습기,비,교차로 - 교차로안,승용,남,60세,상해없음,승용,남,43세,경상
2020051900100196,2020년 5월 19일 12시,화요일,강원도 원주시 반곡동,경상사고,0,0,2,0,차대차 - 후진중충돌,안전운전불이행,젖음/습기,비,단일로 - 기타,승용,여,40세,상해없음,승용,여,29세,경상
2020051900100231,2020년 5월 19일 13시,화요일,강원도 평창군 평창읍,경상사고,0,0,3,0,차대차 - 측면충돌,중앙선침범,건조,맑음,기타 - 기타,화물,남,67세,상해없음,승용,남,49세,경상
2020051900100259,2020년 5월 19일 14시,화요일,강원도 영월군 남면,부상신고사고,0,0,0,1,차대차 - 추돌,안전운전불이행,젖음/습기,비,단일로 - 교량,화물,남,53세,부상신고,화물,여,61세,기타불명
2020051900100293,2020년 5월 19일 15시,화요일,강원도 춘천시 동내면,경상사고,0,0,2,0,차대차 - 측면충돌,안전운전불이행,건조,맑음,교차로 - 교차로안,승용,여,38세,상해없음,승용,남,26세,경상
2020051900100294,2020년 5월 19일 15시,화요일,강원도 삼척시 남양동,경상사고,0,0,2,0,차대차 - 추돌,안전운전불이행,젖음/습기,비,단일로 - 기타,화물,여,60세,상해없음,승용,남,64세,경상
2020051900100383,2020년 5월 19일 17시,화요일,강원도 원주시 단계동,경상사고,0,0,1,0,차대차 - 기타,안전운전불이행,건조,맑음,단일로 - 기타,승용,여,48세,상해없음,승용,여,41세,경상
2020051900100384,2020년 5월 19일 17시,화요일,강원도 태백시 황지동,경상사고,0,0,1,0,차대차 - 측면충돌,교차로운행방법위반,젖음/습기,비,교차로 - 교차로부근,승용,남,62세,상해없음,승용,여,59세,경상
2020051900100420,2020년 5월 19일 18시,화요일,강원도 춘천시 효자동,경상사고,0,0,1,0,차대사람 - 보도통행중,기타,건조,맑음,단일로 - 기타,기타불명,기타불명,미분류,기타불명,보행자,여,25세,경상
2020051900100485,2020년 5월 19일 20시,화요일,강원도 속초시 교동,경상사고,0,0,1,0,차대차 - 측면충돌,안전운전불이행,젖음/습기,비,단일로 - 지하차도(도로)내,승용,남,63세,상해없음,이륜,남,44세,경상
2020051900100512,2020년 5월 19일 21시,화요일,강원도 강릉시 강동면,중상사고,0,2,0,0,차량단독 - 도로외이탈 - 추락,과속,젖음/습기,비,교차로 - 교차로부근,승용,남,20세,상해없음,,,,
2020051900100541,2020년 5월 19일 22시,화요일,강원도 강릉시 포남동,중상사고,0,1,0,0,차대사람 - 횡단중,안전운전불이행,젖음/습기,흐림,교차로 - 교차로안,승용,남,26세,상해없음,보행자,남,59세,중상
2020051900100542,2020년 5월 19일 22시,화요일,강원도 강릉시 교동,경상사고,0,0,1,0,차대차 - 측면충돌,안전운전불이행,건조,맑음,교차로 - 교차로안,승용,남,25세,상해없음,승용,여,42세,경상
2020052000100003,2020년 5월 20일 00시,수요일,강원도 강릉시 성남동,경상사고,0,0,1,0,차대차 - 측면충돌,중앙선침범,젖음/습기,비,단일로 - 기타,승용,남,22세,상해없음,승용,남,23세,경상
2020052000100063,2020년 5월 20일 06시,수요일,강원도 영월군 영월읍,중상사고,0,1,0,0,차량단독 - 전도전복 - 전도,안전운전불이행,건조,맑음,단일로 - 지하차도(도로)내,자전거,여,75세,중상,,,,
2020052000100109,2020년 5월 20일 08시,수요일,강원도 춘천시 석사동,경상사고,0,0,1,0,차대차 - 기타,안전거리미확보,건조,맑음,단일로 - 기타,승용,여,41세,상해없음,승용,남,49세,경상
2020052000100110,2020년 5월 20일 08시,수요일,강원도 강릉시 옥계면,경상사고,0,0,1,0,차대차 - 측면충돌,안전운전불이행,건조,맑음,단일로 - 기타,승용,여,33세,상해없음,승용,여,37세,경상
2020052000100111,2020년 5월 20일 08시,수요일,강원도 삼척시 남양동,중상사고,0,1,0,0,차대차 - 측면충돌,안전운전불이행,젖음/습기,흐림,교차로 - 교차로부근,승용,남,49세,상해없음,자전거,남,84세,중상
2020052000100180,2020년 5월 20일 10시,수요일,강원도 횡성군 안흥면,경상사고,0,0,1,0,차대차 - 측면충돌,중앙선침범,건조,맑음,단일로 - 기타,화물,남,58세,상해없음,화물,남,59세,경상
2020052000100313,2020년 5월 20일 13시,수요일,강원도 영월군 주천면,중상사고,0,1,2,0,차대차 - 정면충돌,중앙선침범,건조,흐림,교차로 - 교차로부근,화물,남,19세,경상,승용,남,46세,경상
2020052000100314,2020년 5월 20일 13시,수요일,강원도 횡성군 횡성읍,경상사고,0,0,1,0,차대차 - 측면충돌,안전운전불이행,건조,맑음,단일로 - 기타,승용,남,67세,상해없음,승용,여,37세,경상
2020052000100348,2020년 5월 20일 14시,수요일,강원도 춘천시 칠전동,중상사고,0,1,0,0,차대사람 - 기타,안전운전불이행,건조,맑음,단일로 - 기타,승용,남,50세,상해없음,보행자,남,7세,중상
2020052000100388,2020년 5월 20일 15시,수요일,강원도 원주시 일산동,경상사고,0,0,2,0,차대차 - 측면충돌,안전거리미확보,건조,맑음,단일로 - 기타,승용,남,39세,상해없음,승합,남,51세,경상
2020052000100430,2020년 5월 20일 16시,수요일,강원도 강릉시 주문진읍,경상사고,0,0,1,0,차대차 - 추돌,안전운전불이행,건조,맑음,기타 - 기타,승용,남,41세,상해없음,승용,여,52세,경상
2020052000100431,2020년 5월 20일 16시,수요일,강원도 원주시 인동,경상사고,0,0,1,0,차대차 - 측면충돌,안전운전불이행,건조,맑음,교차로 - 교차로안,승용,여,59세,상해없음,승용,남,55세,경상
2020052000100432,2020년 5월 20일 16시,수요일,강원도 평창군 봉평면,부상신고사고,0,0,0,1,차대차 - 측면충돌,안전운전불이행,건조,맑음,교차로 - 교차로안,화물,여,60세,상해없음,승용,남,56세,부상신고