사고번호,사고일시,요일,시군구,사고내용,사망자수,중상자수,경상자수,부상신고자수,사고유형,법규위반,노면상태,기상상태,도로형태,가해운전자 차종,가해운전자 성별,가해운전자 연령,가해운전자 상해정도,피해운전자 차종,피해운전자 성별,피해운전자 연령,피해운전자 상해정도
2020052700100243,2020년 5월 27일 12시,수요일,강원도 춘천시 온의동,경상사고,0,0,2,0,차대차 - 기타,안전운전불이행,건조,맑음,교차로 - 교차로안,승용,남,28세,상해없음,승용,남,56세,경상
2020052700100244,2020년 5월 27일 12시,수요일,강원도 원주시 학성동,경상사고,0,0,1,0,차대차 - 측면충돌,교차로운행방법위반,건조,맑음,교차로 - 교차로안,승용,남,73세,상해없음,자전거,여,49세,경상
2020052700100245,2020년 5월 27일 12시,수요일,강원도 원주시 단계동,경상사고,0,0,2,0,차대차 - 측면충돌,교차로운행방법위반,건조,맑음,교차로 - 교차로부근,이륜,남,41세,상해없음,승용,남,34세,경상
2020052700100246,2020년 5월 27일 12시,수요일,강원도 속초시 교동,중상사고,0,1,1,0,차대차 - 추돌,안전운전불이행,건조,맑음,단일로 - 기타,이륜,남,23세,기타불명,이륜,남,55세,중상
2020052700100291,2020년 5월 27일 13시,수요일,강원도 동해시 이도동,경상사고,0,0,1,0,차대차 - 측면충돌,안전운전불이행,건조,맑음,단일로 - 기타,승용,남,56세,상해없음,자전거,남,70세,경상
2020052700100325,2020년 5월 27일 14시,수요일,강원도 춘천시 근화동,경상사고,0,0,1,0,차대차 - 기타,안전거리미확보,건조,맑음,단일로 - 기타,화물,남,70세,상해없음,승용,남,28세,경상
2020052700100363,2020년 5월 27일 15시,수요일,강원도 춘천시 효자동,경상사고,0,0,1,0,차대차 - 추돌,안전거리미확보,건조,맑음,단일로 - 기타,화물,남,70세,상해없음,승용,여,27세,경상
2020052700100364,2020년 5월 27일 15시,수요일,강원도 원주시 명륜동,경상사고,0,0,1,0,차대차 - 추돌,안전운전불이행,건조,맑음,기타 - 기타,승용,남,53세,상해없음,승용,여,48세,경상
2020052700100401,2020년 5월 27일 16시,수요일,강원도 원주시 단구동,경상사고,0,0,1,0,차대차 - 측면충돌,교차로운행방법위반,건조,맑음,교차로 - 교차로안,승용,여,40세,상해없음,승용,남,49세,경상
2020052700100402,2020년 5월 27일 16시,수요일,강원도 홍천군 홍천읍,경상사고,0,0,1,0,차대차 - 측면충돌,직진우회전진행방해,건조,맑음,교차로 - 교차로안,승합,남,75세,상해없음,승용,여,47세,경상
2020052700100403,2020년 5월 27일 16시,수요일,강원도 양구군 남면,경상사고,0,0,1,0,차대차 - 정면충돌,중앙선침범,건조,맑음,교차로 - 교차로부근,승용,남,71세,기타불명,건설기계,남,62세,경상
2020052700100470,2020년 5월 27일 17시,수요일,강원도 원주시 평원동,경상사고,0,0,1,0,차대차 - 측면충돌,안전거리미확보,건조,맑음,단일로 - 기타,승용,남,26세,상해없음,승용,남,36세,경상
2020052700100525,2020년 5월 27일 18시,수요일,강원도 고성군 토성면,부상신고사고,0,0,0,1,차대차 - 추돌,안전운전불이행,건조,맑음,기타 - 기타,승용,남,39세,상해없음,승용,남,34세,부상신고
2020052700100526,2020년 5월 27일 18시,수요일,강원도 고성군 간성읍,경상사고,0,0,1,0,차대차 - 추돌,안전운전불이행,건조,맑음,단일로 - 기타,화물,남,56세,상해없음,농기계,남,58세,경상
2020052700100527,2020년 5월 27일 18시,수요일,강원도 철원군 갈말읍,경상사고,0,0,2,0,차대차 - 측면충돌,차로위반,건조,맑음,단일로 - 기타,승용,남,78세,상해없음,승용,여,37세,경상
2020052700100571,2020년 5월 27일 19시,수요일,강원도 춘천시 퇴계동,경상사고,0,0,1,0,차대사람 - 기타,안전운전불이행,건조,맑음,단일로 - 기타,승용,여,50세,상해없음,보행자,남,7세,경상
2020052700100572,2020년 5월 27일 19시,수요일,강원도 원주시 단계동,중상사고,0,1,0,0,차대사람 - 차도통행중,안전운전불이행,건조,맑음,단일로 - 기타,승용,여,64세,상해없음,보행자,여,56세,중상
2020052700100573,2020년 5월 27일 19시,수요일,강원도 원주시 원동,경상사고,0,0,2,0,차대차 - 후진중충돌,안전운전불이행,건조,맑음,단일로 - 기타,승용,남,68세,기타불명,승용,남,27세,경상
2020052700100574,2020년 5월 27일 19시,수요일,강원도 속초시 교동,경상사고,0,0,2,0,차대차 - 측면충돌,안전운전불이행,건조,맑음,교차로 - 교차로안,승용,여,21세,상해없음,화물,남,59세,경상
2020052700100634,2020년 5월 27일 21시,수요일,강원도 원주시 단계동,경상사고,0,0,1,0,차대차 - 측면충돌,신호위반,기타,맑음,교차로 - 교차로안,승용,남,23세,상해없음,승용,남,40세,경상
2020052700100635,2020년 5월 27일 21시,수요일,강원도 영월군 영월읍,경상사고,0,0,1,0,차대사람 - 차도통행중,안전운전불이행,건조,맑음,단일로 - 지하차도(도로)내,승용,남,49세,상해없음,보행자,남,47세,경상
2020052700100664,2020년 5월 27일 22시,수요일,강원도 양양군 서면,사망사고,1,0,1,0,차대차 - 기타,안전운전불이행,건조,맑음,단일로 - 터널,승용,남,19세,사망,건설기계,남,34세,경상
2020052800100024,2020년 5월 28일 02시,목요일,강원도 홍천군 내촌면,중상사고,0,1,0,0,차대사람 - 보도통행중,안전운전불이행,건조,맑음,주차장 - 주차장,화물,남,64세,상해없음,보행자,여,60세,중상
2020052800100076,2020년 5월 28일 07시,목요일,강원도 원주시 판부면,중상사고,0,1,0,0,차대차 - 기타,안전운전불이행,건조,맑음,단일로 - 기타,화물,남,55세,상해없음,건설기계,남,60세,중상
2020052800100110,2020년 5월 28일 08시,목요일,강원도 원주시 소초면,경상사고,0,0,2,0,차대차 - 추돌,안전거리미확보,젖음/습기,비,단일로 - 기타,화물,남,54세,상해없음,승용,남,47세,경상
2020052800100142,2020년 5월 28일 09시,목요일,강원도 춘천시 동내면,경상사고,0,0,1,0,차대차 - 측면충돌,안전거리미확보,건조,맑음,단일로 - 기타,화물,남,45세,상해없음,승용,남,54세,경상
2020052800100143,2020년 5월 28일 09시,목요일,강원도 강릉시 월호평동,경상사고,0,0,1,0,차대차 - 측면충돌,기타,건조,맑음,교차로 - 교차로안,승합,남,51세,상해없음,승용,여,61세,경상
2020052800100144,2020년 5월 28일 09시,목요일,강원도 홍천군 북방면,중상사고,0,1,0,0,차대사람 - 기타,과속,건조,맑음,단일로 - 교량,승용,남,55세,상해없음,보행자,남,51세,중상
2020052800100187,2020년 5월 28일 10시,목요일,강원도 속초시 대포동,경상사고,0,0,1,0,차대차 - 추돌,안전운전불이행,건조,맑음,단일로 - 기타,화물,남,66세,상해없음,승용,여,41세,경상
2020052800100214,2020년 5월 28일 11시,목요일,강원도 원주시 단계동,경상사고,0,0,1,0,차대차 - 추돌,안전운전불이행,건조,맑음,단일로 - 기타,승용,여,55세,상해없음,승용,여,51세,경상
2020052800100292,2020년 5월 28일 13시,목요일,강원도 춘천시 후평동,경상사고,0,0,1,0,차대차 - 측면충돌,중앙선침범,건조,맑음,교차로 - 교차로안,승용,남,25세,상해없음,승합,남,29세,경상
2020052800100398,2020년 5월 28일 16시,목요일,강원도 원주시 우산동,경상사고,0,0,1,0,차대차 - 추돌,안전운전불이행,건조,맑음,교차로 - 교차로안,이륜,남,77세,상해없음,승용,남,32세,경상
2020052800100434,2020년 5월 28일 17시,목요일,강원도 강릉시 주문진읍,경상사고,0,0,1,0,차대차 - 측면충돌,신호위반,건조,맑음,교차로 - 교차로안,승용,남,63세,상해없음,승용,여,46세,경상
2020052800100508,2020년 5월 28일 19시,목요일,강원도 동해시 발한동,경상사고,0,0,1,0,차대차 - 후진중충돌,안전운전불이행,건조,맑음,교차로 - 교차로부근,화물,남,67세,상해없음,승용,여,46세,경상
2020052800100572,2020년 5월 28일 21시,목요일,강원도 원주시 우산동,경상사고,0,0,1,0,차대차 - 측면충돌,안전운전불이행,건조,맑음,교차로 - 교차로부근,승용,여,56세,상해없음,승용,여,57세,경상
2020052800100602,2020년 5월 28일 22시,목요일,강원도 춘천시 퇴계동,중상사고,0,1,1,0,차대차 - 추돌,안전거리미확보,건조,맑음,교차로 - 교차로부근,승용,남,51세,상해없음,승용,남,22세,중상
2020052900100005,2020년 5월 29일 00시,금요일,강원도 춘천시 효자동,경상사고,0,0,3,0,차대차 - 측면충돌,직진우회전진행방해,건조,맑음,교차로 - 교차로횡단보도내,이륜,남,18세,상해없음,승용,남,29세,경상
2020052900100055,2020년 5월 29일 06시,금요일,강원도 원주시 평원동,경상사고,0,0,1,0,차대사람 - 차도통행중,보행자보호의무위반,건조,맑음,단일로 - 기타,승용,남,65세,상해없음,보행자,여,60세,경상
2020052900100071,2020년 5월 29일 07시,금요일,강원도 원주시 호저면,경상사고,0,0,1,0,차대차 - 정면충돌,중앙선침범,건조,맑음,기타 - 기타,승용,남,38세,상해없음,승용,남,39세,경상
2020052900100072,2020년 5월 29일 07시,금요일,강원도 홍천군 남면,중상사고,0,1,0,0,차대사람 - 길가장자리구역통행중,안전운전불이행,건조,맑음,교차로 - 교차로안,승용,여,57세,상해없음,보행자,여,18세,중상
2020052900100073,2020년 5월 29일 07시,금요일,강원도 홍천군 서석면,경상사고,0,0,2,0,차대차 - 추돌,안전운전불이행,건조,맑음,단일로 - 터널,승용,남,22세,상해없음,승용,남,47세,경상
2020052900100118,2020년 5월 29일 08시,금요일,강원도 춘천시 온의동,경상사고,0,0,2,0,차대차 - 기타,신호위반,건조,맑음,교차로 - 교차로안,승용,여,43세,상해없음,승용,남,67세,경상
2020052900100119,2020년 5월 29일 08시,금요일,강원도 춘천시 효자동,경상사고,0,0,1,0,차대차 - 측면충돌,직진우회전진행방해,건조,맑음,교차로 - 교차로안,원동기,여,70세,상해없음,승용,여,43세,경상
2020052900100120,2020년 5월 29일 08시,금요일,강원도 양양군 양양읍,경상사고,0,0,1,0,차대사람 - 횡단중,안전운전불이행,건조,맑음,교차로 - 교차로부근,승용,남,53세,상해없음,보행자,여,77세,경상
2020052900100121,2020년 5월 29일 08시,금요일,강원도 철원군 서면,경상사고,0,0,1,0,차대차 - 측면충돌,신호위반,건조,맑음,교차로 - 교차로안,화물,남,52세,상해없음,승용,남,45세,경상
2020052900100164,2020년 5월 29일 09시,금요일,강원도 원주시 중앙동,경상사고,0,0,2,0,차대차 - 기타,직진우회전진행방해,건조,맑음,교차로 - 교차로안,승용,여,80세,상해없음,승용,남,49세,경상
2020052900100165,2020년 5월 29일 09시,금요일,강원도 태백시 통동,경상사고,0,0,1,0,차대차 - 측면충돌,안전운전불이행,건조,맑음,단일로 - 기타,건설기계,남,52세,기타불명,승용,여,35세,경상
2020052900100166,2020년 5월 29일 09시,금요일,강원도 강릉시 왕산면,중상사고,0,1,1,0,차대차 - 측면충돌,신호위반,건조,맑음,단일로 - 기타,승용,여,59세,상해없음,승용,남,57세,중상
2020052900100216,2020년 5월 29일 10시,금요일,강원도 영월군 남면,중상사고,0,1,0,0,차대차 - 측면충돌,차로위반,건조,맑음,단일로 - 터널,화물,남,42세,상해없음,화물,남,23세,중상
2020052900100248,2020년 5월 29일 11시,금요일,강원도 춘천시 퇴계동,경상사고,0,0,1,0,차대차 - 측면충돌,안전거리미확보,건조,맑음,단일로 - 기타,승용,여,65세,상해없음,승용,남,71세,경상
2020052900100249,2020년 5월 29일 11시,금요일,강원도 강릉시 성남동,경상사고,0,0,1,0,차대사람 - 차도통행중,안전운전불이행,건조,맑음,단일로 - 기타,화물,남,72세,상해없음,보행자,여,70세,경상
2020052900100250,2020년 5월 29일 11시,금요일,강원도 삼척시 근덕면,경상사고,0,0,1,0,차대사람 - 기타,안전운전불이행,건조,맑음,단일로 - 기타,화물,남,47세,상해없음,보행자,남,64세,경상
2020052900100283,2020년 5월 29일 12시,금요일,강원도 강릉시 교동,경상사고,0,0,1,0,차대차 - 측면충돌,안전운전불이행,건조,맑음,교차로 - 교차로부근,승용,남,76세,상해없음,승용,여,68세,상해없음
2020052900100284,2020년 5월 29일 12시,금요일,강원도 삼척시 도계읍,경상사고,0,0,1,0,차대차 - 정면충돌,신호위반,건조,맑음,교차로 - 교차로안,승용,남,23세,상해없음,승용,남,59세,경상
2020052900100315,2020년 5월 29일 13시,금요일,강원도 원주시 흥업면,경상사고,0,0,1,0,차대차 - 기타,안전운전불이행,건조,맑음,교차로 - 교차로안,승용,여,39세,상해없음,승용,남,38세,경상
2020052900100348,2020년 5월 29일 14시,금요일,강원도 원주시 우산동,경상사고,0,0,2,0,차대차 - 추돌,안전운전불이행,건조,맑음,단일로 - 기타,승용,여,69세,상해없음,승용,남,45세,경상
2020052900100349,2020년 5월 29일 14시,금요일,강원도 원주시 소초면,중상사고,0,1,0,0,차대사람 - 기타,안전운전불이행,건조,맑음,단일로 - 기타,승용,남,61세,상해없음,보행자,남,78세,중상
2020052900100386,2020년 5월 29일 15시,금요일,강원도 강릉시 성산면,경상사고,0,0,2,0,차대차 - 측면충돌,안전운전불이행,건조,맑음,교차로 - 교차로안,승용,여,38세,상해없음,승용,남,76세,경상
2020052900100387,2020년 5월 29일 15시,금요일,강원도 양구군 남면,중상사고,0,1,0,0,차량단독 - 전도전복 - 전도,안전운전불이행,건조,맑음,단일로 - 기타,사륜오토바이(ATV),남,69세,중상,,,,
2020052900100435,2020년 5월 29일 16시,금요일,강원도 춘천시 소양로3가,경상사고,0,0,1,0,차대사람 - 횡단중,신호위반,건조,맑음,교차로 - 교차로횡단보도내,승용,남,74세,상해없음,보행자,남,64세,경상
2020052900100436,2020년 5월 29일 16시,금요일,강원도 춘천시 후평동,중상사고,0,1,3,0,차대차 - 측면충돌,중앙선침범,건조,맑음,교차로 - 교차로부근,승용,여,29세,상해없음,승용,여,52세,중상
2020052900100437,2020년 5월 29일 16시,금요일,강원도 춘천시 동내면,경상사고,0,0,3,0,차대차 - 측면충돌,안전운전불이행,건조,맑음,교차로 - 교차로안,승용,여,49세,경상,승용,남,58세,경상
2020052900100438,2020년 5월 29일 16시,금요일,강원도 삼척시 교동,경상사고,0,0,1,0,차대차 - 측면충돌,안전운전불이행,건조,맑음,교차로 - 교차로안,승용,남,63세,상해없음,승용,남,39세,경상
2020052900100487,2020년 5월 29일 17시,금요일,강원도 춘천시 효자동,경상사고,0,0,2,0,차대차 - 추돌,안전운전불이행,건조,맑음,단일로 - 기타,승용,남,58세,경상,승용,남,38세,경상
2020052900100488,2020년 5월 29일 17시,금요일,강원도 춘천시 송암동,중상사고,0,1,0,0,차대차 - 측면충돌,안전운전불이행,건조,맑음,단일로 - 기타,승용,남,52세,상해없음,이륜,남,35세,중상
2020052900100489,2020년 5월 29일 17시,금요일,강원도 원주시 태장동,경상사고,0,0,5,0,차대차 - 추돌,안전운전불이행,건조,맑음,단일로 - 기타,승합,남,40세,상해없음,화물,남,53세,경상
2020052900100490,2020년 5월 29일 17시,금요일,강원도 횡성군 우천면,경상사고,0,0,1,0,차대차 - 후진중충돌,안전운전불이행,건조,맑음,기타 - 기타,승용,남,49세,상해없음,승용,남,30세,경상
2020052900100536,2020년 5월 29일 18시,금요일,강원도 강릉시 교동,경상사고,0,0,3,0,차대차 - 측면충돌,안전운전불이행,건조,맑음,단일로 - 기타,화물,남,34세,상해없음,승용,남,50세,경상
2020052900100537,2020년 5월 29일 18시,금요일,강원도 원주시 일산동,중상사고,0,1,0,0,차대차 - 기타,직진우회전진행방해,건조,맑음,교차로 - 교차로안,승용,남,67세,상해없음,이륜,남,18세,중상
2020052900100538,2020년 5월 29일 18시,금요일,강원도 속초시 동명동,중상사고,0,1,0,0,차대차 - 추돌,안전운전불이행,건조,맑음,교차로 - 교차로안,승용,남,46세,상해없음,이륜,남,28세,중상
2020052900100586,2020년 5월 29일 19시,금요일,강원도 원주시 명륜동,경상사고,0,0,1,0,차대차 - 기타,안전운전불이행,건조,맑음,교차로 - 교차로부근,승용,남,27세,상해없음,승용,남,54세,경상
2020052900100628,2020년 5월 29일 20시,금요일,강원도 원주시 단계동,경상사고,0,0,1,0,차대사람 - 기타,안전운전불이행,건조,맑음,교차로 - 교차로안,승용,남,76세,상해없음,보행자,남,28세,경상
2020052900100629,2020년 5월 29일 20시,금요일,강원도 태백시 황지동,경상사고,0,0,2,0,차대차 - 측면충돌,교차로운행방법위반,건조,맑음,교차로 - 교차로안,승용,여,42세,상해없음,승용,여,50세,경상
2020052900100672,2020년 5월 29일 21시,금요일,강원도 춘천시 석사동,부상신고사고,0,0,0,1,차대차 - 기타,중앙선침범,건조,맑음,교차로 - 교차로부근,기타불명,기타불명,미분류,기타불명,화물,남,64세,부상신고
2020052900100673,2020년 5월 29일 21시,금요일,강원도 강릉시 홍제동,경상사고,0,0,1,0,차대사람 - 길가장자리구역통행중,안전운전불이행,건조,맑음,단일로 - 기타,승용,여,22세,상해없음,보행자,남,20세,경상
2020052900100674,2020년 5월 29일 21시,금요일,강원도 원주시 무실동,경상사고,0,0,1,0,차대차 - 기타,중앙선침범,건조,맑음,교차로 - 교차로부근,승용,남,50세,상해없음,이륜,남,26세,경상
2020052900100703,2020년 5월 29일 22시,금요일,강원도 태백시 문곡동,경상사고,0,0,4,0,차대차 - 정면충돌,신호위반,건조,맑음,교차로 - 교차로안,승용,남,57세,상해없음,승용,남,62세,경상
2020053000100045,2020년 5월 30일 02시,토요일,강원도 춘천시 효자동,경상사고,0,0,1,0,차대사람 - 기타,안전운전불이행,건조,맑음,단일로 - 기타,승용,남,22세,상해없음,보행자,남,21세,경상
2020053000100066,2020년 5월 30일 04시,토요일,강원도 춘천시 온의동,경상사고,0,0,1,0,차대차 - 측면충돌,기타,건조,맑음,단일로 - 기타,승용,남,37세,상해없음,승용,남,20세,경상
2020053000100181,2020년 5월 30일 10시,토요일,강원도 춘천시 석사동,경상사고,0,0,1,0,차대차 - 기타,차로위반,건조,맑음,교차로 - 교차로부근,승용,남,47세,상해없음,승용,남,67세,상해없음
2020053000100218,2020년 5월 30일 11시,토요일,강원도 춘천시 동면,경상사고,0,0,1,0,차대차 - 기타,안전운전불이행,건조,맑음,단일로 - 기타,이륜,남,53세,상해없음,자전거,남,52세,경상
2020053000100219,2020년 5월 30일 11시,토요일,강원도 동해시 천곡동,경상사고,0,0,1,0,차대차 - 측면충돌,신호위반,건조,맑음,교차로 - 교차로안,승용,여,59세,상해없음,승용,여,50세,경상
2020053000100220,2020년 5월 30일 11시,토요일,강원도 홍천군 서면,경상사고,0,0,2,0,차대차 - 추돌,안전운전불이행,건조,맑음,단일로 - 기타,승용,남,68세,상해없음,승용,여,28세,경상
2020053000100267,2020년 5월 30일 12시,토요일,강원도 원주시 태장동,경상사고,0,0,1,0,차대차 - 정면충돌,신호위반,건조,맑음,교차로 - 교차로안,승용,남,18세,상해없음,승용,남,37세,경상
2020053000100268,2020년 5월 30일 12시,토요일,강원도 삼척시 근덕면,중상사고,0,1,0,0,차대사람 - 기타,안전운전불이행,건조,맑음,단일로 - 기타,화물,남,55세,상해없음,보행자,남,68세,중상
2020053000100269,2020년 5월 30일 12시,토요일,강원도 홍천군 북방면,중상사고,0,1,0,0,차량단독 - 도로외이탈 - 추락,안전운전불이행,건조,맑음,주차장 - 주차장,화물,남,64세,상해없음,,,,
2020053000100316,2020년 5월 30일 13시,토요일,강원도 춘천시 조양동,중상사고,0,1,1,0,차대차 - 기타,안전운전불이행,건조,맑음,기타 - 기타,이륜,남,15세,경상,승용,여,47세,상해없음
2020053000100317,2020년 5월 30일 13시,토요일,강원도 원주시 단구동,경상사고,0,0,1,0,차대차 - 기타,안전거리미확보,건조,맑음,교차로 - 교차로부근,승용,남,57세,상해없음,이륜,남,23세,경상
2020053000100318,2020년 5월 30일 13시,토요일,강원도 홍천군 남면,중상사고,0,1,0,0,차대차 - 측면충돌,안전운전불이행,건조,맑음,단일로 - 지하차도(도로)내,이륜,남,62세,중상,화물,남,49세,상해없음
2020053000100363,2020년 5월 30일 14시,토요일,강원도 원주시 반곡동,경상사고,0,0,1,0,차대차 - 기타,직진우회전진행방해,건조,맑음,교차로 - 교차로안,이륜,남,41세,경상,승용,여,29세,상해없음
2020053000100364,2020년 5월 30일 14시,토요일,강원도 횡성군 안흥면,경상사고,0,0,1,0,차대차 - 정면충돌,안전운전불이행,건조,맑음,교차로 - 교차로안,화물,남,62세,상해없음,이륜,남,78세,경상
2020053000100365,2020년 5월 30일 14시,토요일,강원도 횡성군 횡성읍,경상사고,0,0,3,0,차대차 - 측면충돌,안전운전불이행,건조,맑음,단일로 - 기타,승용,남,71세,상해없음,화물,남,60세,경상
2020053000100435,2020년 5월 30일 16시,토요일,강원도 원주시 무실동,경상사고,0,0,1,0,차대차 - 측면충돌,안전운전불이행,건조,맑음,교차로 - 교차로부근,승용,남,30세,상해없음,이륜,남,20세,경상
2020053000100436,2020년 5월 30일 16시,토요일,강원도 영월군 영월읍,경상사고,0,0,1,0,차대차 - 측면충돌,안전운전불이행,건조,맑음,단일로 - 지하차도(도로)내,이륜,남,64세,상해없음,자전거,여,8세,경상
2020053000100520,2020년 5월 30일 18시,토요일,강원도 춘천시 석사동,경상사고,0,0,1,0,차대차 - 측면충돌,안전운전불이행,건조,맑음,교차로 - 교차로부근,이륜,남,57세,상해없음,자전거,여,43세,경상
2020053000100545,2020년 5월 30일 19시,토요일,강원도 춘천시 운교동,경상사고,0,0,1,0,차대차 - 기타,신호위반,건조,맑음,교차로 - 교차로안,승용,남,38세,상해없음,이륜,남,29세,경상
2020053000100573,2020년 5월 30일 20시,토요일,강원도 강릉시 내곡동,중상사고,0,1,0,0,차대사람 - 횡단중,보행자보호의무위반,건조,맑음,교차로 - 교차로횡단보도내,승용,남,58세,상해없음,보행자,남,24세,중상
2020053000100601,2020년 5월 30일 21시,토요일,강원도 강릉시 안현동,경상사고,0,0,1,0,차대차 - 측면충돌,안전운전불이행,건조,맑음,교차로 - 교차로안,승용,남,23세,상해없음,승용,남,34세,경상
2020053000100602,2020년 5월 30일 21시,토요일,강원도 삼척시 남양동,경상사고,0,0,2,0,차대차 - 후진중충돌,안전운전불이행,건조,맑음,교차로 - 교차로부근,승용,여,60세,상해없음,승용,남,24세,경상
2020053000100626,2020년 5월 30일 22시,토요일,강원도 횡성군 횡성읍,중상사고,0,1,0,0,차량단독 - 전도전복 - 전도,안전운전불이행,건조,맑음,단일로 - 기타,이륜,남,39세,중상,,,,
2020053100100011,2020년 5월 31일 00시,일요일,강원도 원주시 단구동,경상사고,0,0,2,0,차대차 - 측면충돌,안전거리미확보,건조,맑음,교차로 - 교차로부근,승용,여,45세,상해없음,승용,남,55세,경상
2020053100100063,2020년 5월 31일 05시,일요일,강원도 원주시 원동,중상사고,0,1,0,0,차대차 - 측면충돌,직진우회전진행방해,건조,맑음,교차로 - 교차로안,승용,남,71세,상해없음,승용,남,38세,기타불명
2020053100100081,2020년 5월 31일 08시,일요일,강원도 태백시 황지동,경상사고,0,0,1,0,차대차 - 측면충돌,안전운전불이행,건조,맑음,교차로 - 교차로안,승용,여,50세,상해없음,화물,남,58세,상해없음
2020053100100107,2020년 5월 31일 10시,일요일,강원도 원주시 단구동,경상사고,0,0,3,0,차대차 - 정면충돌,교차로운행방법위반,건조,맑음,교차로 - 교차로안,승용,여,66세,상해없음,승용,여,44세,경상
2020053100100108,2020년 5월 31일 10시,일요일,강원도 고성군 현내면,중상사고,0,1,0,0,차대사람 - 횡단중,과속,건조,맑음,기타 - 기타,승합,남,71세,상해없음,보행자,여,11세,중상
2020053100100134,2020년 5월 31일 11시,일요일,강원도 춘천시 신북읍,중상사고,0,1,2,0,차대차 - 측면충돌,안전운전불이행,건조,맑음,교차로 - 교차로안,승용,남,63세,경상,승용,남,73세,경상
2020053100100164,2020년 5월 31일 12시,일요일,강원도 춘천시 칠전동,경상사고,0,0,2,0,차대차 - 추돌,안전운전불이행,건조,맑음,교차로 - 교차로부근,이륜,남,44세,상해없음,승용,남,64세,경상
2020053100100165,2020년 5월 31일 12시,일요일,강원도 강릉시 포남동,경상사고,0,0,1,0,차대차 - 기타,안전운전불이행,건조,맑음,교차로 - 교차로안,화물,남,70세,상해없음,자전거,남,61세,경상
2020053100100197,2020년 5월 31일 13시,일요일,강원도 춘천시 퇴계동,부상신고사고,0,0,0,1,차대차 - 기타,안전운전불이행,건조,맑음,단일로 - 기타,이륜,남,44세,부상신고,승용,남,46세,상해없음
2020053100100229,2020년 5월 31일 14시,일요일,강원도 춘천시 남산면,중상사고,0,1,0,0,차대차 - 측면충돌,안전운전불이행,건조,맑음,단일로 - 기타,사륜오토바이(ATV),남,19세,상해없음,사륜오토바이(ATV),여,31세,중상
2020053100100256,2020년 5월 31일 15시,일요일,강원도 강릉시 주문진읍,경상사고,0,0,1,0,차대차 - 기타,안전운전불이행,건조,맑음,주차장 - 주차장,승용,여,34세,상해없음,이륜,남,49세,경상
2020053100100295,2020년 5월 31일 16시,일요일,강원도 강릉시 송정동,중상사고,0,1,0,0,차대차 - 측면충돌,안전운전불이행,건조,맑음,교차로 - 교차로안,승용,남,82세,기타불명,이륜,남,31세,중상
2020053100100296,2020년 5월 31일 16시,일요일,강원도 강릉시 왕산면,경상사고,0,0,1,0,차대차 - 측면충돌,중앙선침범,건조,맑음,단일로 - 기타,화물,남,57세,상해없음,승용,여,60세,경상
2020053100100297,2020년 5월 31일 16시,일요일,강원도 원주시 문막읍,중상사고,0,1,0,0,차대차 - 측면충돌,안전운전불이행,건조,맑음,주차장 - 주차장,승용,남,79세,상해없음,이륜,여,81세,중상
2020053100100329,2020년 5월 31일 17시,일요일,강원도 원주시 판부면,경상사고,0,0,2,0,차대차 - 추돌,신호위반,건조,맑음,교차로 - 교차로안,화물,남,63세,상해없음,승용,여,53세,경상
2020053100100361,2020년 5월 31일 18시,일요일,강원도 강릉시 구정면,경상사고,0,0,2,0,차대차 - 측면충돌,신호위반,건조,맑음,교차로 - 교차로안,승용,남,24세,상해없음,승용,여,49세,경상
2020053100100362,2020년 5월 31일 18시,일요일,강원도 강릉시 교동,중상사고,0,1,0,0,차대차 - 정면충돌,신호위반,건조,맑음,교차로 - 교차로안,승용,남,26세,상해없음,승용,남,49세,중상
2020053100100393,2020년 5월 31일 19시,일요일,강원도 속초시 조양동,경상사고,0,0,3,0,차대차 - 측면충돌,교차로운행방법위반,건조,맑음,교차로 - 교차로안,승용,남,29세,상해없음,승용,여,28세,경상
2020053100100417,2020년 5월 31일 20시,일요일,강원도 태백시 황지동,경상사고,0,0,1,0,차대차 - 측면충돌,교차로운행방법위반,건조,흐림,교차로 - 교차로안,승용,남,55세,상해없음,승용,남,23세,상해없음
2020053100100418,2020년 5월 31일 20시,일요일,강원도 동해시 천곡동,경상사고,0,0,2,0,차대차 - 측면충돌,안전운전불이행,건조,맑음,교차로 - 교차로안,승용,남,54세,상해없음,화물,남,38세,경상
2020053100100439,2020년 5월 31일 21시,일요일,강원도 속초시 동명동,경상사고,0,0,2,0,차대차 - 측면충돌,직진우회전진행방해,건조,맑음,교차로 - 교차로안,승용,여,62세,상해없음,승용,여,23세,경상
2020060100100007,2020년 6월 1일 00시,월요일,강원도 원주시 단계동,중상사고,0,1,2,0,차대차 - 측면충돌,안전운전불이행,젖음/습기,비,단일로 - 기타,승용,남,31세,상해없음,승용,남,57세,중상
2020060100100064,2020년 6월 1일 07시,월요일,강원도 원주시 우산동,경상사고,0,0,1,0,차대차 - 측면충돌,교차로운행방법위반,건조,맑음,교차로 - 교차로안,승용,여,44세,상해없음,승용,남,53세,경상