사고번호,사고일시,요일,시군구,사고내용,사망자수,중상자수,경상자수,부상신고자수,사고유형,법규위반,노면상태,기상상태,도로형태,가해운전자 차종,가해운전자 성별,가해운전자 연령,가해운전자 상해정도,피해운전자 차종,피해운전자 성별,피해운전자 연령,피해운전자 상해정도
2020060100100065,2020년 6월 1일 07시,월요일,강원도 태백시 황지동,경상사고,0,0,1,0,차대차 - 측면충돌,신호위반,건조,맑음,교차로 - 교차로안,승용,남,34세,상해없음,승용,남,65세,경상
2020060100100095,2020년 6월 1일 08시,월요일,강원도 춘천시 후평동,부상신고사고,0,0,0,1,차대차 - 기타,안전운전불이행,건조,맑음,교차로 - 교차로안,건설기계,남,43세,상해없음,승용,남,58세,부상신고
2020060100100096,2020년 6월 1일 08시,월요일,강원도 원주시 무실동,경상사고,0,0,1,0,차대차 - 기타,교차로운행방법위반,건조,맑음,단일로 - 기타,승용,여,42세,상해없음,승용,여,61세,경상
2020060100100097,2020년 6월 1일 08시,월요일,강원도 속초시 청호동,중상사고,0,1,1,0,차대사람 - 횡단중,안전운전불이행,건조,맑음,교차로 - 교차로횡단보도내,승용,여,29세,상해없음,보행자,여,45세,중상
2020060100100137,2020년 6월 1일 09시,월요일,강원도 원주시 일산동,경상사고,0,0,1,0,차대차 - 측면충돌,교차로운행방법위반,건조,맑음,교차로 - 교차로부근,원동기,남,90세,경상,승용,남,71세,상해없음
2020060100100174,2020년 6월 1일 10시,월요일,강원도 평창군 평창읍,중상사고,0,2,0,0,차대차 - 기타,교차로운행방법위반,건조,맑음,교차로 - 교차로부근,이륜,남,75세,중상,승용,남,28세,상해없음
2020060100100214,2020년 6월 1일 11시,월요일,강원도 강릉시 교동,경상사고,0,0,1,0,차대차 - 측면충돌,안전운전불이행,건조,맑음,교차로 - 교차로안,승용,여,37세,상해없음,화물,남,40세,경상
2020060100100215,2020년 6월 1일 11시,월요일,강원도 원주시 단구동,중상사고,0,1,0,0,차대사람 - 횡단중,보행자보호의무위반,건조,맑음,교차로 - 교차로횡단보도내,승합,남,59세,상해없음,보행자,여,73세,중상
2020060100100252,2020년 6월 1일 12시,월요일,강원도 춘천시 석사동,경상사고,0,0,2,0,차대차 - 측면충돌,안전거리미확보,건조,맑음,교차로 - 교차로안,승용,남,45세,상해없음,승합,남,64세,경상
2020060100100253,2020년 6월 1일 12시,월요일,강원도 춘천시 남산면,부상신고사고,0,0,0,1,차량단독 - 기타,안전운전불이행,건조,맑음,단일로 - 기타,사륜오토바이(ATV),남,42세,상해없음,,,,
2020060100100254,2020년 6월 1일 12시,월요일,강원도 원주시 단구동,중상사고,0,1,0,0,차대사람 - 횡단중,보행자보호의무위반,건조,맑음,교차로 - 교차로횡단보도내,승용,남,74세,상해없음,보행자,여,54세,중상
2020060100100298,2020년 6월 1일 13시,월요일,강원도 춘천시 소양로4가,경상사고,0,0,1,0,차대차 - 기타,안전운전불이행,건조,맑음,단일로 - 기타,승용,여,52세,상해없음,승용,남,59세,경상
2020060100100299,2020년 6월 1일 13시,월요일,강원도 원주시 호저면,경상사고,0,0,1,0,차대차 - 추돌,안전거리미확보,건조,맑음,단일로 - 기타,승용,남,33세,상해없음,승합,여,33세,경상
2020060100100346,2020년 6월 1일 14시,월요일,강원도 삼척시 근덕면,경상사고,0,0,1,0,차대차 - 측면충돌,직진우회전진행방해,건조,맑음,교차로 - 교차로부근,승용,남,76세,상해없음,이륜,남,48세,경상
2020060100100347,2020년 6월 1일 14시,월요일,강원도 화천군 사내면,중상사고,0,1,5,0,차대차 - 추돌,안전거리미확보,건조,맑음,단일로 - 기타,승용,여,59세,상해없음,승용,남,27세,경상
2020060100100391,2020년 6월 1일 15시,월요일,강원도 춘천시 남산면,경상사고,0,0,1,0,차대차 - 기타,신호위반,건조,맑음,교차로 - 교차로안,승용,여,48세,상해없음,승합,남,39세,경상
2020060100100392,2020년 6월 1일 15시,월요일,강원도 양구군 양구읍,중상사고,0,1,0,0,차대차 - 측면충돌,안전거리미확보,건조,맑음,단일로 - 기타,이륜,남,77세,중상,승용,여,41세,상해없음
2020060100100452,2020년 6월 1일 16시,월요일,강원도 속초시 청호동,경상사고,0,0,3,0,차대차 - 후진중충돌,안전운전불이행,건조,맑음,주차장 - 주차장,승용,여,42세,상해없음,화물,남,53세,경상
2020060100100567,2020년 6월 1일 18시,월요일,강원도 강릉시 연곡면,경상사고,0,0,1,0,차대차 - 측면충돌,안전운전불이행,건조,맑음,단일로 - 기타,승합,남,68세,상해없음,자전거,남,48세,경상
2020060100100568,2020년 6월 1일 18시,월요일,강원도 횡성군 횡성읍,경상사고,0,0,1,0,차대차 - 측면충돌,안전운전불이행,건조,맑음,교차로 - 교차로안,승용,남,37세,상해없음,승용,남,49세,경상
2020060100100696,2020년 6월 1일 22시,월요일,강원도 원주시 단구동,경상사고,0,0,1,0,차대차 - 측면충돌,교차로운행방법위반,건조,맑음,교차로 - 교차로안,승용,남,19세,상해없음,자전거,남,41세,경상
2020060100100697,2020년 6월 1일 22시,월요일,강원도 원주시 무실동,사망사고,1,1,2,0,차대차 - 기타,과속,건조,맑음,단일로 - 기타,승용,남,20세,상해없음,화물,기타불명,미분류,기타불명
2020060100100728,2020년 6월 1일 23시,월요일,강원도 속초시 교동,중상사고,0,1,0,0,차대사람 - 기타,안전운전불이행,건조,맑음,교차로 - 교차로부근,승용,남,48세,상해없음,보행자,남,35세,중상
2020060200100139,2020년 6월 2일 09시,화요일,강원도 고성군 거진읍,경상사고,0,0,1,0,차대차 - 추돌,안전운전불이행,건조,맑음,교차로 - 교차로부근,승용,여,47세,상해없음,승용,여,56세,경상
2020060200100198,2020년 6월 2일 11시,화요일,강원도 춘천시 우두동,경상사고,0,0,2,0,차대차 - 기타,중앙선침범,건조,맑음,단일로 - 기타,화물,남,65세,상해없음,승용,여,24세,경상
2020060200100250,2020년 6월 2일 12시,화요일,강원도 태백시 철암동,중상사고,0,1,1,0,차대차 - 정면충돌,중앙선침범,건조,맑음,단일로 - 기타,승용,여,52세,중상,건설기계,남,48세,경상
2020060200100251,2020년 6월 2일 12시,화요일,강원도 동해시 효가동,중상사고,0,1,0,0,차대차 - 측면충돌,직진우회전진행방해,건조,맑음,교차로 - 교차로안,승용,여,56세,상해없음,이륜,남,55세,중상
2020060200100293,2020년 6월 2일 13시,화요일,강원도 춘천시 송암동,중상사고,0,1,0,0,차대차 - 기타,안전거리미확보,건조,맑음,단일로 - 기타,승용,여,49세,상해없음,승용,남,33세,중상
2020060200100330,2020년 6월 2일 14시,화요일,강원도 원주시 학성동,경상사고,0,0,1,1,차대차 - 추돌,안전거리미확보,건조,맑음,단일로 - 기타,이륜,남,67세,부상신고,승용,여,33세,경상
2020060200100331,2020년 6월 2일 14시,화요일,강원도 속초시 청학동,경상사고,0,0,1,0,차대차 - 후진중충돌,안전운전불이행,건조,맑음,교차로 - 교차로부근,승용,남,66세,상해없음,화물,남,40세,경상
2020060200100332,2020년 6월 2일 14시,화요일,강원도 삼척시 우지동,중상사고,0,1,2,0,차대차 - 측면충돌,안전거리미확보,건조,맑음,단일로 - 지하차도(도로)내,건설기계,남,67세,상해없음,승용,여,50세,경상
2020060200100368,2020년 6월 2일 15시,화요일,강원도 강릉시 교동,경상사고,0,0,1,0,차대차 - 측면충돌,중앙선침범,건조,맑음,교차로 - 교차로부근,승용,남,42세,상해없음,이륜,남,25세,경상
2020060200100369,2020년 6월 2일 15시,화요일,강원도 강릉시 홍제동,경상사고,0,0,4,0,차대차 - 측면충돌,신호위반,건조,맑음,교차로 - 교차로안,승용,남,49세,상해없음,승용,남,59세,경상
2020060200100447,2020년 6월 2일 17시,화요일,강원도 강릉시 죽헌동,중상사고,0,1,0,0,차대차 - 측면충돌,안전운전불이행,건조,맑음,교차로 - 교차로안,이륜,남,51세,중상,승용,남,48세,상해없음
2020060200100448,2020년 6월 2일 17시,화요일,강원도 평창군 평창읍,중상사고,0,1,0,0,차대차 - 측면충돌,안전운전불이행,건조,맑음,교차로 - 교차로안,화물,남,65세,상해없음,이륜,남,73세,중상
2020060200100449,2020년 6월 2일 17시,화요일,강원도 횡성군 강림면,경상사고,0,0,1,0,차대차 - 정면충돌,중앙선침범,건조,맑음,단일로 - 기타,승합,남,58세,상해없음,승용,남,30세,경상
2020060200100483,2020년 6월 2일 18시,화요일,강원도 원주시 단계동,경상사고,0,0,1,0,차대사람 - 횡단중,보행자보호의무위반,건조,맑음,교차로 - 교차로횡단보도내,화물,남,57세,상해없음,보행자,여,54세,경상
2020060200100484,2020년 6월 2일 18시,화요일,강원도 원주시 단계동,경상사고,0,0,3,0,차대차 - 기타,안전거리미확보,건조,맑음,단일로 - 기타,화물,남,24세,상해없음,승용,남,37세,경상
2020060200100545,2020년 6월 2일 20시,화요일,강원도 원주시 개운동,경상사고,0,0,1,0,차대차 - 추돌,안전운전불이행,건조,맑음,교차로 - 교차로부근,승용,여,55세,상해없음,승용,남,29세,경상
2020060200100568,2020년 6월 2일 21시,화요일,강원도 강릉시 교동,경상사고,0,0,1,0,차대차 - 기타,안전운전불이행,건조,맑음,교차로 - 교차로안,승용,남,19세,상해없음,승용,여,55세,경상
2020060200100569,2020년 6월 2일 21시,화요일,강원도 원주시 무실동,경상사고,0,0,2,0,차대차 - 정면충돌,중앙선침범,건조,맑음,교차로 - 교차로부근,승용,여,47세,상해없음,승용,여,64세,경상
2020060200100594,2020년 6월 2일 22시,화요일,강원도 춘천시 석사동,중상사고,0,1,0,0,차대차 - 후진중충돌,안전운전불이행,건조,맑음,단일로 - 기타,화물,남,50세,상해없음,승용,여,39세,중상
2020060200100595,2020년 6월 2일 22시,화요일,강원도 원주시 지정면,중상사고,0,1,0,0,차대사람 - 횡단중,안전운전불이행,건조,맑음,단일로 - 기타,승용,남,33세,상해없음,보행자,남,41세,중상
2020060200100613,2020년 6월 2일 23시,화요일,강원도 춘천시 효자동,경상사고,0,0,1,0,차대사람 - 기타,안전운전불이행,건조,맑음,교차로 - 교차로부근,승용,남,36세,상해없음,보행자,남,24세,경상
2020060300100006,2020년 6월 3일 00시,수요일,강원도 원주시 단계동,경상사고,0,0,1,0,차대차 - 추돌,안전운전불이행,젖음/습기,비,단일로 - 기타,승용,남,28세,상해없음,승용,남,63세,경상
2020060300100090,2020년 6월 3일 08시,수요일,강원도 춘천시 동내면,경상사고,0,0,6,0,차대차 - 추돌,안전운전불이행,건조,맑음,단일로 - 기타,화물,남,24세,상해없음,승용,남,29세,경상
2020060300100152,2020년 6월 3일 10시,수요일,강원도 원주시 무실동,경상사고,0,0,2,0,차대차 - 측면충돌,차로위반,건조,맑음,교차로 - 교차로안,승용,여,45세,상해없음,승용,남,33세,경상
2020060300100153,2020년 6월 3일 10시,수요일,강원도 화천군 화천읍,중상사고,0,1,0,0,차대사람 - 횡단중,안전운전불이행,건조,맑음,단일로 - 기타,특수,남,53세,상해없음,보행자,여,84세,중상
2020060300100189,2020년 6월 3일 11시,수요일,강원도 홍천군 화촌면,경상사고,0,0,1,0,차대차 - 측면충돌,차로위반,건조,맑음,단일로 - 지하차도(도로)내,화물,남,75세,상해없음,승용,남,68세,경상
2020060300100190,2020년 6월 3일 11시,수요일,강원도 홍천군 홍천읍,경상사고,0,0,1,0,차대차 - 후진중충돌,안전운전불이행,건조,맑음,교차로 - 교차로부근,승용,남,76세,상해없음,승용,남,29세,경상
2020060300100220,2020년 6월 3일 12시,수요일,강원도 원주시 단구동,경상사고,0,0,1,0,차대차 - 측면충돌,안전운전불이행,건조,맑음,단일로 - 기타,승용,남,30세,상해없음,이륜,남,22세,경상
2020060300100248,2020년 6월 3일 13시,수요일,강원도 강릉시 성남동,중상사고,0,1,1,0,차대차 - 측면충돌,안전운전불이행,건조,맑음,교차로 - 교차로안,승용,남,86세,상해없음,승용,남,60세,상해없음
2020060300100285,2020년 6월 3일 14시,수요일,강원도 원주시 무실동,경상사고,0,0,1,0,차대차 - 기타,안전운전불이행,기타,맑음,기타 - 기타,승용,남,24세,상해없음,자전거,남,8세,경상
2020060300100286,2020년 6월 3일 14시,수요일,강원도 영월군 남면,중상사고,0,1,0,0,차대차 - 측면충돌,안전운전불이행,건조,맑음,단일로 - 기타,건설기계,남,45세,상해없음,화물,남,37세,중상
2020060300100327,2020년 6월 3일 15시,수요일,강원도 영월군 주천면,부상신고사고,0,0,0,1,차대차 - 측면충돌,안전운전불이행,건조,맑음,단일로 - 지하차도(도로)내,화물,남,61세,부상신고,화물,남,60세,상해없음
2020060300100412,2020년 6월 3일 17시,수요일,강원도 춘천시 후평동,경상사고,0,0,1,0,차대차 - 기타,신호위반,건조,맑음,교차로 - 교차로안,승용,여,49세,상해없음,승용,여,29세,경상
2020060300100413,2020년 6월 3일 17시,수요일,강원도 홍천군 동면,경상사고,0,0,3,0,차대차 - 측면충돌,직진우회전진행방해,건조,맑음,교차로 - 교차로안,화물,남,55세,상해없음,승용,남,55세,경상
2020060300100472,2020년 6월 3일 18시,수요일,강원도 춘천시 효자동,경상사고,0,0,6,0,차대차 - 측면충돌,기타,건조,맑음,교차로 - 교차로안,승용,남,19세,경상,승용,여,39세,경상
2020060300100473,2020년 6월 3일 18시,수요일,강원도 춘천시 석사동,경상사고,0,0,3,0,차대차 - 추돌,교차로운행방법위반,건조,맑음,교차로 - 교차로안,승용,남,27세,상해없음,승용,남,64세,경상
2020060300100474,2020년 6월 3일 18시,수요일,강원도 강릉시 입암동,중상사고,0,1,0,0,차대사람 - 횡단중,안전운전불이행,건조,맑음,단일로 - 기타,승용,남,48세,상해없음,보행자,여,58세,중상
2020060300100475,2020년 6월 3일 18시,수요일,강원도 원주시 단구동,중상사고,0,1,3,0,차대차 - 기타,기타,건조,맑음,교차로 - 교차로안,승용,남,52세,상해없음,이륜,남,58세,중상
2020060300100476,2020년 6월 3일 18시,수요일,강원도 원주시 무실동,경상사고,0,0,1,0,차대차 - 기타,교차로운행방법위반,건조,맑음,교차로 - 교차로안,승용,남,65세,상해없음,승용,여,25세,경상
2020060300100548,2020년 6월 3일 20시,수요일,강원도 춘천시 퇴계동,경상사고,0,0,1,0,차대차 - 기타,안전거리미확보,건조,맑음,단일로 - 기타,승용,남,69세,상해없음,이륜,남,46세,경상
2020060300100575,2020년 6월 3일 21시,수요일,강원도 원주시 지정면,중상사고,0,1,0,0,차대차 - 기타,안전운전불이행,건조,맑음,단일로 - 기타,승용,남,54세,상해없음,이륜,남,37세,중상
2020060300100595,2020년 6월 3일 22시,수요일,강원도 춘천시 동내면,경상사고,0,0,1,1,차대차 - 기타,신호위반,건조,맑음,교차로 - 교차로안,승용,여,22세,부상신고,승용,남,57세,상해없음
2020060300100596,2020년 6월 3일 22시,수요일,강원도 춘천시 삼천동,중상사고,0,1,1,0,차대차 - 정면충돌,중앙선침범,건조,맑음,단일로 - 기타,승용,남,49세,상해없음,승용,남,26세,경상
2020060300100617,2020년 6월 3일 23시,수요일,강원도 강릉시 홍제동,경상사고,0,0,3,0,차대차 - 측면충돌,안전운전불이행,건조,맑음,교차로 - 교차로안,승용,남,61세,상해없음,승용,남,59세,상해없음
2020060400100023,2020년 6월 4일 01시,목요일,강원도 철원군 갈말읍,경상사고,0,0,1,0,차대차 - 측면충돌,신호위반,건조,맑음,교차로 - 교차로안,승용,남,27세,기타불명,화물,남,61세,경상
2020060400100038,2020년 6월 4일 04시,목요일,강원도 인제군 북면,중상사고,0,2,0,0,차대차 - 추돌,안전운전불이행,건조,맑음,단일로 - 기타,화물,남,61세,상해없음,승용,남,53세,중상
2020060400100053,2020년 6월 4일 06시,목요일,강원도 화천군 상서면,경상사고,0,0,1,0,차대차 - 정면충돌,안전운전불이행,건조,맑음,교차로 - 교차로안,화물,남,73세,상해없음,화물,남,43세,상해없음
2020060400100094,2020년 6월 4일 08시,목요일,강원도 강릉시 왕산면,중상사고,0,1,1,0,차대차 - 측면충돌,안전운전불이행,건조,맑음,단일로 - 기타,승용,남,36세,상해없음,승용,남,76세,경상
2020060400100154,2020년 6월 4일 10시,목요일,강원도 춘천시 효자동,경상사고,0,0,1,0,차대차 - 추돌,안전운전불이행,건조,맑음,교차로 - 교차로안,승용,여,59세,상해없음,이륜,남,36세,경상
2020060400100155,2020년 6월 4일 10시,목요일,강원도 춘천시 신동면,경상사고,0,0,1,0,차대차 - 측면충돌,교차로운행방법위반,건조,맑음,교차로 - 교차로안,승용,남,32세,상해없음,승용,여,39세,경상
2020060400100181,2020년 6월 4일 11시,목요일,강원도 횡성군 우천면,경상사고,0,0,1,0,차대차 - 측면충돌,안전운전불이행,건조,맑음,교차로 - 교차로안,승합,남,59세,상해없음,승용,여,54세,경상
2020060400100218,2020년 6월 4일 12시,목요일,강원도 춘천시 동내면,부상신고사고,0,0,0,1,차대차 - 기타,신호위반,건조,맑음,교차로 - 교차로안,승용,남,63세,상해없음,승용,남,41세,상해없음
2020060400100219,2020년 6월 4일 12시,목요일,강원도 원주시 학성동,경상사고,0,0,1,0,차대차 - 측면충돌,안전거리미확보,건조,맑음,기타 - 기타,화물,남,55세,상해없음,승용,여,48세,경상
2020060400100220,2020년 6월 4일 12시,목요일,강원도 양구군 양구읍,중상사고,0,1,0,0,차대차 - 측면충돌,직진우회전진행방해,건조,맑음,교차로 - 교차로안,승합,여,40세,상해없음,원동기,남,78세,중상
2020060400100260,2020년 6월 4일 13시,목요일,강원도 춘천시 후평동,경상사고,0,0,1,0,차대사람 - 횡단중,안전운전불이행,건조,맑음,단일로 - 기타,화물,남,55세,상해없음,보행자,남,9세,경상
2020060400100261,2020년 6월 4일 13시,목요일,강원도 홍천군 홍천읍,경상사고,0,0,1,0,차대차 - 측면충돌,안전운전불이행,건조,맑음,단일로 - 지하차도(도로)내,승용,남,54세,상해없음,개인형이동수단(PM),여,24세,경상
2020060400100298,2020년 6월 4일 14시,목요일,강원도 원주시 평원동,경상사고,0,0,1,0,차대차 - 측면충돌,안전운전불이행,건조,맑음,교차로 - 교차로안,승용,여,59세,상해없음,승용,남,53세,경상
2020060400100299,2020년 6월 4일 14시,목요일,강원도 동해시 발한동,경상사고,0,0,1,0,차대사람 - 횡단중,보행자보호의무위반,건조,맑음,단일로 - 기타,승용,남,62세,상해없음,보행자,남,63세,경상
2020060400100342,2020년 6월 4일 15시,목요일,강원도 횡성군 횡성읍,경상사고,0,0,2,0,차대차 - 측면충돌,안전운전불이행,건조,맑음,교차로 - 교차로안,승용,남,68세,경상,승용,여,59세,경상
2020060400100383,2020년 6월 4일 16시,목요일,강원도 강릉시 홍제동,경상사고,0,0,1,0,차대차 - 측면충돌,안전운전불이행,건조,맑음,교차로 - 교차로부근,승용,남,60세,상해없음,승용,여,59세,경상
2020060400100384,2020년 6월 4일 16시,목요일,강원도 원주시 단계동,경상사고,0,0,1,0,차대차 - 기타,중앙선침범,건조,맑음,교차로 - 교차로부근,승용,남,35세,상해없음,이륜,남,27세,경상
2020060400100385,2020년 6월 4일 16시,목요일,강원도 홍천군 화촌면,경상사고,0,0,1,0,차대차 - 측면충돌,안전거리미확보,건조,맑음,단일로 - 지하차도(도로)내,승용,남,68세,상해없음,자전거,남,28세,경상
2020060400100386,2020년 6월 4일 16시,목요일,강원도 철원군 갈말읍,중상사고,0,1,0,0,차대차 - 정면충돌,교차로운행방법위반,건조,맑음,교차로 - 교차로안,건설기계,남,59세,상해없음,승용,여,49세,중상
2020060400100387,2020년 6월 4일 16시,목요일,강원도 홍천군 북방면,중상사고,0,1,0,0,차대사람 - 기타,안전운전불이행,건조,기타,주차장 - 주차장,승용,남,64세,상해없음,보행자,남,46세,중상
2020060400100526,2020년 6월 4일 19시,목요일,강원도 원주시 개운동,경상사고,0,0,1,1,차대차 - 측면충돌,교차로운행방법위반,건조,맑음,교차로 - 교차로안,승용,남,72세,부상신고,화물,여,37세,경상
2020060400100559,2020년 6월 4일 20시,목요일,강원도 춘천시 퇴계동,경상사고,0,0,1,0,차대차 - 측면충돌,신호위반,건조,맑음,교차로 - 교차로안,개인형이동수단(PM),여,17세,경상,승용,남,63세,상해없음
2020060500100009,2020년 6월 5일 00시,금요일,강원도 원주시 명륜동,경상사고,0,0,1,0,차대차 - 추돌,안전운전불이행,건조,맑음,단일로 - 기타,승용,여,31세,상해없음,이륜,남,56세,경상
2020060500100025,2020년 6월 5일 01시,금요일,강원도 원주시 단구동,중상사고,0,1,5,0,차대차 - 측면충돌,교차로운행방법위반,건조,맑음,교차로 - 교차로안,승용,남,54세,상해없음,승용,여,56세,경상
2020060500100083,2020년 6월 5일 07시,금요일,강원도 횡성군 횡성읍,경상사고,0,0,1,0,차량단독 - 공작물충돌,안전운전불이행,건조,맑음,단일로 - 기타,화물,남,49세,경상,,,,
2020060500100110,2020년 6월 5일 08시,금요일,강원도 춘천시 후평동,경상사고,0,0,1,0,차대사람 - 횡단중,보행자보호의무위반,건조,맑음,교차로 - 교차로횡단보도내,화물,남,71세,상해없음,보행자,남,23세,경상
2020060500100111,2020년 6월 5일 08시,금요일,강원도 원주시 단계동,중상사고,0,1,0,0,차대사람 - 횡단중,보행자보호의무위반,건조,맑음,교차로 - 교차로횡단보도내,승용,남,54세,상해없음,보행자,여,40세,중상
2020060500100112,2020년 6월 5일 08시,금요일,강원도 속초시 조양동,경상사고,0,0,1,0,차대차 - 추돌,안전운전불이행,건조,맑음,교차로 - 교차로안,승용,여,36세,상해없음,승용,남,47세,경상
2020060500100113,2020년 6월 5일 08시,금요일,강원도 동해시 쇄운동,중상사고,0,1,0,0,차대사람 - 횡단중,보행자보호의무위반,건조,맑음,단일로 - 기타,화물,남,46세,상해없음,보행자,여,73세,중상
2020060500100150,2020년 6월 5일 09시,금요일,강원도 양양군 강현면,경상사고,0,0,1,0,차대차 - 추돌,안전운전불이행,건조,맑음,교차로 - 교차로부근,화물,남,78세,상해없음,승용,여,57세,경상
2020060500100169,2020년 6월 5일 10시,금요일,강원도 삼척시 원덕읍,중상사고,0,1,0,0,차대사람 - 차도통행중,안전운전불이행,기타,맑음,단일로 - 기타,승용,여,66세,상해없음,보행자,여,76세,중상
2020060500100170,2020년 6월 5일 10시,금요일,강원도 홍천군 홍천읍,경상사고,0,0,1,0,차대차 - 후진중충돌,안전운전불이행,건조,맑음,단일로 - 지하차도(도로)내,화물,남,63세,상해없음,승용,여,57세,경상
2020060500100204,2020년 6월 5일 11시,금요일,강원도 춘천시 근화동,중상사고,0,1,0,0,차대차 - 측면충돌,기타,건조,맑음,단일로 - 기타,자전거,남,53세,중상,화물,남,41세,상해없음
2020060500100205,2020년 6월 5일 11시,금요일,강원도 속초시 교동,경상사고,0,0,2,0,차대차 - 추돌,안전운전불이행,건조,맑음,교차로 - 교차로부근,화물,남,36세,상해없음,승용,남,62세,경상
2020060500100206,2020년 6월 5일 11시,금요일,강원도 영월군 영월읍,중상사고,0,1,0,0,차대사람 - 기타,안전운전불이행,건조,맑음,단일로 - 기타,승용,남,73세,상해없음,보행자,남,42세,중상
2020060500100207,2020년 6월 5일 11시,금요일,강원도 철원군 갈말읍,경상사고,0,0,1,0,차대사람 - 기타,안전운전불이행,건조,맑음,단일로 - 기타,승용,남,55세,상해없음,보행자,남,57세,경상
2020060500100382,2020년 6월 5일 15시,금요일,강원도 홍천군 남면,중상사고,0,2,0,0,차대차 - 측면충돌,직진우회전진행방해,건조,맑음,교차로 - 교차로안,승용,남,45세,상해없음,승용,여,70세,중상
2020060500100428,2020년 6월 5일 16시,금요일,강원도 춘천시 퇴계동,경상사고,0,0,1,0,차대차 - 기타,신호위반,건조,맑음,교차로 - 교차로횡단보도내,승용,여,24세,상해없음,자전거,여,11세,경상
2020060500100429,2020년 6월 5일 16시,금요일,강원도 홍천군 서석면,중상사고,0,1,0,1,차대차 - 정면충돌,중앙선침범,건조,맑음,단일로 - 지하차도(도로)내,승용,남,71세,부상신고,승용,여,54세,중상
2020060500100469,2020년 6월 5일 17시,금요일,강원도 횡성군 청일면,경상사고,0,0,1,0,차대차 - 후진중충돌,안전운전불이행,건조,맑음,단일로 - 기타,화물,남,56세,상해없음,승용,남,52세,경상
2020060500100470,2020년 6월 5일 17시,금요일,강원도 동해시 송정동,경상사고,0,0,1,0,차대차 - 측면충돌,안전거리미확보,건조,맑음,교차로 - 교차로안,승용,여,48세,상해없음,승용,여,55세,경상
2020060500100564,2020년 6월 5일 19시,금요일,강원도 강릉시 교동,경상사고,0,0,1,0,차대사람 - 기타,보행자보호의무위반,건조,맑음,교차로 - 교차로부근,승용,남,31세,상해없음,보행자,여,20세,경상
2020060500100606,2020년 6월 5일 20시,금요일,강원도 속초시 동명동,경상사고,0,0,1,0,차대차 - 측면충돌,안전운전불이행,건조,맑음,교차로 - 교차로안,화물,남,37세,상해없음,승용,여,62세,경상
2020060500100654,2020년 6월 5일 21시,금요일,강원도 춘천시 동면,경상사고,0,0,2,0,차대차 - 추돌,안전운전불이행,건조,맑음,단일로 - 기타,화물,남,53세,상해없음,승용,남,38세,경상
2020060500100655,2020년 6월 5일 21시,금요일,강원도 춘천시 후평동,경상사고,0,0,1,0,차대차 - 기타,안전거리미확보,건조,맑음,교차로 - 교차로부근,승용,여,23세,상해없음,승용,여,61세,경상
2020060500100682,2020년 6월 5일 22시,금요일,강원도 속초시 동명동,중상사고,0,1,2,0,차대차 - 추돌,안전운전불이행,건조,맑음,단일로 - 기타,승용,남,51세,상해없음,승용,남,32세,경상
2020060500100683,2020년 6월 5일 22시,금요일,강원도 횡성군 횡성읍,경상사고,0,0,1,0,차대차 - 측면충돌,안전운전불이행,건조,맑음,교차로 - 교차로안,이륜,남,18세,상해없음,승용,여,50세,경상
2020060600100009,2020년 6월 6일 00시,토요일,강원도 원주시 태장동,중상사고,0,3,0,0,차대차 - 추돌,안전거리미확보,건조,맑음,단일로 - 기타,승용,남,30세,상해없음,승용,남,55세,중상
2020060600100070,2020년 6월 6일 04시,토요일,강원도 동해시 구호동,중상사고,0,1,0,0,차량단독 - 공작물충돌,안전운전불이행,건조,맑음,단일로 - 기타,승용,남,27세,중상,,,,
2020060600100092,2020년 6월 6일 07시,토요일,강원도 횡성군 횡성읍,경상사고,0,0,1,0,차대차 - 측면충돌,안전운전불이행,건조,맑음,교차로 - 교차로안,승용,여,24세,경상,승용,남,50세,상해없음
2020060600100101,2020년 6월 6일 08시,토요일,강원도 춘천시 후평동,경상사고,0,0,1,0,차대차 - 측면충돌,안전운전불이행,건조,맑음,교차로 - 교차로안,승용,남,32세,상해없음,승용,여,42세,경상
2020060600100123,2020년 6월 6일 09시,토요일,강원도 춘천시 서면,경상사고,0,0,4,0,차대차 - 기타,차로위반,건조,맑음,단일로 - 기타,건설기계,남,48세,상해없음,승용,여,29세,경상
2020060600100182,2020년 6월 6일 11시,토요일,강원도 강릉시 성산면,경상사고,0,0,4,0,차대차 - 측면충돌,안전운전불이행,건조,맑음,교차로 - 교차로안,승용,남,25세,상해없음,승용,남,49세,경상
2020060600100219,2020년 6월 6일 12시,토요일,강원도 강릉시 주문진읍,경상사고,0,0,1,0,차대차 - 정면충돌,중앙선침범,건조,맑음,단일로 - 기타,승용,남,63세,상해없음,이륜,남,50세,경상
2020060600100220,2020년 6월 6일 12시,토요일,강원도 강릉시 입암동,경상사고,0,0,2,0,차대차 - 측면충돌,안전운전불이행,건조,맑음,교차로 - 교차로부근,승용,남,64세,상해없음,승용,남,63세,경상
2020060600100221,2020년 6월 6일 12시,토요일,강원도 화천군 사내면,경상사고,0,0,2,0,차대차 - 측면충돌,안전운전불이행,건조,맑음,단일로 - 기타,승용,남,42세,상해없음,승용,여,28세,경상
2020060600100222,2020년 6월 6일 12시,토요일,강원도 홍천군 서면,경상사고,0,0,1,1,차대차 - 추돌,안전거리미확보,건조,기타,단일로 - 기타,승용,남,24세,상해없음,승용,남,41세,경상