사고번호,사고일시,요일,시군구,사고내용,사망자수,중상자수,경상자수,부상신고자수,사고유형,법규위반,노면상태,기상상태,도로형태,가해운전자 차종,가해운전자 성별,가해운전자 연령,가해운전자 상해정도,피해운전자 차종,피해운전자 성별,피해운전자 연령,피해운전자 상해정도
2020061100100092,2020년 6월 11일 07시,목요일,강원도 춘천시 중앙로3가,경상사고,0,0,4,0,차대차 - 측면충돌,신호위반,건조,맑음,교차로 - 교차로안,승합,남,49세,상해없음,승용,남,35세,경상
2020061100100119,2020년 6월 11일 08시,목요일,강원도 춘천시 석사동,중상사고,0,1,0,0,차대차 - 측면충돌,중앙선침범,건조,맑음,교차로 - 교차로안,자전거,여,74세,중상,승용,여,46세,상해없음
2020061100100120,2020년 6월 11일 08시,목요일,강원도 홍천군 남면,경상사고,0,0,2,0,차대차 - 측면충돌,직진우회전진행방해,건조,맑음,교차로 - 교차로안,화물,남,57세,경상,승합,여,41세,경상
2020061100100121,2020년 6월 11일 08시,목요일,강원도 정선군 임계면,경상사고,0,0,1,0,차대사람 - 횡단중,안전운전불이행,건조,맑음,교차로 - 교차로안,승용,여,44세,상해없음,보행자,남,88세,경상
2020061100100122,2020년 6월 11일 08시,목요일,강원도 횡성군 횡성읍,경상사고,0,0,1,0,차대차 - 측면충돌,안전운전불이행,건조,맑음,단일로 - 기타,화물,남,75세,상해없음,승용,여,27세,경상
2020061100100123,2020년 6월 11일 08시,목요일,강원도 동해시 천곡동,경상사고,0,0,1,0,차대차 - 측면충돌,안전운전불이행,건조,맑음,교차로 - 교차로안,승용,남,39세,상해없음,승용,여,23세,경상
2020061100100185,2020년 6월 11일 10시,목요일,강원도 강릉시 노암동,경상사고,0,0,1,0,차대사람 - 길가장자리구역통행중,안전운전불이행,건조,맑음,교차로 - 교차로부근,승용,남,76세,상해없음,보행자,여,57세,경상
2020061100100213,2020년 6월 11일 11시,목요일,강원도 강릉시 난곡동,경상사고,0,0,3,0,차대차 - 측면충돌,안전운전불이행,건조,맑음,교차로 - 교차로안,승용,남,26세,상해없음,승용,남,50세,경상
2020061100100214,2020년 6월 11일 11시,목요일,강원도 원주시 학성동,경상사고,0,0,2,0,차대차 - 추돌,안전거리미확보,건조,맑음,교차로 - 교차로부근,승용,남,64세,상해없음,승용,여,47세,경상
2020061100100215,2020년 6월 11일 11시,목요일,강원도 동해시 평릉동,중상사고,0,1,0,0,차대사람 - 횡단중,보행자보호의무위반,건조,맑음,교차로 - 교차로안,화물,남,49세,상해없음,보행자,남,47세,중상
2020061100100327,2020년 6월 11일 14시,목요일,강원도 강릉시 주문진읍,경상사고,0,0,3,0,차대차 - 측면충돌,안전운전불이행,건조,맑음,단일로 - 기타,승용,여,66세,상해없음,화물,남,72세,경상
2020061100100328,2020년 6월 11일 14시,목요일,강원도 화천군 사내면,중상사고,0,1,2,0,차량단독 - 공작물충돌,안전운전불이행,건조,맑음,단일로 - 기타,승용,남,18세,상해없음,,,,
2020061100100329,2020년 6월 11일 14시,목요일,강원도 양구군 남면,중상사고,0,1,0,0,차대차 - 기타,직진우회전진행방해,건조,맑음,교차로 - 교차로안,승용,남,55세,상해없음,자전거,남,77세,중상
2020061100100330,2020년 6월 11일 14시,목요일,강원도 동해시 쇄운동,경상사고,0,0,1,0,차대차 - 측면충돌,안전운전불이행,건조,맑음,교차로 - 교차로안,승용,남,73세,상해없음,자전거,남,9세,경상
2020061100100364,2020년 6월 11일 15시,목요일,강원도 춘천시 후평동,경상사고,0,0,2,0,차대차 - 측면충돌,안전운전불이행,건조,맑음,교차로 - 교차로안,화물,남,46세,상해없음,승용,남,33세,경상
2020061100100365,2020년 6월 11일 15시,목요일,강원도 원주시 단계동,경상사고,0,0,1,0,차대차 - 기타,안전운전불이행,건조,맑음,교차로 - 교차로부근,사륜오토바이(ATV),남,58세,경상,승용,남,23세,상해없음
2020061100100440,2020년 6월 11일 17시,목요일,강원도 춘천시 근화동,경상사고,0,0,1,0,차대차 - 측면충돌,신호위반,건조,맑음,교차로 - 교차로횡단보도내,화물,남,38세,상해없음,자전거,남,54세,경상
2020061100100441,2020년 6월 11일 17시,목요일,강원도 강릉시 청량동,중상사고,0,1,0,0,차대차 - 측면충돌,안전운전불이행,건조,맑음,교차로 - 교차로안,화물,남,61세,상해없음,승용,여,24세,중상
2020061100100442,2020년 6월 11일 17시,목요일,강원도 원주시 단계동,경상사고,0,0,2,0,차대차 - 추돌,신호위반,건조,맑음,교차로 - 교차로안,이륜,남,17세,경상,승용,여,25세,경상
2020061100100443,2020년 6월 11일 17시,목요일,강원도 원주시 명륜동,경상사고,0,0,2,0,차대차 - 기타,안전운전불이행,건조,맑음,교차로 - 교차로안,승용,남,21세,상해없음,승용,여,61세,경상
2020061100100444,2020년 6월 11일 17시,목요일,강원도 횡성군 횡성읍,경상사고,0,0,1,0,차대차 - 측면충돌,보행자보호의무위반,건조,맑음,교차로 - 교차로횡단보도내,화물,남,55세,상해없음,자전거,남,7세,경상
2020061100100496,2020년 6월 11일 18시,목요일,강원도 원주시 명륜동,경상사고,0,0,1,0,차대차 - 측면충돌,안전거리미확보,건조,맑음,단일로 - 기타,승용,남,68세,상해없음,승용,여,48세,경상
2020061100100524,2020년 6월 11일 19시,목요일,강원도 양양군 현북면,사망사고,1,0,0,0,차량단독 - 공작물충돌,기타,건조,맑음,단일로 - 기타,화물,남,23세,상해없음,,,,
2020061100100555,2020년 6월 11일 20시,목요일,강원도 원주시 단계동,경상사고,0,0,2,0,차대차 - 측면충돌,교차로운행방법위반,건조,맑음,교차로 - 교차로안,승용,남,75세,상해없음,승용,여,33세,경상
2020061200100005,2020년 6월 12일 00시,금요일,강원도 춘천시 석사동,경상사고,0,0,1,0,차대차 - 측면충돌,교차로운행방법위반,건조,맑음,교차로 - 교차로안,승용,남,30세,상해없음,승용,남,29세,경상
2020061200100006,2020년 6월 12일 00시,금요일,강원도 속초시 조양동,경상사고,0,0,3,0,차대차 - 추돌,안전운전불이행,건조,맑음,교차로 - 교차로안,승용,남,42세,상해없음,승용,여,46세,경상
2020061200100096,2020년 6월 12일 08시,금요일,강원도 원주시 호저면,중상사고,0,1,0,0,차대차 - 측면충돌,신호위반,건조,맑음,단일로 - 기타,화물,남,67세,상해없음,승용,여,60세,중상
2020061200100097,2020년 6월 12일 08시,금요일,강원도 삼척시 교동,경상사고,0,0,1,0,차대차 - 추돌,안전운전불이행,건조,맑음,단일로 - 기타,승용,남,69세,상해없음,승용,남,53세,경상
2020061200100142,2020년 6월 12일 09시,금요일,강원도 춘천시 중앙로2가,경상사고,0,0,1,0,차대차 - 측면충돌,교차로운행방법위반,건조,맑음,교차로 - 교차로부근,승용,여,56세,상해없음,승합,남,48세,경상
2020061200100179,2020년 6월 12일 10시,금요일,강원도 춘천시 효자동,경상사고,0,0,1,0,차대차 - 측면충돌,신호위반,건조,맑음,교차로 - 교차로안,승용,여,53세,상해없음,승합,남,49세,경상
2020061200100180,2020년 6월 12일 10시,금요일,강원도 춘천시 퇴계동,경상사고,0,0,1,0,차대차 - 추돌,안전운전불이행,건조,맑음,단일로 - 기타,승용,여,31세,상해없음,승용,남,38세,경상
2020061200100263,2020년 6월 12일 12시,금요일,강원도 강릉시 유천동,경상사고,0,0,2,0,차대차 - 추돌,안전운전불이행,건조,맑음,교차로 - 교차로부근,승용,여,27세,상해없음,승용,남,33세,경상
2020061200100264,2020년 6월 12일 12시,금요일,강원도 원주시 우산동,경상사고,0,0,1,0,차대차 - 측면충돌,안전운전불이행,건조,맑음,교차로 - 교차로안,승용,남,54세,상해없음,이륜,남,56세,경상
2020061200100265,2020년 6월 12일 12시,금요일,강원도 원주시 명륜동,경상사고,0,0,1,0,차대차 - 추돌,안전거리미확보,건조,맑음,단일로 - 기타,승용,남,69세,상해없음,승용,남,31세,경상
2020061200100334,2020년 6월 12일 14시,금요일,강원도 원주시 문막읍,경상사고,0,0,2,0,차대차 - 측면충돌,교차로운행방법위반,건조,맑음,교차로 - 교차로안,승용,여,36세,상해없음,승용,남,41세,경상
2020061200100369,2020년 6월 12일 15시,금요일,강원도 양양군 강현면,중상사고,0,2,0,0,차대차 - 측면충돌,신호위반,건조,맑음,교차로 - 교차로부근,승용,남,84세,상해없음,화물,남,74세,중상
2020061200100406,2020년 6월 12일 16시,금요일,강원도 강릉시 노암동,경상사고,0,0,1,0,차대차 - 추돌,안전운전불이행,건조,맑음,단일로 - 기타,승용,여,39세,상해없음,승용,여,36세,경상
2020061200100452,2020년 6월 12일 17시,금요일,강원도 춘천시 후평동,경상사고,0,0,2,0,차대차 - 추돌,안전거리미확보,건조,맑음,교차로 - 교차로안,승합,남,46세,상해없음,승용,남,46세,경상
2020061200100453,2020년 6월 12일 17시,금요일,강원도 원주시 중앙동,경상사고,0,0,1,0,차대차 - 기타,안전거리미확보,건조,맑음,단일로 - 기타,화물,남,62세,상해없음,승용,남,48세,상해없음
2020061200100454,2020년 6월 12일 17시,금요일,강원도 영월군 영월읍,경상사고,0,0,1,0,차대사람 - 횡단중,보행자보호의무위반,건조,맑음,교차로 - 교차로부근,승용,남,60세,상해없음,보행자,남,20세,경상
2020061200100455,2020년 6월 12일 17시,금요일,강원도 철원군 김화읍,중상사고,0,1,1,0,차대차 - 측면충돌,교차로운행방법위반,건조,맑음,교차로 - 교차로안,이륜,남,84세,경상,승용,남,27세,중상
2020061200100563,2020년 6월 12일 19시,금요일,강원도 원주시 명륜동,경상사고,0,0,1,0,차대차 - 측면충돌,신호위반,건조,맑음,교차로 - 교차로안,이륜,남,35세,상해없음,자전거,남,69세,경상
2020061200100564,2020년 6월 12일 19시,금요일,강원도 횡성군 서원면,경상사고,0,0,1,0,차대차 - 후진중충돌,안전운전불이행,건조,맑음,교차로 - 교차로안,화물,남,75세,상해없음,승용,여,51세,경상
2020061200100605,2020년 6월 12일 20시,금요일,강원도 춘천시 후평동,중상사고,0,1,2,0,차대차 - 기타,안전운전불이행,건조,맑음,교차로 - 교차로안,승용,남,33세,상해없음,승용,남,56세,경상
2020061200100684,2020년 6월 12일 22시,금요일,강원도 강릉시 교동,경상사고,0,0,1,0,차대차 - 기타,안전운전불이행,건조,맑음,교차로 - 교차로부근,승용,남,22세,상해없음,승용,남,52세,경상
2020061200100729,2020년 6월 12일 23시,금요일,강원도 강릉시 포남동,경상사고,0,0,1,0,차대사람 - 횡단중,안전운전불이행,건조,맑음,교차로 - 교차로횡단보도내,승용,남,23세,상해없음,보행자,여,14세,경상
2020061200100730,2020년 6월 12일 23시,금요일,강원도 원주시 태장동,경상사고,0,0,1,0,차대차 - 기타,직진우회전진행방해,건조,맑음,교차로 - 교차로안,승용,여,60세,상해없음,이륜,남,20세,경상
2020061300100013,2020년 6월 13일 00시,토요일,강원도 강릉시 주문진읍,경상사고,0,0,1,0,차대차 - 측면충돌,안전운전불이행,건조,맑음,교차로 - 교차로안,승용,남,42세,상해없음,승용,여,35세,경상
2020061300100014,2020년 6월 13일 00시,토요일,강원도 속초시 교동,중상사고,0,1,0,0,차대차 - 측면충돌,안전운전불이행,건조,맑음,단일로 - 지하차도(도로)내,승용,남,44세,상해없음,이륜,남,20세,중상
2020061300100099,2020년 6월 13일 06시,토요일,강원도 양양군 양양읍,중상사고,0,1,1,0,차대차 - 측면충돌,안전운전불이행,건조,맑음,단일로 - 지하차도(도로)내,승용,남,81세,상해없음,승용,여,27세,중상
2020061300100100,2020년 6월 13일 06시,토요일,강원도 영월군 주천면,중상사고,0,1,0,0,차량단독 - 도로외이탈 - 추락,안전운전불이행,건조,맑음,단일로 - 기타,승합,남,61세,상해없음,,,,
2020061300100155,2020년 6월 13일 09시,토요일,강원도 춘천시 온의동,경상사고,0,0,1,0,차대사람 - 기타,교차로운행방법위반,건조,맑음,교차로 - 교차로안,승용,남,66세,상해없음,보행자,여,68세,경상
2020061300100156,2020년 6월 13일 09시,토요일,강원도 강릉시 교동,경상사고,0,0,1,0,차대차 - 측면충돌,안전운전불이행,건조,맑음,교차로 - 교차로안,화물,남,39세,상해없음,승용,여,37세,경상
2020061300100157,2020년 6월 13일 09시,토요일,강원도 홍천군 홍천읍,경상사고,0,0,2,0,차대차 - 측면충돌,직진우회전진행방해,건조,맑음,교차로 - 교차로안,승용,남,64세,경상,승합,남,27세,경상
2020061300100158,2020년 6월 13일 09시,토요일,강원도 홍천군 서면,중상사고,0,1,0,0,차대사람 - 기타,안전운전불이행,건조,맑음,단일로 - 기타,승용,남,54세,상해없음,보행자,여,84세,중상
2020061300100184,2020년 6월 13일 10시,토요일,강원도 강릉시 포남동,중상사고,0,1,0,0,차대차 - 측면충돌,안전운전불이행,건조,맑음,단일로 - 기타,승용,여,57세,상해없음,승용,여,37세,중상
2020061300100185,2020년 6월 13일 10시,토요일,강원도 원주시 인동,경상사고,0,0,1,0,차대차 - 추돌,교차로운행방법위반,건조,맑음,교차로 - 교차로안,승용,여,66세,상해없음,승용,남,63세,상해없음
2020061300100186,2020년 6월 13일 10시,토요일,강원도 고성군 거진읍,중상사고,0,1,0,0,차대사람 - 기타,안전운전불이행,건조,맑음,교차로 - 교차로부근,승용,여,55세,상해없음,보행자,남,59세,중상
2020061300100215,2020년 6월 13일 11시,토요일,강원도 춘천시 근화동,경상사고,0,0,1,0,차대차 - 추돌,교차로운행방법위반,건조,맑음,교차로 - 교차로부근,건설기계,남,53세,상해없음,승용,여,54세,경상
2020061300100256,2020년 6월 13일 12시,토요일,강원도 춘천시 서면,중상사고,0,1,0,0,차대차 - 측면충돌,안전운전불이행,건조,맑음,단일로 - 기타,화물,남,69세,상해없음,자전거,남,35세,중상
2020061300100257,2020년 6월 13일 12시,토요일,강원도 삼척시 근덕면,경상사고,0,0,1,0,차대차 - 추돌,안전거리미확보,건조,맑음,단일로 - 기타,승용,남,31세,경상,승용,여,53세,상해없음
2020061300100332,2020년 6월 13일 14시,토요일,강원도 고성군 토성면,부상신고사고,0,0,0,1,차대차 - 기타,안전거리미확보,건조,맑음,단일로 - 기타,승용,남,71세,상해없음,승용,남,62세,부상신고
2020061300100371,2020년 6월 13일 15시,토요일,강원도 강릉시 성남동,중상사고,0,1,0,0,차대차 - 측면충돌,신호위반,건조,맑음,교차로 - 교차로안,승용,남,72세,상해없음,원동기,남,18세,중상
2020061300100372,2020년 6월 13일 15시,토요일,강원도 홍천군 내촌면,중상사고,0,1,3,0,차대차 - 추돌,안전운전불이행,건조,맑음,단일로 - 기타,승용,남,40세,상해없음,승용,남,34세,경상
2020061300100410,2020년 6월 13일 16시,토요일,강원도 강릉시 성산면,중상사고,0,1,2,0,차대차 - 측면충돌,중앙선침범,건조,맑음,단일로 - 기타,승용,남,69세,상해없음,승용,남,42세,경상
2020061300100412,2020년 6월 13일 16시,토요일,강원도 양양군 강현면,경상사고,0,0,1,0,차대사람 - 차도통행중,안전운전불이행,건조,맑음,기타 - 기타,승용,남,44세,상해없음,보행자,남,8세,경상
2020061300100413,2020년 6월 13일 16시,토요일,강원도 횡성군 안흥면,경상사고,0,0,4,0,차대차 - 측면충돌,안전운전불이행,건조,맑음,단일로 - 기타,승용,남,67세,상해없음,화물,남,50세,경상
2020061300100458,2020년 6월 13일 17시,토요일,강원도 원주시 단계동,중상사고,0,1,3,0,차대차 - 추돌,안전운전불이행,건조,맑음,교차로 - 교차로안,승용,남,53세,상해없음,승합,남,61세,상해없음
2020061300100459,2020년 6월 13일 17시,토요일,강원도 삼척시 원당동,경상사고,0,0,2,0,차대차 - 측면충돌,신호위반,건조,맑음,교차로 - 교차로안,승용,남,23세,상해없음,승용,여,43세,경상
2020061300100527,2020년 6월 13일 19시,토요일,강원도 강릉시 노암동,경상사고,0,0,2,0,차대차 - 측면충돌,신호위반,건조,맑음,교차로 - 교차로안,화물,남,63세,상해없음,승용,남,60세,경상
2020061300100570,2020년 6월 13일 20시,토요일,강원도 동해시 발한동,경상사고,0,0,1,0,차대차 - 측면충돌,신호위반,건조,맑음,교차로 - 교차로안,승용,여,36세,상해없음,화물,남,65세,경상
2020061300100601,2020년 6월 13일 21시,토요일,강원도 강릉시 강문동,경상사고,0,0,1,0,차대차 - 측면충돌,안전운전불이행,건조,맑음,교차로 - 교차로안,원동기,남,24세,상해없음,원동기,남,22세,경상
2020061300100639,2020년 6월 13일 22시,토요일,강원도 강릉시 안현동,경상사고,0,0,4,0,차대차 - 측면충돌,안전운전불이행,건조,맑음,교차로 - 교차로안,승용,남,46세,상해없음,승용,남,22세,경상
2020061400100028,2020년 6월 14일 01시,일요일,강원도 정선군 정선읍,경상사고,0,0,3,0,차대차 - 측면충돌,직진우회전진행방해,건조,맑음,교차로 - 교차로안,승용,여,26세,경상,승용,여,42세,경상
2020061400100100,2020년 6월 14일 08시,일요일,강원도 인제군 상남면,사망사고,1,0,1,0,차대차 - 측면충돌,안전운전불이행,건조,맑음,단일로 - 터널,승용,남,35세,상해없음,승용,여,29세,사망
2020061400100127,2020년 6월 14일 10시,일요일,강원도 춘천시 동면,경상사고,0,0,2,0,차대차 - 기타,신호위반,건조,맑음,교차로 - 교차로안,승용,남,62세,상해없음,승용,여,48세,경상
2020061400100152,2020년 6월 14일 11시,일요일,강원도 원주시 관설동,중상사고,0,1,0,0,차대차 - 추돌,안전운전불이행,건조,맑음,교차로 - 교차로안,승용,남,31세,상해없음,승용,여,68세,중상
2020061400100236,2020년 6월 14일 14시,일요일,강원도 화천군 사내면,경상사고,0,0,1,0,차대차 - 후진중충돌,안전운전불이행,건조,맑음,기타 - 기타,화물,남,58세,상해없음,승용,남,67세,경상
2020061400100237,2020년 6월 14일 14시,일요일,강원도 횡성군 갑천면,경상사고,0,0,1,0,차대차 - 추돌,안전운전불이행,건조,흐림,기타 - 기타,승용,여,51세,상해없음,이륜,여,67세,경상
2020061400100278,2020년 6월 14일 15시,일요일,강원도 속초시 금호동,경상사고,0,0,5,0,차대차 - 후진중충돌,불법유턴,건조,맑음,주차장 - 주차장,승용,남,67세,상해없음,승용,남,26세,경상
2020061400100279,2020년 6월 14일 15시,일요일,강원도 홍천군 홍천읍,중상사고,0,1,0,0,차대차 - 추돌,안전거리미확보,건조,맑음,단일로 - 교량,이륜,남,55세,상해없음,이륜,남,65세,중상
2020061400100338,2020년 6월 14일 17시,일요일,강원도 춘천시 동면,경상사고,0,0,1,0,차대차 - 측면충돌,중앙선침범,건조,맑음,교차로 - 교차로안,승용,여,51세,상해없음,승용,남,46세,경상
2020061400100339,2020년 6월 14일 17시,일요일,강원도 원주시 흥업면,중상사고,0,1,0,0,차대차 - 추돌,안전거리미확보,건조,맑음,단일로 - 기타,승용,남,63세,상해없음,승용,여,50세,중상
2020061400100340,2020년 6월 14일 17시,일요일,강원도 횡성군 공근면,경상사고,0,0,3,0,차대차 - 추돌,안전운전불이행,건조,맑음,단일로 - 기타,승용,남,33세,상해없음,승용,남,44세,경상
2020061400100341,2020년 6월 14일 17시,일요일,강원도 횡성군 우천면,경상사고,0,0,4,0,차대차 - 추돌,안전거리미확보,건조,맑음,단일로 - 기타,승합,남,20세,상해없음,승용,남,38세,경상
2020061400100441,2020년 6월 14일 20시,일요일,강원도 춘천시 효자동,경상사고,0,0,3,0,차대차 - 기타,신호위반,건조,맑음,교차로 - 교차로안,이륜,남,24세,경상,승용,남,30세,경상
2020061400100467,2020년 6월 14일 21시,일요일,강원도 동해시 어달동,중상사고,0,1,0,0,차대사람 - 횡단중,안전운전불이행,건조,맑음,교차로 - 교차로부근,승용,남,42세,상해없음,보행자,남,51세,중상
2020061400100493,2020년 6월 14일 22시,일요일,강원도 삼척시 근덕면,경상사고,0,0,1,0,차대차 - 추돌,안전운전불이행,건조,맑음,단일로 - 기타,승용,남,54세,상해없음,승용,여,43세,경상
2020061500100006,2020년 6월 15일 00시,월요일,강원도 춘천시 사농동,경상사고,0,0,1,0,차대차 - 추돌,안전운전불이행,건조,맑음,단일로 - 기타,승용,여,33세,상해없음,승용,남,24세,경상
2020061500100068,2020년 6월 15일 07시,월요일,강원도 원주시 우산동,경상사고,0,0,2,0,차대차 - 기타,안전운전불이행,기타,맑음,단일로 - 기타,승용,여,40세,상해없음,승용,남,46세,경상
2020061500100100,2020년 6월 15일 08시,월요일,강원도 삼척시 도경동,중상사고,0,1,0,0,차대차 - 측면충돌,신호위반,건조,맑음,교차로 - 교차로안,건설기계,남,40세,상해없음,화물,남,57세,중상
2020061500100152,2020년 6월 15일 09시,월요일,강원도 춘천시 온의동,경상사고,0,0,1,0,차대차 - 기타,안전운전불이행,건조,맑음,단일로 - 기타,승용,여,47세,상해없음,승용,여,74세,경상
2020061500100153,2020년 6월 15일 09시,월요일,강원도 화천군 간동면,중상사고,0,1,0,0,차량단독 - 전도전복 - 전도,안전운전불이행,건조,맑음,단일로 - 기타,이륜,남,38세,중상,,,,
2020061500100154,2020년 6월 15일 09시,월요일,강원도 고성군 토성면,경상사고,0,0,1,0,차대차 - 측면충돌,안전운전불이행,건조,맑음,교차로 - 교차로부근,승용,남,65세,상해없음,승용,여,42세,경상
2020061500100191,2020년 6월 15일 10시,월요일,강원도 원주시 학성동,경상사고,0,0,1,0,차대차 - 측면충돌,안전운전불이행,건조,맑음,교차로 - 교차로안,승용,여,53세,상해없음,승용,남,63세,경상
2020061500100192,2020년 6월 15일 10시,월요일,강원도 원주시 문막읍,중상사고,0,1,0,0,차대차 - 측면충돌,신호위반,건조,맑음,교차로 - 교차로안,화물,남,58세,상해없음,승용,남,32세,중상
2020061500100229,2020년 6월 15일 11시,월요일,강원도 춘천시 효자동,경상사고,0,0,1,0,차대차 - 측면충돌,안전운전불이행,건조,맑음,교차로 - 교차로안,화물,남,26세,상해없음,승용,여,41세,경상
2020061500100230,2020년 6월 15일 11시,월요일,강원도 태백시 황지동,경상사고,0,0,1,0,차대차 - 측면충돌,신호위반,건조,맑음,교차로 - 교차로안,승용,여,42세,상해없음,승용,남,32세,경상
2020061500100261,2020년 6월 15일 12시,월요일,강원도 춘천시 근화동,경상사고,0,0,1,0,차대사람 - 차도통행중,안전운전불이행,건조,맑음,교차로 - 교차로안,화물,남,57세,상해없음,보행자,여,62세,경상
2020061500100297,2020년 6월 15일 13시,월요일,강원도 춘천시 우두동,경상사고,0,0,1,0,차대차 - 측면충돌,신호위반,건조,맑음,교차로 - 교차로안,이륜,남,60세,상해없음,승용,여,35세,경상
2020061500100298,2020년 6월 15일 13시,월요일,강원도 동해시 어달동,경상사고,0,0,1,0,차대차 - 측면충돌,안전운전불이행,건조,맑음,단일로 - 기타,승용,남,18세,상해없음,승용,남,24세,경상
2020061500100337,2020년 6월 15일 14시,월요일,강원도 춘천시 동면,중상사고,0,1,0,0,차대사람 - 기타,안전운전불이행,건조,맑음,단일로 - 기타,이륜,남,31세,상해없음,보행자,남,13세,중상
2020061500100338,2020년 6월 15일 14시,월요일,강원도 원주시 단계동,경상사고,0,0,2,0,차대차 - 기타,안전운전불이행,건조,맑음,단일로 - 기타,승용,여,58세,상해없음,승용,여,22세,경상
2020061500100339,2020년 6월 15일 14시,월요일,강원도 홍천군 홍천읍,경상사고,0,0,1,0,차대차 - 측면충돌,직진우회전진행방해,건조,맑음,교차로 - 교차로안,화물,남,61세,상해없음,승용,남,59세,경상
2020061500100384,2020년 6월 15일 15시,월요일,강원도 춘천시 소양로3가,경상사고,0,0,2,0,차대차 - 측면충돌,교차로운행방법위반,건조,맑음,교차로 - 교차로안,승합,남,72세,상해없음,승용,여,50세,경상
2020061500100385,2020년 6월 15일 15시,월요일,강원도 화천군 상서면,경상사고,0,0,6,0,차대차 - 측면충돌,과속,건조,맑음,단일로 - 기타,승용,남,23세,상해없음,승용,남,28세,경상
2020061500100425,2020년 6월 15일 16시,월요일,강원도 춘천시 후평동,중상사고,0,1,1,0,차대차 - 측면충돌,신호위반,건조,맑음,교차로 - 교차로안,승용,여,35세,상해없음,승용,여,42세,중상
2020061500100426,2020년 6월 15일 16시,월요일,강원도 원주시 단계동,경상사고,0,0,1,0,차대차 - 후진중충돌,안전운전불이행,건조,맑음,단일로 - 기타,승용,여,35세,상해없음,승용,남,37세,경상
2020061500100485,2020년 6월 15일 17시,월요일,강원도 동해시 효가동,경상사고,0,0,1,0,차대차 - 추돌,안전거리미확보,건조,맑음,단일로 - 기타,승용,남,34세,상해없음,승용,남,54세,경상
2020061500100486,2020년 6월 15일 17시,월요일,강원도 동해시 망상동,경상사고,0,0,2,0,차대차 - 추돌,안전운전불이행,건조,맑음,교차로 - 교차로부근,승용,남,47세,상해없음,승용,남,54세,경상
2020061500100555,2020년 6월 15일 18시,월요일,강원도 춘천시 퇴계동,경상사고,0,0,1,0,차대차 - 측면충돌,안전거리미확보,건조,맑음,단일로 - 기타,승용,남,46세,상해없음,화물,남,24세,경상
2020061500100593,2020년 6월 15일 19시,월요일,강원도 삼척시 정상동,경상사고,0,0,1,0,차대차 - 측면충돌,안전운전불이행,건조,맑음,교차로 - 교차로안,승용,남,37세,상해없음,승용,여,34세,경상
2020061500100624,2020년 6월 15일 20시,월요일,강원도 춘천시 퇴계동,경상사고,0,0,1,0,차대차 - 기타,차로위반,건조,맑음,단일로 - 기타,승용,여,53세,상해없음,특수,남,28세,경상
2020061500100625,2020년 6월 15일 20시,월요일,강원도 원주시 일산동,중상사고,0,1,0,0,차대차 - 추돌,안전거리미확보,건조,맑음,단일로 - 기타,승용,남,19세,기타불명,승용,여,63세,중상
2020061500100626,2020년 6월 15일 20시,월요일,강원도 삼척시 교동,경상사고,0,0,2,0,차대차 - 측면충돌,안전운전불이행,건조,흐림,교차로 - 교차로안,승용,남,18세,상해없음,승용,남,48세,경상
2020061600100038,2020년 6월 16일 05시,화요일,강원도 삼척시 남양동,경상사고,0,0,1,0,차대차 - 측면충돌,신호위반,건조,흐림,교차로 - 교차로안,승용,남,68세,상해없음,승용,여,64세,경상
2020061600100108,2020년 6월 16일 08시,화요일,강원도 동해시 효가동,경상사고,0,0,1,0,차대차 - 기타,교차로운행방법위반,건조,맑음,교차로 - 교차로안,화물,남,54세,상해없음,승용,여,44세,경상
2020061600100184,2020년 6월 16일 10시,화요일,강원도 춘천시 소양로2가,경상사고,0,0,2,0,차대차 - 측면충돌,안전운전불이행,건조,맑음,교차로 - 교차로안,승용,여,57세,상해없음,승용,남,44세,경상
2020061600100220,2020년 6월 16일 11시,화요일,강원도 속초시 조양동,중상사고,0,1,0,0,차대사람 - 횡단중,신호위반,건조,맑음,교차로 - 교차로안,승용,여,37세,상해없음,보행자,남,59세,중상
2020061600100257,2020년 6월 16일 12시,화요일,강원도 강릉시 사천면,중상사고,0,1,0,0,차대사람 - 기타,안전운전불이행,건조,맑음,단일로 - 기타,승용,남,75세,상해없음,보행자,남,56세,중상
2020061600100282,2020년 6월 16일 13시,화요일,강원도 홍천군 화촌면,중상사고,0,1,0,0,차대사람 - 횡단중,안전운전불이행,건조,맑음,단일로 - 기타,승용,남,37세,상해없음,보행자,여,51세,중상
2020061600100320,2020년 6월 16일 14시,화요일,강원도 원주시 지정면,경상사고,0,0,1,0,차대차 - 후진중충돌,안전운전불이행,건조,맑음,단일로 - 기타,승용,여,49세,상해없음,건설기계,남,58세,경상
2020061600100321,2020년 6월 16일 14시,화요일,강원도 양구군 방산면,중상사고,0,3,0,0,차대차 - 추돌,안전운전불이행,건조,맑음,단일로 - 기타,화물,남,62세,중상,화물,남,41세,중상
2020061600100362,2020년 6월 16일 15시,화요일,강원도 원주시 가현동,경상사고,0,0,1,0,차대차 - 측면충돌,안전운전불이행,건조,맑음,단일로 - 기타,승용,남,65세,상해없음,승용,남,50세,경상