사고번호,사고일시,요일,시군구,사고내용,사망자수,중상자수,경상자수,부상신고자수,사고유형,법규위반,노면상태,기상상태,도로형태,가해운전자 차종,가해운전자 성별,가해운전자 연령,가해운전자 상해정도,피해운전자 차종,피해운전자 성별,피해운전자 연령,피해운전자 상해정도
2020061600100363,2020년 6월 16일 15시,화요일,강원도 원주시 단계동,중상사고,0,1,0,0,차대사람 - 차도통행중,보행자보호의무위반,건조,맑음,교차로 - 교차로부근,승용,남,21세,상해없음,보행자,여,75세,중상
2020061600100364,2020년 6월 16일 15시,화요일,강원도 원주시 단구동,사망사고,1,0,0,0,차대사람 - 횡단중,안전운전불이행,건조,맑음,교차로 - 교차로횡단보도내,승합,남,60세,상해없음,보행자,남,64세,사망
2020061600100417,2020년 6월 16일 16시,화요일,강원도 춘천시 후평동,중상사고,0,1,0,0,차대차 - 측면충돌,안전거리미확보,건조,맑음,단일로 - 기타,승용,남,40세,상해없음,원동기,남,86세,중상
2020061600100461,2020년 6월 16일 17시,화요일,강원도 원주시 지정면,경상사고,0,0,1,0,차대차 - 기타,신호위반,기타,기타,교차로 - 교차로안,승용,여,50세,상해없음,승용,여,23세,경상
2020061600100510,2020년 6월 16일 18시,화요일,강원도 인제군 인제읍,중상사고,0,1,0,0,차량단독 - 전도전복 - 전도,안전운전불이행,건조,맑음,단일로 - 기타,사륜오토바이(ATV),여,72세,상해없음,,,,
2020061600100553,2020년 6월 16일 19시,화요일,강원도 춘천시 석사동,경상사고,0,0,1,0,차대차 - 측면충돌,교차로운행방법위반,건조,맑음,교차로 - 교차로안,승용,여,47세,상해없음,이륜,남,18세,경상
2020061600100587,2020년 6월 16일 20시,화요일,강원도 횡성군 둔내면,경상사고,0,0,1,0,차대사람 - 횡단중,안전운전불이행,건조,맑음,단일로 - 기타,화물,남,49세,상해없음,보행자,여,41세,경상
2020061600100588,2020년 6월 16일 20시,화요일,강원도 횡성군 횡성읍,중상사고,0,1,0,0,차대차 - 추돌,교차로운행방법위반,건조,흐림,교차로 - 교차로안,이륜,남,70세,중상,화물,남,20세,상해없음
2020061600100589,2020년 6월 16일 20시,화요일,강원도 동해시 효가동,경상사고,0,0,1,0,차대차 - 기타,안전운전불이행,건조,맑음,단일로 - 기타,승용,여,63세,상해없음,승용,여,35세,경상
2020061600100625,2020년 6월 16일 21시,화요일,강원도 속초시 조양동,중상사고,0,1,0,0,차대차 - 측면충돌,안전운전불이행,건조,맑음,단일로 - 지하차도(도로)내,원동기,남,40세,상해없음,이륜,남,26세,중상
2020061600100626,2020년 6월 16일 21시,화요일,강원도 고성군 간성읍,경상사고,0,0,1,0,차대사람 - 길가장자리구역통행중,안전운전불이행,건조,맑음,단일로 - 기타,승용,남,65세,상해없음,보행자,남,45세,경상
2020061700100071,2020년 6월 17일 07시,수요일,강원도 속초시 청호동,경상사고,0,0,1,0,차대차 - 기타,안전거리미확보,건조,맑음,기타 - 기타,승용,남,58세,상해없음,이륜,남,62세,경상
2020061700100118,2020년 6월 17일 08시,수요일,강원도 춘천시 운교동,경상사고,0,0,1,0,차대사람 - 기타,보행자보호의무위반,건조,맑음,교차로 - 교차로횡단보도내,승용,여,46세,상해없음,보행자,남,8세,경상
2020061700100119,2020년 6월 17일 08시,수요일,강원도 원주시 우산동,중상사고,0,1,0,0,차대사람 - 횡단중,보행자보호의무위반,건조,흐림,교차로 - 교차로부근,화물,남,51세,기타불명,보행자,여,82세,중상
2020061700100154,2020년 6월 17일 09시,수요일,강원도 춘천시 교동,경상사고,0,0,1,0,차대사람 - 기타,안전운전불이행,건조,맑음,단일로 - 기타,승용,여,51세,상해없음,보행자,남,59세,경상
2020061700100206,2020년 6월 17일 11시,수요일,강원도 춘천시 효자동,경상사고,0,0,1,0,차대차 - 기타,안전거리미확보,건조,맑음,교차로 - 교차로안,이륜,남,19세,경상,승용,남,63세,상해없음
2020061700100207,2020년 6월 17일 11시,수요일,강원도 횡성군 횡성읍,경상사고,0,0,2,0,차대차 - 정면충돌,안전운전불이행,건조,맑음,단일로 - 기타,승용,남,51세,상해없음,화물,남,62세,경상
2020061700100241,2020년 6월 17일 12시,수요일,강원도 영월군 주천면,중상사고,0,1,1,0,차대차 - 측면충돌,중앙선침범,건조,맑음,단일로 - 교량,승용,여,59세,경상,화물,남,61세,중상
2020061700100317,2020년 6월 17일 14시,수요일,강원도 원주시 부론면,경상사고,0,0,2,0,차대차 - 기타,중앙선침범,건조,맑음,단일로 - 기타,기타불명,기타불명,미분류,기타불명,승용,남,71세,경상
2020061700100318,2020년 6월 17일 14시,수요일,강원도 평창군 대관령면,경상사고,0,0,1,0,차대차 - 측면충돌,안전운전불이행,건조,맑음,기타 - 기타,승용,여,57세,기타불명,승용,남,39세,경상
2020061700100319,2020년 6월 17일 14시,수요일,강원도 횡성군 횡성읍,경상사고,0,0,1,0,차대차 - 측면충돌,중앙선침범,건조,맑음,단일로 - 기타,승용,여,62세,상해없음,화물,남,64세,경상
2020061700100362,2020년 6월 17일 15시,수요일,강원도 인제군 기린면,경상사고,0,0,4,0,차대차 - 추돌,안전운전불이행,건조,맑음,단일로 - 기타,특수,남,50세,상해없음,승용,남,50세,경상
2020061700100384,2020년 6월 17일 16시,수요일,강원도 춘천시 석사동,경상사고,0,0,1,0,차대차 - 측면충돌,기타,건조,맑음,교차로 - 교차로안,승용,여,46세,상해없음,자전거,남,14세,경상
2020061700100468,2020년 6월 17일 18시,수요일,강원도 춘천시 후평동,경상사고,0,0,1,1,차대차 - 측면충돌,안전운전불이행,건조,맑음,교차로 - 교차로안,승용,여,23세,상해없음,승용,남,60세,부상신고
2020061700100628,2020년 6월 17일 23시,수요일,강원도 춘천시 효자동,중상사고,0,1,0,0,차대차 - 측면충돌,기타,건조,맑음,교차로 - 교차로안,이륜,남,25세,상해없음,승용,여,67세,중상
2020061800100044,2020년 6월 18일 03시,목요일,강원도 원주시 단구동,경상사고,0,0,1,0,차대차 - 측면충돌,안전운전불이행,건조,맑음,단일로 - 기타,승용,여,48세,상해없음,승용,남,40세,경상
2020061800100178,2020년 6월 18일 09시,목요일,강원도 춘천시 퇴계동,중상사고,0,1,0,0,차량단독 - 기타,안전운전불이행,건조,맑음,교차로 - 교차로부근,승합,남,49세,상해없음,,,,
2020061800100179,2020년 6월 18일 09시,목요일,강원도 철원군 동송읍,경상사고,0,0,2,0,차대차 - 측면충돌,안전운전불이행,건조,맑음,단일로 - 기타,화물,남,62세,상해없음,승용,남,58세,경상
2020061800100209,2020년 6월 18일 10시,목요일,강원도 춘천시 석사동,경상사고,0,0,1,0,차대차 - 기타,차로위반,건조,맑음,교차로 - 교차로부근,승용,여,53세,상해없음,승용,여,24세,경상
2020061800100246,2020년 6월 18일 11시,목요일,강원도 원주시 지정면,경상사고,0,0,4,0,차대차 - 측면충돌,안전운전불이행,건조,맑음,교차로 - 교차로안,승용,남,36세,경상,승용,남,37세,경상
2020061800100283,2020년 6월 18일 12시,목요일,강원도 원주시 반곡동,경상사고,0,0,2,0,차대차 - 측면충돌,안전운전불이행,건조,맑음,교차로 - 교차로부근,승용,여,61세,상해없음,승용,남,36세,경상
2020061800100284,2020년 6월 18일 12시,목요일,강원도 홍천군 홍천읍,중상사고,0,2,0,0,차대차 - 정면충돌,교차로운행방법위반,건조,맑음,교차로 - 교차로안,승용,남,49세,상해없음,화물,남,55세,중상
2020061800100313,2020년 6월 18일 13시,목요일,강원도 태백시 장성동,경상사고,0,0,1,0,차대사람 - 기타,안전운전불이행,건조,맑음,단일로 - 기타,승합,남,57세,상해없음,보행자,여,72세,경상
2020061800100343,2020년 6월 18일 14시,목요일,강원도 춘천시 석사동,경상사고,0,0,1,0,차대사람 - 기타,안전운전불이행,건조,맑음,단일로 - 기타,승용,남,43세,상해없음,보행자,여,27세,경상
2020061800100344,2020년 6월 18일 14시,목요일,강원도 삼척시 성북동,경상사고,0,0,1,0,차량단독 - 전도전복 - 전도,안전운전불이행,건조,맑음,단일로 - 기타,원동기,남,38세,경상,,,,
2020061800100400,2020년 6월 18일 16시,목요일,강원도 홍천군 홍천읍,경상사고,0,0,1,0,차대차 - 기타,안전운전불이행,건조,맑음,교차로 - 교차로안,승용,남,32세,상해없음,승용,여,41세,경상
2020061800100431,2020년 6월 18일 17시,목요일,강원도 춘천시 동산면,중상사고,0,2,1,0,차대차 - 측면충돌,과속,건조,맑음,교차로 - 교차로안,승용,여,48세,경상,승용,여,23세,중상
2020061800100432,2020년 6월 18일 17시,목요일,강원도 홍천군 북방면,경상사고,0,0,1,0,차대차 - 측면충돌,직진우회전진행방해,건조,맑음,교차로 - 교차로안,자전거,남,13세,상해없음,승용,남,82세,경상
2020061800100469,2020년 6월 18일 18시,목요일,강원도 화천군 화천읍,중상사고,0,1,0,0,차대사람 - 기타,안전운전불이행,건조,맑음,단일로 - 기타,승용,남,20세,상해없음,보행자,남,13세,중상
2020061800100505,2020년 6월 18일 19시,목요일,강원도 원주시 단구동,경상사고,0,0,1,0,차대차 - 기타,안전운전불이행,건조,맑음,교차로 - 교차로안,이륜,남,20세,경상,승용,남,47세,상해없음
2020061800100575,2020년 6월 18일 21시,목요일,강원도 속초시 금호동,중상사고,0,1,0,0,차대차 - 측면충돌,안전운전불이행,젖음/습기,비,교차로 - 교차로안,승용,남,28세,상해없음,이륜,남,20세,중상
2020061900100006,2020년 6월 19일 00시,금요일,강원도 원주시 단계동,경상사고,0,0,2,0,차대차 - 측면충돌,안전거리미확보,건조,맑음,교차로 - 교차로부근,승용,남,48세,상해없음,승용,남,52세,경상
2020061900100080,2020년 6월 19일 07시,금요일,강원도 강릉시 교동,중상사고,0,1,0,0,차대사람 - 보도통행중,기타,젖음/습기,비,단일로 - 기타,화물,남,38세,상해없음,보행자,여,25세,중상
2020061900100118,2020년 6월 19일 08시,금요일,강원도 춘천시 옥천동,경상사고,0,0,1,0,차대차 - 측면충돌,직진우회전진행방해,건조,맑음,교차로 - 교차로안,승용,남,60세,상해없음,승용,여,45세,경상
2020061900100119,2020년 6월 19일 08시,금요일,강원도 평창군 평창읍,중상사고,0,1,0,0,차대차 - 기타,안전운전불이행,건조,맑음,단일로 - 기타,승용,남,48세,상해없음,승용,남,63세,중상
2020061900100186,2020년 6월 19일 10시,금요일,강원도 원주시 관설동,경상사고,0,0,1,0,차대차 - 측면충돌,중앙선침범,건조,맑음,단일로 - 기타,화물,남,28세,상해없음,승용,여,33세,경상
2020061900100187,2020년 6월 19일 10시,금요일,강원도 홍천군 홍천읍,경상사고,0,0,1,0,차대사람 - 보도통행중,기타,건조,맑음,기타 - 기타,승용,여,47세,상해없음,보행자,남,30세,경상
2020061900100188,2020년 6월 19일 10시,금요일,강원도 화천군 화천읍,중상사고,0,1,0,0,차량단독 - 전도전복 - 전도,안전운전불이행,건조,맑음,단일로 - 기타,건설기계,남,63세,중상,,,,
2020061900100220,2020년 6월 19일 11시,금요일,강원도 원주시 소초면,경상사고,0,0,2,0,차대차 - 정면충돌,중앙선침범,기타,맑음,단일로 - 기타,승용,여,46세,경상,승용,남,45세,경상
2020061900100221,2020년 6월 19일 11시,금요일,강원도 양양군 양양읍,경상사고,0,0,1,0,차대사람 - 기타,안전운전불이행,건조,맑음,단일로 - 기타,화물,남,64세,상해없음,보행자,남,34세,경상
2020061900100222,2020년 6월 19일 11시,금요일,강원도 삼척시 미로면,경상사고,0,0,1,0,차대차 - 추돌,안전거리미확보,건조,맑음,교차로 - 교차로부근,건설기계,남,38세,상해없음,화물,남,39세,경상
2020061900100268,2020년 6월 19일 12시,금요일,강원도 삼척시 남양동,경상사고,0,0,1,0,차대차 - 추돌,안전운전불이행,젖음/습기,비,교차로 - 교차로부근,승용,남,64세,상해없음,승용,여,67세,상해없음
2020061900100269,2020년 6월 19일 12시,금요일,강원도 영월군 중동면,중상사고,0,1,0,1,차대차 - 추돌,안전운전불이행,건조,맑음,단일로 - 터널,화물,남,40세,상해없음,화물,남,49세,부상신고
2020061900100270,2020년 6월 19일 12시,금요일,강원도 홍천군 홍천읍,경상사고,0,0,1,0,차대차 - 추돌,안전거리미확보,건조,맑음,교차로 - 교차로부근,화물,남,55세,상해없음,승용,여,58세,경상
2020061900100271,2020년 6월 19일 12시,금요일,강원도 태백시 화전동,경상사고,0,0,1,0,차대차 - 측면충돌,신호위반,건조,맑음,교차로 - 교차로안,승용,여,61세,상해없음,승용,남,27세,경상
2020061900100310,2020년 6월 19일 13시,금요일,강원도 원주시 학성동,경상사고,0,0,1,0,차대차 - 추돌,안전운전불이행,건조,맑음,교차로 - 교차로부근,화물,남,47세,상해없음,이륜,남,45세,경상
2020061900100311,2020년 6월 19일 13시,금요일,강원도 삼척시 원덕읍,경상사고,0,0,2,0,차대차 - 추돌,안전거리미확보,건조,맑음,단일로 - 기타,승용,여,43세,경상,승용,여,55세,경상
2020061900100312,2020년 6월 19일 13시,금요일,강원도 홍천군 남면,경상사고,0,0,1,0,차대사람 - 길가장자리구역통행중,안전운전불이행,건조,맑음,단일로 - 지하차도(도로)내,승용,남,76세,상해없음,보행자,남,49세,경상
2020061900100385,2020년 6월 19일 15시,금요일,강원도 인제군 인제읍,중상사고,0,1,0,0,차대사람 - 차도통행중,안전운전불이행,건조,맑음,단일로 - 기타,승용,여,36세,상해없음,보행자,남,36세,중상
2020061900100386,2020년 6월 19일 15시,금요일,강원도 동해시 천곡동,중상사고,0,1,0,0,차대사람 - 횡단중,보행자보호의무위반,젖음/습기,비,교차로 - 교차로횡단보도내,승합,여,44세,상해없음,보행자,남,9세,중상
2020061900100430,2020년 6월 19일 16시,금요일,강원도 원주시 일산동,경상사고,0,0,1,0,차대차 - 측면충돌,안전거리미확보,건조,맑음,교차로 - 교차로안,승용,여,61세,상해없음,승용,남,76세,경상
2020061900100490,2020년 6월 19일 17시,금요일,강원도 춘천시 후평동,경상사고,0,0,1,0,차대차 - 기타,안전운전불이행,건조,맑음,교차로 - 교차로부근,승용,남,65세,기타불명,승용,남,36세,경상
2020061900100644,2020년 6월 19일 20시,금요일,강원도 철원군 동송읍,경상사고,0,0,1,0,차대사람 - 횡단중,안전운전불이행,건조,맑음,기타 - 기타,이륜,남,54세,상해없음,보행자,남,22세,경상
2020061900100682,2020년 6월 19일 21시,금요일,강원도 춘천시 효자동,경상사고,0,0,1,0,차대차 - 기타,신호위반,건조,맑음,교차로 - 교차로부근,승용,여,45세,상해없음,승용,남,51세,경상
2020061900100715,2020년 6월 19일 22시,금요일,강원도 원주시 우산동,경상사고,0,0,2,0,차대차 - 추돌,안전거리미확보,건조,맑음,교차로 - 교차로부근,승합,남,50세,상해없음,승용,여,47세,경상
2020061900100742,2020년 6월 19일 23시,금요일,강원도 원주시 문막읍,사망사고,1,0,0,0,차대사람 - 기타,안전운전불이행,건조,맑음,교차로 - 교차로부근,승용,남,52세,상해없음,보행자,기타불명,미분류,사망
2020062000100030,2020년 6월 20일 01시,토요일,강원도 원주시 단계동,경상사고,0,0,3,0,차대사람 - 기타,안전운전불이행,건조,맑음,기타 - 기타,승용,여,23세,상해없음,보행자,남,23세,경상
2020062000100048,2020년 6월 20일 03시,토요일,강원도 춘천시 석사동,사망사고,1,1,1,0,차대차 - 측면충돌,신호위반,건조,맑음,교차로 - 교차로안,이륜,남,17세,중상,승용,남,56세,경상
2020062000100087,2020년 6월 20일 07시,토요일,강원도 강릉시 교동,중상사고,0,1,0,0,차대사람 - 기타,안전운전불이행,건조,맑음,단일로 - 기타,자전거,남,47세,상해없음,보행자,여,53세,중상
2020062000100088,2020년 6월 20일 07시,토요일,강원도 원주시 우산동,경상사고,0,0,2,0,차대차 - 추돌,안전운전불이행,건조,맑음,단일로 - 기타,화물,남,58세,상해없음,승용,남,62세,경상
2020062000100136,2020년 6월 20일 09시,토요일,강원도 양구군 남면,중상사고,0,1,0,0,차대차 - 측면충돌,안전운전불이행,건조,맑음,단일로 - 기타,승용,여,53세,상해없음,자전거,남,24세,중상
2020062000100170,2020년 6월 20일 10시,토요일,강원도 춘천시 효자동,부상신고사고,0,0,0,3,차대차 - 정면충돌,기타,건조,맑음,교차로 - 교차로안,승용,여,52세,부상신고,승용,남,73세,상해없음
2020062000100171,2020년 6월 20일 10시,토요일,강원도 원주시 일산동,경상사고,0,0,1,0,차대사람 - 횡단중,안전운전불이행,건조,맑음,교차로 - 교차로부근,승용,남,45세,상해없음,보행자,여,16세,경상
2020062000100172,2020년 6월 20일 10시,토요일,강원도 횡성군 서원면,중상사고,0,1,1,0,차대차 - 측면충돌,안전운전불이행,건조,맑음,단일로 - 기타,화물,남,64세,상해없음,자전거,남,44세,경상
2020062000100261,2020년 6월 20일 12시,토요일,강원도 춘천시 석사동,경상사고,0,0,1,0,차대사람 - 기타,안전운전불이행,건조,맑음,단일로 - 기타,승용,여,36세,상해없음,보행자,여,17세,경상
2020062000100262,2020년 6월 20일 12시,토요일,강원도 철원군 동송읍,경상사고,0,0,4,0,차대차 - 측면충돌,신호위반,건조,맑음,교차로 - 교차로안,승용,여,66세,상해없음,승용,여,67세,경상
2020062000100306,2020년 6월 20일 13시,토요일,강원도 원주시 지정면,경상사고,0,0,1,0,차대사람 - 횡단중,보행자보호의무위반,건조,맑음,교차로 - 교차로횡단보도내,화물,남,34세,상해없음,보행자,여,27세,경상
2020062000100345,2020년 6월 20일 14시,토요일,강원도 삼척시 도계읍,중상사고,0,1,2,0,차대차 - 측면충돌,중앙선침범,건조,맑음,단일로 - 지하차도(도로)내,승합,남,43세,상해없음,승용,여,52세,중상
2020062000100387,2020년 6월 20일 15시,토요일,강원도 춘천시 퇴계동,중상사고,0,1,0,0,차대사람 - 기타,안전운전불이행,건조,맑음,단일로 - 기타,자전거,남,14세,상해없음,보행자,여,72세,중상
2020062000100388,2020년 6월 20일 15시,토요일,강원도 춘천시 퇴계동,중상사고,0,1,0,0,차량단독 - 기타,안전운전불이행,건조,맑음,단일로 - 기타,승합,남,50세,상해없음,,,,
2020062000100389,2020년 6월 20일 15시,토요일,강원도 양양군 강현면,경상사고,0,0,3,0,차대차 - 추돌,신호위반,건조,맑음,교차로 - 교차로부근,건설기계,남,63세,상해없음,승용,여,37세,경상
2020062000100390,2020년 6월 20일 15시,토요일,강원도 양양군 현북면,경상사고,0,0,1,0,차대차 - 측면충돌,신호위반,건조,맑음,교차로 - 교차로안,승용,남,72세,상해없음,승용,남,68세,경상
2020062000100507,2020년 6월 20일 18시,토요일,강원도 원주시 단계동,경상사고,0,0,1,0,차대차 - 후진중충돌,안전운전불이행,건조,맑음,단일로 - 기타,승용,남,45세,상해없음,이륜,남,25세,경상
2020062000100553,2020년 6월 20일 19시,토요일,강원도 원주시 지정면,경상사고,0,0,1,0,차대차 - 추돌,안전운전불이행,건조,맑음,단일로 - 기타,승용,남,65세,상해없음,이륜,남,30세,경상
2020062000100581,2020년 6월 20일 20시,토요일,강원도 춘천시 사농동,경상사고,0,0,1,0,차대사람 - 횡단중,보행자보호의무위반,건조,맑음,단일로 - 기타,이륜,남,71세,상해없음,보행자,여,64세,경상
2020062000100582,2020년 6월 20일 20시,토요일,강원도 태백시 황지동,경상사고,0,0,2,0,차대차 - 측면충돌,교차로운행방법위반,건조,맑음,교차로 - 교차로안,승용,남,22세,상해없음,승용,남,66세,경상
2020062000100583,2020년 6월 20일 20시,토요일,강원도 철원군 갈말읍,중상사고,0,1,0,0,차대차 - 추돌,안전운전불이행,건조,맑음,단일로 - 기타,승용,남,70세,상해없음,농기계,남,78세,중상
2020062000100648,2020년 6월 20일 22시,토요일,강원도 춘천시 사농동,경상사고,0,0,3,1,차대차 - 추돌,안전운전불이행,건조,맑음,교차로 - 교차로부근,승용,남,38세,상해없음,승용,여,27세,경상
2020062000100649,2020년 6월 20일 22시,토요일,강원도 양양군 강현면,중상사고,0,1,2,0,차대차 - 측면충돌,안전운전불이행,건조,맑음,단일로 - 기타,승용,남,53세,상해없음,화물,남,45세,경상
2020062100100008,2020년 6월 21일 00시,일요일,강원도 강릉시 입암동,경상사고,0,0,1,0,차대차 - 측면충돌,안전운전불이행,건조,맑음,교차로 - 교차로안,승용,남,55세,기타불명,승용,여,34세,경상
2020062100100009,2020년 6월 21일 00시,일요일,강원도 강릉시 임당동,중상사고,0,1,0,0,차대사람 - 기타,기타,건조,맑음,단일로 - 기타,승용,남,60세,상해없음,보행자,남,53세,중상
2020062100100081,2020년 6월 21일 06시,일요일,강원도 강릉시 내곡동,경상사고,0,0,1,0,차대차 - 추돌,안전운전불이행,건조,맑음,단일로 - 기타,승합,남,49세,상해없음,승용,남,34세,경상
2020062100100142,2020년 6월 21일 10시,일요일,강원도 속초시 금호동,경상사고,0,0,1,0,차대사람 - 횡단중,안전운전불이행,건조,맑음,교차로 - 교차로부근,승용,여,46세,상해없음,보행자,여,76세,경상
2020062100100143,2020년 6월 21일 10시,일요일,강원도 삼척시 당저동,경상사고,0,0,2,0,차대차 - 추돌,안전운전불이행,건조,맑음,교차로 - 교차로부근,승용,남,59세,상해없음,승용,남,33세,경상
2020062100100144,2020년 6월 21일 10시,일요일,강원도 인제군 인제읍,경상사고,0,0,2,0,차대차 - 측면충돌,안전운전불이행,건조,맑음,교차로 - 교차로안,승용,남,55세,기타불명,승용,남,53세,경상
2020062100100218,2020년 6월 21일 13시,일요일,강원도 원주시 인동,경상사고,0,0,1,0,차대차 - 측면충돌,교차로운행방법위반,건조,맑음,교차로 - 교차로안,승용,남,76세,상해없음,이륜,남,57세,경상
2020062100100219,2020년 6월 21일 13시,일요일,강원도 양양군 서면,경상사고,0,0,2,0,차대차 - 추돌,안전운전불이행,건조,맑음,교차로 - 교차로부근,이륜,남,49세,상해없음,이륜,남,45세,경상
2020062100100220,2020년 6월 21일 13시,일요일,강원도 삼척시 당저동,경상사고,0,0,1,0,차대차 - 측면충돌,직진우회전진행방해,건조,맑음,교차로 - 교차로안,화물,남,67세,상해없음,승용,여,66세,경상
2020062100100288,2020년 6월 21일 15시,일요일,강원도 강릉시 안현동,경상사고,0,0,2,0,차대차 - 측면충돌,안전운전불이행,건조,맑음,교차로 - 교차로안,승용,남,30세,상해없음,승용,남,35세,경상
2020062100100289,2020년 6월 21일 15시,일요일,강원도 원주시 명륜동,경상사고,0,0,2,0,차대차 - 기타,안전운전불이행,건조,맑음,단일로 - 기타,승용,남,53세,상해없음,승용,여,31세,경상
2020062100100290,2020년 6월 21일 15시,일요일,강원도 고성군 현내면,부상신고사고,0,0,0,2,차대차 - 측면충돌,안전운전불이행,건조,맑음,교차로 - 교차로부근,승용,남,52세,부상신고,화물,남,57세,부상신고
2020062100100324,2020년 6월 21일 16시,일요일,강원도 춘천시 신북읍,중상사고,0,1,3,0,차대차 - 추돌,안전운전불이행,건조,맑음,단일로 - 터널,승용,남,38세,상해없음,승용,남,54세,경상
2020062100100325,2020년 6월 21일 16시,일요일,강원도 속초시 조양동,중상사고,0,1,0,0,차대차 - 측면충돌,직진우회전진행방해,건조,맑음,교차로 - 교차로안,승용,여,41세,상해없음,이륜,남,34세,중상
2020062100100352,2020년 6월 21일 17시,일요일,강원도 춘천시 동면,중상사고,0,2,3,0,차대차 - 추돌,안전운전불이행,건조,맑음,교차로 - 교차로부근,승용,남,82세,중상,승용,여,56세,경상
2020062100100353,2020년 6월 21일 17시,일요일,강원도 양양군 현북면,경상사고,0,0,3,0,차대차 - 측면충돌,안전거리미확보,건조,맑음,단일로 - 기타,승용,여,27세,상해없음,승용,남,37세,경상
2020062100100415,2020년 6월 21일 19시,일요일,강원도 원주시 무실동,경상사고,0,0,2,0,차대차 - 기타,신호위반,건조,맑음,교차로 - 교차로안,승용,남,80세,상해없음,승용,남,41세,경상
2020062200100007,2020년 6월 22일 00시,월요일,강원도 원주시 우산동,경상사고,0,0,1,0,차대차 - 추돌,안전운전불이행,건조,맑음,교차로 - 교차로안,승용,기타불명,미분류,기타불명,승합,남,56세,경상
2020062200100008,2020년 6월 22일 00시,월요일,강원도 홍천군 화촌면,경상사고,0,0,3,0,차대차 - 측면충돌,안전운전불이행,건조,맑음,단일로 - 터널,승용,남,19세,상해없음,승용,여,37세,경상
2020062200100059,2020년 6월 22일 06시,월요일,강원도 강릉시 주문진읍,중상사고,0,1,0,0,차대사람 - 보도통행중,안전운전불이행,건조,맑음,단일로 - 기타,원동기,남,64세,상해없음,보행자,여,92세,중상
2020062200100075,2020년 6월 22일 07시,월요일,강원도 원주시 문막읍,경상사고,0,0,2,0,차대차 - 추돌,과속,건조,맑음,단일로 - 기타,승용,남,24세,경상,건설기계,남,36세,경상
2020062200100110,2020년 6월 22일 08시,월요일,강원도 평창군 방림면,경상사고,0,0,1,0,차대차 - 측면충돌,중앙선침범,건조,맑음,기타 - 기타,화물,남,58세,상해없음,승용,여,38세,경상
2020062200100111,2020년 6월 22일 08시,월요일,강원도 고성군 토성면,경상사고,0,0,1,0,차대차 - 추돌,안전운전불이행,건조,맑음,교차로 - 교차로부근,승용,여,60세,상해없음,승용,여,63세,경상
2020062200100112,2020년 6월 22일 08시,월요일,강원도 철원군 철원읍,경상사고,0,0,1,0,차대차 - 측면충돌,교차로운행방법위반,건조,맑음,교차로 - 교차로안,승용,여,27세,상해없음,승용,남,41세,경상
2020062200100209,2020년 6월 22일 10시,월요일,강원도 원주시 단구동,경상사고,0,0,1,0,차대차 - 기타,안전운전불이행,건조,맑음,교차로 - 교차로부근,승용,남,65세,상해없음,승용,남,48세,경상
2020062200100210,2020년 6월 22일 10시,월요일,강원도 삼척시 교동,경상사고,0,0,1,0,차대차 - 추돌,안전운전불이행,건조,맑음,단일로 - 기타,승용,여,61세,경상,화물,남,28세,상해없음
2020062200100258,2020년 6월 22일 11시,월요일,강원도 속초시 조양동,중상사고,0,1,0,0,차대사람 - 길가장자리구역통행중,안전운전불이행,건조,맑음,단일로 - 지하차도(도로)내,화물,남,77세,상해없음,보행자,남,65세,중상
2020062200100259,2020년 6월 22일 11시,월요일,강원도 인제군 인제읍,중상사고,0,2,0,0,차대차 - 추돌,안전운전불이행,건조,맑음,교차로 - 교차로안,승용,남,74세,중상,승용,남,62세,상해없음
2020062200100327,2020년 6월 22일 13시,월요일,강원도 강릉시 교동,경상사고,0,0,1,0,차대차 - 측면충돌,안전운전불이행,건조,맑음,교차로 - 교차로부근,승용,여,48세,상해없음,승용,여,40세,경상
2020062200100328,2020년 6월 22일 13시,월요일,강원도 강릉시 주문진읍,경상사고,0,0,1,0,차대차 - 측면충돌,안전운전불이행,건조,맑음,단일로 - 기타,승용,남,62세,상해없음,화물,남,45세,기타불명
2020062200100329,2020년 6월 22일 13시,월요일,강원도 속초시 교동,경상사고,0,0,1,0,차대차 - 측면충돌,교차로운행방법위반,건조,맑음,교차로 - 교차로안,승용,여,39세,상해없음,승용,남,33세,경상
2020062200100372,2020년 6월 22일 14시,월요일,강원도 강릉시 송정동,경상사고,0,0,1,0,차대차 - 측면충돌,안전운전불이행,건조,맑음,교차로 - 교차로안,승용,남,68세,상해없음,승용,여,35세,경상
2020062200100465,2020년 6월 22일 16시,월요일,강원도 강릉시 옥계면,경상사고,0,0,1,0,차대차 - 측면충돌,신호위반,건조,맑음,교차로 - 교차로안,이륜,남,79세,상해없음,승용,남,36세,경상
2020062200100533,2020년 6월 22일 17시,월요일,강원도 철원군 철원읍,경상사고,0,0,3,0,차대차 - 측면충돌,직진우회전진행방해,건조,맑음,교차로 - 교차로안,승용,여,47세,경상,승용,남,43세,경상
2020062200100580,2020년 6월 22일 18시,월요일,강원도 강릉시 강동면,경상사고,0,0,1,0,차대차 - 추돌,안전운전불이행,건조,맑음,교차로 - 교차로부근,승용,남,39세,상해없음,승용,남,39세,경상