사고번호,사고일시,요일,시군구,사고내용,사망자수,중상자수,경상자수,부상신고자수,사고유형,법규위반,노면상태,기상상태,도로형태,가해운전자 차종,가해운전자 성별,가해운전자 연령,가해운전자 상해정도,피해운전자 차종,피해운전자 성별,피해운전자 연령,피해운전자 상해정도
2020062200100581,2020년 6월 22일 18시,월요일,강원도 원주시 명륜동,경상사고,0,0,2,0,차대차 - 측면충돌,차로위반,건조,맑음,단일로 - 기타,승용,남,72세,상해없음,승용,여,49세,경상
2020062200100582,2020년 6월 22일 18시,월요일,강원도 양구군 양구읍,사망사고,1,0,0,0,차대사람 - 횡단중,안전운전불이행,건조,맑음,단일로 - 기타,이륜,여,35세,상해없음,보행자,여,76세,사망
2020062200100624,2020년 6월 22일 19시,월요일,강원도 춘천시 석사동,경상사고,0,0,2,0,차대차 - 측면충돌,안전거리미확보,건조,맑음,단일로 - 기타,이륜,남,25세,상해없음,승용,남,50세,경상
2020062200100625,2020년 6월 22일 19시,월요일,강원도 속초시 조양동,중상사고,0,1,0,0,차대차 - 측면충돌,안전운전불이행,건조,맑음,교차로 - 교차로부근,화물,남,51세,상해없음,이륜,남,43세,중상
2020062200100652,2020년 6월 22일 20시,월요일,강원도 춘천시 중앙로2가,부상신고사고,0,0,0,1,차대차 - 기타,신호위반,건조,맑음,교차로 - 교차로안,이륜,남,28세,부상신고,화물,남,68세,상해없음
2020062200100653,2020년 6월 22일 20시,월요일,강원도 철원군 갈말읍,중상사고,0,1,0,0,차대차 - 측면충돌,안전운전불이행,건조,맑음,단일로 - 기타,승용,남,49세,상해없음,화물,남,33세,중상
2020062200100715,2020년 6월 22일 22시,월요일,강원도 속초시 대포동,중상사고,0,1,0,0,차대차 - 정면충돌,신호위반,건조,맑음,교차로 - 교차로안,승용,남,74세,상해없음,승용,남,21세,중상
2020062200100734,2020년 6월 22일 23시,월요일,강원도 원주시 학성동,경상사고,0,0,1,0,차대차 - 정면충돌,기타,건조,맑음,단일로 - 기타,자전거,남,37세,경상,자전거,남,67세,상해없음
2020062300100078,2020년 6월 23일 07시,화요일,강원도 원주시 단구동,경상사고,0,0,1,0,차대차 - 측면충돌,교차로운행방법위반,건조,맑음,교차로 - 교차로안,승용,남,45세,상해없음,승용,여,45세,경상
2020062300100120,2020년 6월 23일 08시,화요일,강원도 원주시 명륜동,경상사고,0,0,2,1,차대차 - 추돌,안전거리미확보,건조,맑음,단일로 - 기타,승용,여,35세,부상신고,승용,여,53세,경상
2020062300100174,2020년 6월 23일 09시,화요일,강원도 강릉시 교동,경상사고,0,0,2,0,차대차 - 측면충돌,안전운전불이행,건조,맑음,단일로 - 기타,승용,남,46세,상해없음,승용,남,68세,경상
2020062300100175,2020년 6월 23일 09시,화요일,강원도 속초시 교동,경상사고,0,0,1,0,차대차 - 측면충돌,안전운전불이행,건조,맑음,기타 - 기타,승용,여,52세,상해없음,자전거,남,72세,경상
2020062300100211,2020년 6월 23일 10시,화요일,강원도 원주시 관설동,경상사고,0,0,1,0,차대차 - 측면충돌,안전운전불이행,건조,맑음,단일로 - 기타,승합,남,68세,상해없음,승용,여,35세,경상
2020062300100212,2020년 6월 23일 10시,화요일,강원도 원주시 단계동,경상사고,0,0,1,0,차대차 - 측면충돌,안전운전불이행,기타,맑음,단일로 - 기타,승용,남,76세,상해없음,승용,남,63세,경상
2020062300100213,2020년 6월 23일 10시,화요일,강원도 원주시 단구동,경상사고,0,0,2,1,차대차 - 추돌,직진우회전진행방해,건조,맑음,교차로 - 교차로안,승용,여,49세,부상신고,승용,남,21세,경상
2020062300100258,2020년 6월 23일 11시,화요일,강원도 동해시 천곡동,중상사고,0,1,0,0,차대차 - 측면충돌,안전운전불이행,건조,맑음,단일로 - 기타,승용,남,47세,상해없음,승용,남,73세,중상
2020062300100320,2020년 6월 23일 13시,화요일,강원도 화천군 화천읍,중상사고,0,1,0,0,차대사람 - 보도통행중,보행자보호의무위반,건조,맑음,단일로 - 기타,승용,여,62세,기타불명,보행자,여,8세,중상
2020062300100348,2020년 6월 23일 14시,화요일,강원도 원주시 학성동,경상사고,0,0,1,0,차량단독 - 기타,안전운전불이행,건조,맑음,단일로 - 기타,승합,남,65세,상해없음,,,,
2020062300100349,2020년 6월 23일 14시,화요일,강원도 횡성군 횡성읍,중상사고,0,1,0,0,차대차 - 측면충돌,안전운전불이행,건조,맑음,단일로 - 기타,승용,남,75세,상해없음,자전거,남,43세,중상
2020062300100379,2020년 6월 23일 15시,화요일,강원도 강릉시 대전동,경상사고,0,0,1,0,차대차 - 추돌,안전운전불이행,건조,맑음,단일로 - 기타,승용,남,23세,상해없음,화물,남,67세,경상
2020062300100380,2020년 6월 23일 15시,화요일,강원도 원주시 단계동,경상사고,0,0,1,0,차대차 - 측면충돌,신호위반,건조,맑음,교차로 - 교차로안,승용,남,25세,상해없음,승용,남,39세,경상
2020062300100381,2020년 6월 23일 15시,화요일,강원도 삼척시 정상동,경상사고,0,0,2,0,차대차 - 추돌,안전거리미확보,건조,맑음,교차로 - 교차로부근,건설기계,남,45세,상해없음,화물,남,52세,경상
2020062300100469,2020년 6월 23일 17시,화요일,강원도 태백시 황지동,경상사고,0,0,1,0,차대차 - 측면충돌,안전운전불이행,건조,맑음,교차로 - 교차로안,승용,남,44세,상해없음,승용,여,38세,경상
2020062300100516,2020년 6월 23일 18시,화요일,강원도 삼척시 신기면,경상사고,0,0,1,0,차대차 - 측면충돌,안전운전불이행,건조,맑음,교차로 - 교차로부근,화물,남,62세,상해없음,승용,남,40세,경상
2020062300100598,2020년 6월 23일 20시,화요일,강원도 원주시 봉산동,경상사고,0,0,2,0,차대차 - 측면충돌,직진우회전진행방해,건조,맑음,교차로 - 교차로안,승용,남,42세,상해없음,이륜,남,73세,경상
2020062300100599,2020년 6월 23일 20시,화요일,강원도 삼척시 도계읍,중상사고,0,1,0,0,차대사람 - 차도통행중,안전운전불이행,건조,맑음,단일로 - 기타,승용,여,52세,상해없음,보행자,여,61세,중상
2020062300100639,2020년 6월 23일 21시,화요일,강원도 원주시 학성동,중상사고,0,1,0,0,차대차 - 기타,안전운전불이행,건조,맑음,단일로 - 기타,승용,남,65세,상해없음,이륜,남,48세,중상
2020062300100640,2020년 6월 23일 21시,화요일,강원도 평창군 방림면,중상사고,0,2,0,0,차대사람 - 횡단중,보행자보호의무위반,건조,맑음,단일로 - 기타,화물,남,73세,상해없음,보행자,남,56세,중상
2020062300100666,2020년 6월 23일 22시,화요일,강원도 홍천군 홍천읍,경상사고,0,0,4,0,차대차 - 측면충돌,교차로운행방법위반,건조,맑음,교차로 - 교차로안,승용,여,46세,경상,승용,남,50세,경상
2020062400100018,2020년 6월 24일 01시,수요일,강원도 속초시 조양동,경상사고,0,0,1,0,차대차 - 측면충돌,교차로운행방법위반,건조,맑음,교차로 - 교차로안,승용,남,73세,상해없음,승용,남,58세,경상
2020062400100039,2020년 6월 24일 04시,수요일,강원도 고성군 간성읍,중상사고,0,1,3,0,차량단독 - 도로외이탈 - 기타,과속,젖음/습기,비,단일로 - 기타,승합,남,50세,상해없음,,,,
2020062400100047,2020년 6월 24일 05시,수요일,강원도 평창군 진부면,중상사고,0,6,1,0,차대차 - 측면충돌,안전운전불이행,건조,흐림,교차로 - 교차로안,승용,남,64세,상해없음,승합,여,67세,중상
2020062400100056,2020년 6월 24일 06시,수요일,강원도 강릉시 견소동,경상사고,0,0,1,0,차대차 - 측면충돌,안전운전불이행,건조,맑음,교차로 - 교차로안,승용,남,65세,상해없음,승용,여,54세,경상
2020062400100103,2020년 6월 24일 08시,수요일,강원도 춘천시 온의동,경상사고,0,0,1,0,차대차 - 기타,안전운전불이행,건조,맑음,단일로 - 기타,승용,남,66세,상해없음,승용,남,21세,경상
2020062400100104,2020년 6월 24일 08시,수요일,강원도 홍천군 두촌면,중상사고,0,1,0,0,차량단독 - 도로외이탈 - 추락,안전운전불이행,건조,맑음,단일로 - 지하차도(도로)내,이륜,남,13세,기타불명,,,,
2020062400100105,2020년 6월 24일 08시,수요일,강원도 철원군 동송읍,사망사고,1,0,0,0,차대차 - 측면충돌,중앙선침범,건조,흐림,교차로 - 교차로부근,승합,남,56세,상해없음,이륜,남,78세,사망
2020062400100197,2020년 6월 24일 11시,수요일,강원도 춘천시 후평동,경상사고,0,0,1,0,차대사람 - 차도통행중,안전운전불이행,젖음/습기,맑음,단일로 - 기타,승용,남,59세,상해없음,보행자,여,56세,경상
2020062400100226,2020년 6월 24일 12시,수요일,강원도 춘천시 효자동,경상사고,0,0,1,0,차대차 - 기타,안전운전불이행,젖음/습기,비,단일로 - 기타,승용,여,45세,상해없음,이륜,남,32세,경상
2020062400100227,2020년 6월 24일 12시,수요일,강원도 삼척시 사직동,중상사고,0,4,0,0,차대차 - 측면충돌,신호위반,건조,흐림,교차로 - 교차로안,승용,남,65세,중상,승용,남,51세,중상
2020062400100228,2020년 6월 24일 12시,수요일,강원도 영월군 한반도면,부상신고사고,0,0,0,1,차대사람 - 기타,안전운전불이행,건조,맑음,주차장 - 주차장,화물,남,72세,상해없음,보행자,여,67세,부상신고
2020062400100259,2020년 6월 24일 13시,수요일,강원도 화천군 화천읍,경상사고,0,0,2,0,차대차 - 정면충돌,안전운전불이행,젖음/습기,비,교차로 - 교차로안,승용,남,64세,상해없음,화물,남,60세,경상
2020062400100301,2020년 6월 24일 14시,수요일,강원도 속초시 교동,경상사고,0,0,2,0,차대차 - 측면충돌,교차로운행방법위반,젖음/습기,비,교차로 - 교차로안,화물,남,70세,상해없음,승용,여,49세,경상
2020062400100342,2020년 6월 24일 15시,수요일,강원도 강릉시 주문진읍,중상사고,0,1,1,0,차대차 - 정면충돌,중앙선침범,젖음/습기,비,단일로 - 기타,승용,남,63세,경상,승용,남,52세,중상
2020062400100384,2020년 6월 24일 16시,수요일,강원도 원주시 단계동,경상사고,0,0,1,0,차대차 - 측면충돌,직진우회전진행방해,젖음/습기,맑음,교차로 - 교차로안,승용,남,34세,기타불명,이륜,남,31세,경상
2020062400100385,2020년 6월 24일 16시,수요일,강원도 태백시 혈동,경상사고,0,0,2,0,차량단독 - 공작물충돌,안전운전불이행,젖음/습기,비,단일로 - 기타,승용,남,35세,경상,,,,
2020062400100386,2020년 6월 24일 16시,수요일,강원도 양구군 양구읍,중상사고,0,1,1,0,차대차 - 기타,안전운전불이행,젖음/습기,비,교차로 - 교차로안,승용,남,47세,상해없음,승용,여,67세,중상
2020062400100469,2020년 6월 24일 18시,수요일,강원도 원주시 반곡동,경상사고,0,0,1,0,차대차 - 기타,교차로운행방법위반,젖음/습기,비,교차로 - 교차로안,이륜,남,34세,경상,승용,남,42세,상해없음
2020062400100514,2020년 6월 24일 19시,수요일,강원도 원주시 지정면,경상사고,0,0,1,0,차대차 - 기타,안전운전불이행,건조,맑음,교차로 - 교차로안,승용,여,46세,상해없음,이륜,남,33세,경상
2020062400100515,2020년 6월 24일 19시,수요일,강원도 평창군 대화면,중상사고,0,3,0,0,차대차 - 정면충돌,중앙선침범,젖음/습기,비,기타 - 기타,화물,남,52세,중상,승용,남,80세,중상
2020062400100559,2020년 6월 24일 20시,수요일,강원도 춘천시 퇴계동,경상사고,0,0,1,0,차대차 - 측면충돌,안전거리미확보,젖음/습기,비,단일로 - 기타,승용,여,67세,상해없음,이륜,남,21세,경상
2020062400100560,2020년 6월 24일 20시,수요일,강원도 춘천시 퇴계동,경상사고,0,0,2,0,차대차 - 추돌,안전운전불이행,젖음/습기,비,단일로 - 기타,승용,남,47세,상해없음,승용,남,50세,경상
2020062400100561,2020년 6월 24일 20시,수요일,강원도 원주시 신림면,경상사고,0,0,1,0,차대차 - 측면충돌,중앙선침범,젖음/습기,비,단일로 - 기타,승용,남,57세,상해없음,승용,남,44세,경상
2020062400100652,2020년 6월 24일 22시,수요일,강원도 원주시 단구동,경상사고,0,0,1,0,차대차 - 기타,중앙선침범,건조,맑음,단일로 - 기타,승용,남,38세,상해없음,이륜,남,23세,경상
2020062500100092,2020년 6월 25일 06시,목요일,강원도 춘천시 신동면,중상사고,0,1,1,0,차대차 - 정면충돌,중앙선침범,젖음/습기,비,단일로 - 기타,화물,남,48세,상해없음,승용,남,56세,경상
2020062500100134,2020년 6월 25일 08시,목요일,강원도 춘천시 효자동,경상사고,0,0,1,0,차대사람 - 횡단중,안전운전불이행,건조,맑음,단일로 - 기타,화물,남,57세,상해없음,보행자,여,65세,경상
2020062500100163,2020년 6월 25일 09시,목요일,강원도 춘천시 퇴계동,중상사고,0,1,0,0,차대차 - 측면충돌,안전운전불이행,젖음/습기,비,교차로 - 교차로안,자전거,여,60세,중상,승용,남,51세,상해없음
2020062500100194,2020년 6월 25일 10시,목요일,강원도 태백시 화전동,경상사고,0,0,1,0,차대차 - 추돌,안전운전불이행,건조,맑음,단일로 - 기타,화물,남,68세,상해없음,승용,여,46세,경상
2020062500100220,2020년 6월 25일 11시,목요일,강원도 강릉시 주문진읍,경상사고,0,0,1,0,차대차 - 측면충돌,신호위반,건조,맑음,교차로 - 교차로안,승용,여,52세,상해없음,승용,남,62세,경상
2020062500100221,2020년 6월 25일 11시,목요일,강원도 삼척시 하장면,경상사고,0,0,1,0,차량단독 - 도로외이탈 - 추락,안전운전불이행,건조,맑음,단일로 - 기타,승용,남,70세,상해없음,,,,
2020062500100304,2020년 6월 25일 14시,목요일,강원도 강릉시 송정동,중상사고,0,1,0,0,차대차 - 측면충돌,과속,건조,맑음,교차로 - 교차로안,화물,남,48세,상해없음,승용,남,20세,중상
2020062500100341,2020년 6월 25일 15시,목요일,강원도 원주시 단구동,경상사고,0,0,1,0,차대사람 - 길가장자리구역통행중,안전운전불이행,젖음/습기,비,기타 - 기타,승용,여,52세,기타불명,보행자,남,44세,경상
2020062500100342,2020년 6월 25일 15시,목요일,강원도 삼척시 남양동,경상사고,0,0,1,0,차대사람 - 횡단중,보행자보호의무위반,건조,맑음,단일로 - 기타,승용,남,65세,상해없음,보행자,여,62세,경상
2020062500100374,2020년 6월 25일 16시,목요일,강원도 원주시 관설동,경상사고,0,0,2,0,차대차 - 기타,안전운전불이행,건조,맑음,단일로 - 기타,승용,여,57세,상해없음,승합,남,41세,경상
2020062500100435,2020년 6월 25일 18시,목요일,강원도 춘천시 남산면,경상사고,0,0,1,0,차대차 - 기타,안전운전불이행,건조,맑음,단일로 - 기타,화물,남,72세,상해없음,승용,남,69세,경상
2020062500100436,2020년 6월 25일 18시,목요일,강원도 원주시 단계동,경상사고,0,0,1,0,차대차 - 기타,안전거리미확보,건조,맑음,교차로 - 교차로부근,승용,남,58세,기타불명,화물,남,30세,경상
2020062500100475,2020년 6월 25일 19시,목요일,강원도 속초시 교동,경상사고,0,0,1,0,차대차 - 측면충돌,안전운전불이행,건조,맑음,교차로 - 교차로부근,승용,남,27세,상해없음,이륜,남,37세,경상
2020062500100504,2020년 6월 25일 20시,목요일,강원도 원주시 태장동,중상사고,0,1,0,0,차대차 - 기타,안전운전불이행,건조,맑음,교차로 - 교차로횡단보도내,승용,여,35세,상해없음,자전거,남,15세,중상
2020062500100505,2020년 6월 25일 20시,목요일,강원도 삼척시 당저동,경상사고,0,0,1,0,차대차 - 측면충돌,안전운전불이행,건조,흐림,단일로 - 기타,승용,남,60세,상해없음,승용,여,50세,경상
2020062500100541,2020년 6월 25일 21시,목요일,강원도 철원군 동송읍,경상사고,0,0,1,0,차대차 - 정면충돌,중앙선침범,건조,맑음,단일로 - 기타,승용,여,56세,상해없음,승용,남,44세,경상
2020062600100031,2020년 6월 26일 01시,금요일,강원도 속초시 조양동,중상사고,0,1,0,0,차대차 - 추돌,안전운전불이행,건조,맑음,교차로 - 교차로부근,승용,여,41세,상해없음,승용,남,64세,중상
2020062600100061,2020년 6월 26일 04시,금요일,강원도 철원군 동송읍,경상사고,0,0,2,0,차대차 - 측면충돌,과속,젖음/습기,비,교차로 - 교차로안,승용,남,27세,상해없음,화물,남,55세,경상
2020062600100101,2020년 6월 26일 07시,금요일,강원도 원주시 무실동,경상사고,0,0,1,0,차대사람 - 횡단중,안전운전불이행,건조,맑음,단일로 - 기타,승용,남,56세,상해없음,보행자,남,69세,경상
2020062600100125,2020년 6월 26일 08시,금요일,강원도 원주시 지정면,경상사고,0,0,3,0,차대차 - 추돌,안전운전불이행,젖음/습기,비,교차로 - 교차로부근,승용,여,30세,상해없음,승용,남,44세,경상
2020062600100126,2020년 6월 26일 08시,금요일,강원도 원주시 반곡동,중상사고,0,2,0,0,차대차 - 추돌,교차로운행방법위반,젖음/습기,맑음,교차로 - 교차로안,승합,남,28세,상해없음,승용,여,42세,중상
2020062600100127,2020년 6월 26일 08시,금요일,강원도 원주시 문막읍,경상사고,0,0,2,0,차대차 - 측면충돌,안전운전불이행,건조,맑음,교차로 - 교차로횡단보도내,승용,남,43세,상해없음,화물,여,46세,경상
2020062600100170,2020년 6월 26일 09시,금요일,강원도 태백시 장성동,경상사고,0,0,1,0,차대차 - 측면충돌,차로위반,건조,맑음,교차로 - 교차로부근,건설기계,남,57세,상해없음,화물,남,71세,경상
2020062600100220,2020년 6월 26일 11시,금요일,강원도 춘천시 효자동,중상사고,0,1,1,0,차대사람 - 기타,안전운전불이행,건조,맑음,단일로 - 기타,자전거,여,72세,중상,보행자,남,38세,경상
2020062600100221,2020년 6월 26일 11시,금요일,강원도 원주시 개운동,중상사고,0,1,0,0,차대차 - 기타,직진우회전진행방해,건조,맑음,교차로 - 교차로안,승용,남,66세,상해없음,이륜,남,47세,중상
2020062600100222,2020년 6월 26일 11시,금요일,강원도 속초시 교동,경상사고,0,0,1,0,차대차 - 측면충돌,직진우회전진행방해,건조,맑음,교차로 - 교차로안,승용,남,58세,경상,승용,남,47세,상해없음
2020062600100326,2020년 6월 26일 14시,금요일,강원도 춘천시 우두동,경상사고,0,0,1,0,차대사람 - 길가장자리구역통행중,안전운전불이행,건조,맑음,단일로 - 기타,승용,여,65세,상해없음,보행자,여,29세,경상
2020062600100365,2020년 6월 26일 15시,금요일,강원도 강릉시 성내동,경상사고,0,0,1,0,차대차 - 측면충돌,중앙선침범,건조,맑음,단일로 - 기타,승용,남,58세,상해없음,승용,여,58세,경상
2020062600100366,2020년 6월 26일 15시,금요일,강원도 홍천군 홍천읍,경상사고,0,0,2,0,차대차 - 측면충돌,안전거리미확보,건조,맑음,단일로 - 기타,승용,여,62세,상해없음,화물,남,74세,경상
2020062600100417,2020년 6월 26일 16시,금요일,강원도 춘천시 효자동,경상사고,0,0,1,0,차대사람 - 기타,안전운전불이행,건조,맑음,교차로 - 교차로부근,화물,남,63세,상해없음,보행자,남,49세,경상
2020062600100418,2020년 6월 26일 16시,금요일,강원도 강릉시 왕산면,경상사고,0,0,1,0,차대차 - 추돌,안전운전불이행,건조,맑음,단일로 - 기타,승용,남,56세,상해없음,농기계,남,52세,경상
2020062600100419,2020년 6월 26일 16시,금요일,강원도 평창군 대관령면,부상신고사고,0,0,0,1,차대차 - 기타,안전운전불이행,건조,맑음,교차로 - 교차로안,승용,여,21세,상해없음,농기계,남,75세,부상신고
2020062600100468,2020년 6월 26일 17시,금요일,강원도 강릉시 교동,중상사고,0,1,0,0,차대사람 - 기타,안전운전불이행,건조,맑음,단일로 - 기타,승용,남,49세,상해없음,보행자,남,52세,중상
2020062600100469,2020년 6월 26일 17시,금요일,강원도 평창군 진부면,경상사고,0,0,1,0,차대사람 - 횡단중,안전운전불이행,건조,맑음,기타 - 기타,특수,남,55세,상해없음,보행자,여,7세,경상
2020062600100470,2020년 6월 26일 17시,금요일,강원도 태백시 황지동,중상사고,0,1,1,0,차대차 - 측면충돌,안전운전불이행,건조,맑음,주차장 - 주차장,승용,여,55세,상해없음,승용,남,44세,중상
2020062600100525,2020년 6월 26일 18시,금요일,강원도 원주시 문막읍,경상사고,0,0,1,0,차대차 - 추돌,직진우회전진행방해,건조,맑음,교차로 - 교차로안,승용,여,61세,상해없음,승용,남,44세,경상
2020062600100527,2020년 6월 26일 18시,금요일,강원도 원주시 단계동,중상사고,0,1,0,0,차대차 - 추돌,안전운전불이행,건조,맑음,교차로 - 교차로안,승용,남,58세,기타불명,승용,남,75세,상해없음
2020062600100609,2020년 6월 26일 20시,금요일,강원도 원주시 흥업면,경상사고,0,0,1,0,차대사람 - 기타,안전운전불이행,건조,맑음,단일로 - 기타,승용,남,43세,상해없음,보행자,남,49세,경상
2020062600100645,2020년 6월 26일 21시,금요일,강원도 횡성군 둔내면,중상사고,0,1,0,0,차대사람 - 길가장자리구역통행중,안전운전불이행,건조,맑음,단일로 - 기타,승용,남,59세,상해없음,보행자,남,35세,중상
2020062600100646,2020년 6월 26일 21시,금요일,강원도 철원군 철원읍,경상사고,0,0,1,0,차대차 - 정면충돌,직진우회전진행방해,건조,맑음,교차로 - 교차로안,승용,남,53세,상해없음,이륜,남,39세,경상
2020062600100714,2020년 6월 26일 23시,금요일,강원도 원주시 단구동,경상사고,0,0,1,0,차대차 - 추돌,안전운전불이행,건조,맑음,교차로 - 교차로부근,승용,남,40세,기타불명,이륜,남,26세,경상
2020062700100006,2020년 6월 27일 00시,토요일,강원도 평창군 봉평면,중상사고,0,1,0,0,차대차 - 측면충돌,과속,건조,맑음,교차로 - 교차로부근,승용,남,52세,상해없음,이륜,남,58세,중상
2020062700100035,2020년 6월 27일 01시,토요일,강원도 속초시 조양동,중상사고,0,1,0,0,차대차 - 측면충돌,안전운전불이행,건조,맑음,단일로 - 지하차도(도로)내,승용,남,45세,상해없음,자전거,여,11세,중상
2020062700100104,2020년 6월 27일 07시,토요일,강원도 양양군 양양읍,경상사고,0,0,3,0,차대차 - 측면충돌,교차로운행방법위반,건조,맑음,교차로 - 교차로안,승용,남,42세,상해없음,승용,남,44세,경상
2020062700100105,2020년 6월 27일 07시,토요일,강원도 정선군 정선읍,중상사고,0,1,0,0,차대차 - 정면충돌,신호위반,건조,맑음,단일로 - 기타,승용,남,22세,상해없음,승용,여,71세,중상
2020062700100117,2020년 6월 27일 08시,토요일,강원도 삼척시 근덕면,중상사고,0,1,0,0,차대사람 - 횡단중,안전운전불이행,건조,맑음,단일로 - 기타,승용,남,61세,상해없음,보행자,여,77세,중상
2020062700100134,2020년 6월 27일 09시,토요일,강원도 원주시 지정면,경상사고,0,0,1,0,차대차 - 측면충돌,안전운전불이행,건조,맑음,단일로 - 기타,승용,여,53세,상해없음,화물,남,34세,경상
2020062700100135,2020년 6월 27일 09시,토요일,강원도 정선군 여량면,경상사고,0,0,2,0,차대차 - 정면충돌,중앙선침범,건조,맑음,단일로 - 기타,승용,남,60세,상해없음,승용,여,50세,경상
2020062700100164,2020년 6월 27일 10시,토요일,강원도 강릉시 사천면,경상사고,0,0,2,0,차대차 - 추돌,안전운전불이행,건조,맑음,단일로 - 기타,승용,남,22세,상해없음,승용,여,34세,경상
2020062700100165,2020년 6월 27일 10시,토요일,강원도 원주시 단계동,경상사고,0,0,3,0,차대차 - 추돌,신호위반,건조,맑음,교차로 - 교차로안,승용,여,43세,상해없음,승용,남,67세,경상
2020062700100166,2020년 6월 27일 10시,토요일,강원도 속초시 청학동,중상사고,0,1,0,0,차대차 - 측면충돌,직진우회전진행방해,건조,맑음,단일로 - 기타,승용,남,35세,상해없음,이륜,남,77세,중상
2020062700100198,2020년 6월 27일 11시,토요일,강원도 원주시 호저면,경상사고,0,0,1,0,차대차 - 측면충돌,안전거리미확보,건조,맑음,단일로 - 기타,승용,여,58세,상해없음,화물,남,32세,경상
2020062700100199,2020년 6월 27일 11시,토요일,강원도 평창군 미탄면,경상사고,0,0,2,0,차대차 - 측면충돌,직진우회전진행방해,건조,맑음,교차로 - 교차로안,승용,남,56세,상해없음,승용,남,29세,경상
2020062700100200,2020년 6월 27일 11시,토요일,강원도 철원군 갈말읍,중상사고,0,1,0,0,차대사람 - 기타,안전운전불이행,건조,맑음,기타 - 기타,승용,남,83세,상해없음,보행자,여,51세,중상
2020062700100240,2020년 6월 27일 12시,토요일,강원도 춘천시 퇴계동,경상사고,0,0,2,0,차대차 - 추돌,안전운전불이행,건조,맑음,단일로 - 기타,이륜,남,65세,상해없음,승용,여,48세,경상
2020062700100268,2020년 6월 27일 13시,토요일,강원도 강릉시 홍제동,경상사고,0,0,1,0,차대차 - 측면충돌,안전운전불이행,건조,맑음,교차로 - 교차로안,승용,남,44세,상해없음,승용,여,45세,경상
2020062700100309,2020년 6월 27일 14시,토요일,강원도 춘천시 퇴계동,경상사고,0,0,2,0,차대차 - 기타,교차로운행방법위반,건조,맑음,교차로 - 교차로안,승용,남,58세,상해없음,승용,여,25세,경상
2020062700100310,2020년 6월 27일 14시,토요일,강원도 강릉시 홍제동,중상사고,0,1,0,0,차대차 - 측면충돌,안전운전불이행,건조,맑음,단일로 - 기타,화물,남,59세,상해없음,원동기,남,71세,중상
2020062700100311,2020년 6월 27일 14시,토요일,강원도 삼척시 신기면,중상사고,0,1,1,0,차대차 - 측면충돌,신호위반,건조,맑음,교차로 - 교차로안,승용,여,43세,상해없음,건설기계,남,51세,경상
2020062700100347,2020년 6월 27일 15시,토요일,강원도 고성군 간성읍,경상사고,0,0,2,0,차대차 - 측면충돌,안전운전불이행,건조,흐림,단일로 - 기타,승용,남,63세,상해없음,이륜,남,46세,경상
2020062700100384,2020년 6월 27일 16시,토요일,강원도 원주시 태장동,경상사고,0,0,1,0,차대차 - 추돌,안전운전불이행,건조,맑음,교차로 - 교차로부근,화물,남,52세,상해없음,승용,여,53세,경상
2020062700100385,2020년 6월 27일 16시,토요일,강원도 홍천군 북방면,중상사고,0,1,0,0,차대차 - 측면충돌,교차로운행방법위반,건조,맑음,교차로 - 교차로안,승용,남,24세,상해없음,승용,남,36세,중상
2020062700100424,2020년 6월 27일 17시,토요일,강원도 춘천시 근화동,경상사고,0,0,4,0,차대차 - 측면충돌,교차로운행방법위반,건조,맑음,교차로 - 교차로부근,승용,남,45세,경상,승용,남,38세,경상
2020062700100425,2020년 6월 27일 17시,토요일,강원도 강릉시 강문동,경상사고,0,0,1,0,차대차 - 측면충돌,안전운전불이행,건조,맑음,교차로 - 교차로안,승용,남,58세,상해없음,이륜,남,33세,경상
2020062700100426,2020년 6월 27일 17시,토요일,강원도 원주시 단계동,경상사고,0,0,1,0,차대차 - 추돌,안전거리미확보,건조,맑음,교차로 - 교차로부근,승용,남,25세,상해없음,승용,남,62세,경상
2020062700100497,2020년 6월 27일 19시,토요일,강원도 원주시 단계동,중상사고,0,1,0,0,차대차 - 측면충돌,신호위반,건조,맑음,교차로 - 교차로안,승용,남,67세,상해없음,이륜,남,27세,중상
2020062700100498,2020년 6월 27일 19시,토요일,강원도 홍천군 홍천읍,중상사고,0,2,0,0,차대차 - 측면충돌,차로위반,건조,맑음,단일로 - 지하차도(도로)내,화물,남,73세,상해없음,이륜,남,35세,중상
2020062700100499,2020년 6월 27일 19시,토요일,강원도 태백시 황지동,경상사고,0,0,2,0,차대차 - 측면충돌,안전운전불이행,건조,흐림,교차로 - 교차로안,화물,남,67세,상해없음,승용,남,27세,경상
2020062700100520,2020년 6월 27일 20시,토요일,강원도 속초시 동명동,경상사고,0,0,1,0,차대차 - 측면충돌,불법유턴,젖음/습기,비,교차로 - 교차로부근,승용,남,56세,상해없음,이륜,남,31세,경상
2020062700100559,2020년 6월 27일 21시,토요일,강원도 춘천시 후평동,경상사고,0,0,1,0,차대차 - 기타,기타,건조,맑음,단일로 - 기타,승용,여,36세,상해없음,승용,여,42세,경상