사고번호,사고일시,요일,시군구,사고내용,사망자수,중상자수,경상자수,부상신고자수,사고유형,법규위반,노면상태,기상상태,도로형태,가해운전자 차종,가해운전자 성별,가해운전자 연령,가해운전자 상해정도,피해운전자 차종,피해운전자 성별,피해운전자 연령,피해운전자 상해정도
2020062700100576,2020년 6월 27일 22시,토요일,강원도 원주시 판부면,경상사고,0,0,3,0,차대차 - 기타,안전운전불이행,건조,맑음,교차로 - 교차로횡단보도내,승용,남,47세,상해없음,승용,남,63세,경상
2020062800100117,2020년 6월 28일 09시,일요일,강원도 양양군 강현면,경상사고,0,0,3,0,차대차 - 기타,중앙선침범,건조,맑음,단일로 - 기타,농기계,남,62세,상해없음,승용,남,38세,경상
2020062800100134,2020년 6월 28일 10시,일요일,강원도 원주시 문막읍,중상사고,0,1,0,0,차대사람 - 기타,안전운전불이행,건조,맑음,기타 - 기타,승용,남,55세,상해없음,보행자,남,38세,중상
2020062800100154,2020년 6월 28일 11시,일요일,강원도 춘천시 남산면,경상사고,0,0,1,0,차대사람 - 기타,안전운전불이행,건조,맑음,기타 - 기타,자전거,남,63세,상해없음,보행자,여,42세,경상
2020062800100155,2020년 6월 28일 11시,일요일,강원도 강릉시 사천면,경상사고,0,0,1,0,차대차 - 측면충돌,안전운전불이행,건조,맑음,교차로 - 교차로안,화물,여,54세,상해없음,이륜,남,41세,경상
2020062800100156,2020년 6월 28일 11시,일요일,강원도 강릉시 주문진읍,중상사고,0,1,0,0,차대차 - 추돌,신호위반,건조,맑음,단일로 - 기타,승용,남,67세,상해없음,이륜,남,46세,중상
2020062800100157,2020년 6월 28일 11시,일요일,강원도 정선군 임계면,중상사고,0,1,0,0,차대차 - 정면충돌,중앙선침범,건조,맑음,단일로 - 기타,화물,남,51세,상해없음,화물,여,51세,중상
2020062800100158,2020년 6월 28일 11시,일요일,강원도 고성군 토성면,부상신고사고,0,0,0,2,차대차 - 후진중충돌,안전운전불이행,건조,맑음,주차장 - 주차장,승용,남,46세,상해없음,승용,남,40세,부상신고
2020062800100187,2020년 6월 28일 12시,일요일,강원도 춘천시 퇴계동,경상사고,0,0,1,0,차대차 - 측면충돌,안전운전불이행,건조,맑음,단일로 - 기타,화물,남,50세,상해없음,승용,남,32세,경상
2020062800100188,2020년 6월 28일 12시,일요일,강원도 평창군 미탄면,경상사고,0,0,2,0,차대차 - 기타,안전운전불이행,건조,맑음,교차로 - 교차로안,승용,남,34세,상해없음,승용,남,29세,경상
2020062800100189,2020년 6월 28일 12시,일요일,강원도 동해시 지흥동,중상사고,0,1,0,0,차대차 - 측면충돌,안전운전불이행,건조,맑음,단일로 - 기타,승용,남,64세,상해없음,승용,여,44세,중상
2020062800100216,2020년 6월 28일 13시,일요일,강원도 속초시 조양동,경상사고,0,0,2,0,차대차 - 추돌,안전운전불이행,건조,맑음,기타 - 기타,승용,남,67세,상해없음,승용,남,37세,경상
2020062800100275,2020년 6월 28일 15시,일요일,강원도 화천군 사내면,중상사고,0,2,0,0,차대차 - 추돌,안전거리미확보,건조,맑음,단일로 - 기타,승용,남,25세,상해없음,승용,여,37세,중상
2020062800100276,2020년 6월 28일 15시,일요일,강원도 횡성군 횡성읍,중상사고,0,1,0,0,차대차 - 측면충돌,안전운전불이행,건조,맑음,교차로 - 교차로안,승용,남,57세,상해없음,이륜,남,70세,중상
2020062800100315,2020년 6월 28일 16시,일요일,강원도 춘천시 석사동,중상사고,0,1,1,0,차대차 - 측면충돌,신호위반,건조,맑음,교차로 - 교차로안,이륜,남,42세,중상,승용,여,50세,경상
2020062800100316,2020년 6월 28일 16시,일요일,강원도 속초시 교동,경상사고,0,0,3,0,차대차 - 측면충돌,신호위반,건조,맑음,교차로 - 교차로안,승용,남,23세,상해없음,승용,여,48세,경상
2020062800100317,2020년 6월 28일 16시,일요일,강원도 삼척시 교동,중상사고,0,1,1,0,차대차 - 측면충돌,안전운전불이행,건조,맑음,교차로 - 교차로안,승용,남,68세,상해없음,승용,남,29세,중상
2020062800100318,2020년 6월 28일 16시,일요일,강원도 홍천군 화촌면,경상사고,0,0,1,0,차대차 - 측면충돌,안전거리미확보,건조,맑음,단일로 - 지하차도(도로)내,승용,여,53세,상해없음,이륜,남,69세,경상
2020062800100346,2020년 6월 28일 17시,일요일,강원도 춘천시 효자동,경상사고,0,0,1,1,차대차 - 기타,안전거리미확보,건조,맑음,단일로 - 기타,이륜,남,20세,부상신고,승용,남,48세,경상
2020062800100347,2020년 6월 28일 17시,일요일,강원도 강릉시 성산면,경상사고,0,0,3,0,차대차 - 측면충돌,안전운전불이행,건조,맑음,교차로 - 교차로안,화물,남,79세,상해없음,승용,여,34세,경상
2020062800100384,2020년 6월 28일 18시,일요일,강원도 원주시 단계동,경상사고,0,0,2,0,차대차 - 측면충돌,안전거리미확보,건조,맑음,교차로 - 교차로부근,승용,여,47세,상해없음,승용,남,64세,경상
2020062800100420,2020년 6월 28일 19시,일요일,강원도 원주시 학성동,경상사고,0,0,2,0,차대차 - 측면충돌,안전운전불이행,건조,맑음,교차로 - 교차로안,승용,남,58세,상해없음,승용,남,21세,경상
2020062800100443,2020년 6월 28일 20시,일요일,강원도 춘천시 석사동,경상사고,0,0,1,0,차대차 - 측면충돌,안전운전불이행,건조,맑음,교차로 - 교차로안,승용,남,53세,상해없음,이륜,남,39세,경상
2020062800100471,2020년 6월 28일 21시,일요일,강원도 원주시 단계동,경상사고,0,0,3,0,차대차 - 측면충돌,교차로운행방법위반,건조,맑음,교차로 - 교차로안,승용,여,35세,경상,승용,남,30세,경상
2020062900100109,2020년 6월 29일 09시,월요일,강원도 횡성군 우천면,중상사고,0,1,2,0,차대차 - 추돌,안전운전불이행,건조,맑음,단일로 - 기타,승용,남,55세,상해없음,승용,여,52세,경상
2020062900100110,2020년 6월 29일 09시,월요일,강원도 양구군 양구읍,경상사고,0,0,1,0,차대차 - 측면충돌,직진우회전진행방해,건조,맑음,교차로 - 교차로안,승용,여,58세,상해없음,승용,여,39세,경상
2020062900100218,2020년 6월 29일 12시,월요일,강원도 강릉시 용강동,중상사고,0,3,0,0,차대차 - 추돌,안전운전불이행,건조,맑음,단일로 - 기타,승용,남,34세,상해없음,승용,남,50세,중상
2020062900100219,2020년 6월 29일 12시,월요일,강원도 원주시 평원동,중상사고,0,1,0,0,차대차 - 측면충돌,안전거리미확보,건조,맑음,단일로 - 기타,원동기,남,77세,중상,승용,여,37세,상해없음
2020062900100245,2020년 6월 29일 13시,월요일,강원도 강릉시 안현동,경상사고,0,0,1,0,차대차 - 측면충돌,안전운전불이행,건조,맑음,교차로 - 교차로안,승용,남,35세,상해없음,이륜,남,41세,경상
2020062900100246,2020년 6월 29일 13시,월요일,강원도 원주시 문막읍,경상사고,0,0,3,0,차대차 - 기타,중앙선침범,건조,맑음,단일로 - 기타,승용,남,56세,상해없음,승용,남,53세,경상
2020062900100247,2020년 6월 29일 13시,월요일,강원도 원주시 단계동,경상사고,0,0,1,0,차대차 - 측면충돌,안전운전불이행,건조,맑음,교차로 - 교차로부근,승용,남,67세,기타불명,승용,남,48세,경상
2020062900100281,2020년 6월 29일 14시,월요일,강원도 속초시 청학동,중상사고,0,1,0,0,차대차 - 측면충돌,중앙선침범,건조,맑음,교차로 - 교차로부근,승용,여,61세,상해없음,승용,여,61세,중상
2020062900100282,2020년 6월 29일 14시,월요일,강원도 고성군 토성면,중상사고,0,2,0,0,차대차 - 추돌,안전운전불이행,건조,맑음,단일로 - 기타,승용,남,24세,상해없음,이륜,남,23세,중상
2020062900100312,2020년 6월 29일 15시,월요일,강원도 춘천시 서면,경상사고,0,0,2,0,차대차 - 측면충돌,중앙선침범,건조,맑음,단일로 - 기타,화물,남,36세,상해없음,승용,남,20세,경상
2020062900100313,2020년 6월 29일 15시,월요일,강원도 원주시 중앙동,중상사고,0,1,0,0,차대사람 - 횡단중,신호위반,건조,맑음,교차로 - 교차로횡단보도내,승용,여,51세,상해없음,보행자,여,76세,중상
2020062900100314,2020년 6월 29일 15시,월요일,강원도 평창군 대관령면,중상사고,0,1,0,0,차대차 - 측면충돌,안전거리미확보,건조,흐림,교차로 - 교차로안,승용,남,42세,상해없음,기타불명,여,79세,중상
2020062900100400,2020년 6월 29일 17시,월요일,강원도 삼척시 원당동,경상사고,0,0,1,0,차대차 - 측면충돌,신호위반,건조,맑음,교차로 - 교차로안,승용,여,61세,상해없음,승용,여,70세,경상
2020062900100448,2020년 6월 29일 18시,월요일,강원도 춘천시 서면,중상사고,0,1,1,0,차대차 - 측면충돌,신호위반,건조,맑음,교차로 - 교차로안,승용,여,53세,경상,승용,여,54세,중상
2020062900100449,2020년 6월 29일 18시,월요일,강원도 홍천군 북방면,경상사고,0,0,2,0,차대차 - 측면충돌,직진우회전진행방해,건조,맑음,교차로 - 교차로안,화물,여,66세,경상,승용,남,76세,경상
2020062900100529,2020년 6월 29일 20시,월요일,강원도 원주시 관설동,경상사고,0,0,1,0,차대사람 - 횡단중,보행자보호의무위반,건조,맑음,단일로 - 기타,이륜,남,21세,상해없음,보행자,여,50세,경상
2020062900100631,2020년 6월 29일 22시,월요일,강원도 원주시 단계동,경상사고,0,0,1,0,차대사람 - 보도통행중,보행자보호의무위반,젖음/습기,비,교차로 - 교차로횡단보도내,승용,여,49세,상해없음,보행자,남,47세,경상
2020062900100666,2020년 6월 29일 23시,월요일,강원도 속초시 금호동,경상사고,0,0,1,0,차대차 - 측면충돌,안전운전불이행,젖음/습기,비,교차로 - 교차로부근,승용,남,23세,상해없음,승합,남,26세,경상
2020062900100667,2020년 6월 29일 23시,월요일,강원도 삼척시 남양동,경상사고,0,0,1,0,차대차 - 측면충돌,안전운전불이행,젖음/습기,비,교차로 - 교차로부근,승용,남,72세,상해없음,승용,남,19세,경상
2020063000100013,2020년 6월 30일 00시,화요일,강원도 원주시 호저면,중상사고,0,1,0,0,차대차 - 정면충돌,중앙선침범,건조,맑음,단일로 - 기타,화물,남,54세,상해없음,승용,남,38세,중상
2020063000100029,2020년 6월 30일 01시,화요일,강원도 춘천시 우두동,경상사고,0,0,2,0,차대차 - 추돌,안전거리미확보,젖음/습기,비,단일로 - 기타,승용,여,21세,상해없음,승용,남,54세,경상
2020063000100086,2020년 6월 30일 07시,화요일,강원도 화천군 화천읍,경상사고,0,0,1,0,차대차 - 측면충돌,안전운전불이행,건조,맑음,교차로 - 교차로안,승용,남,41세,경상,화물,남,69세,상해없음
2020063000100087,2020년 6월 30일 07시,화요일,강원도 횡성군 갑천면,중상사고,0,1,4,0,차량단독 - 공작물충돌,안전운전불이행,젖음/습기,비,교차로 - 교차로부근,승합,남,66세,상해없음,,,,
2020063000100172,2020년 6월 30일 10시,화요일,강원도 원주시 무실동,경상사고,0,0,1,0,차대차 - 추돌,교차로운행방법위반,건조,맑음,교차로 - 교차로안,승용,여,40세,상해없음,승용,남,39세,경상
2020063000100192,2020년 6월 30일 11시,화요일,강원도 원주시 단계동,경상사고,0,0,2,0,차대차 - 기타,안전거리미확보,건조,맑음,교차로 - 교차로안,승용,남,81세,상해없음,승합,남,52세,상해없음
2020063000100218,2020년 6월 30일 12시,화요일,강원도 원주시 단구동,경상사고,0,0,4,0,차대차 - 정면충돌,신호위반,건조,맑음,교차로 - 교차로안,승용,남,35세,경상,승용,여,41세,경상
2020063000100250,2020년 6월 30일 13시,화요일,강원도 속초시 교동,경상사고,0,0,1,0,차대차 - 측면충돌,신호위반,건조,맑음,교차로 - 교차로부근,승용,남,60세,상해없음,승용,남,27세,경상
2020063000100251,2020년 6월 30일 13시,화요일,강원도 태백시 장성동,중상사고,0,1,0,0,차대사람 - 기타,안전운전불이행,젖음/습기,흐림,교차로 - 교차로안,승용,남,58세,상해없음,보행자,남,67세,중상
2020063000100382,2020년 6월 30일 17시,화요일,강원도 원주시 무실동,경상사고,0,0,1,0,차대차 - 측면충돌,신호위반,건조,맑음,교차로 - 교차로안,승용,남,54세,기타불명,승용,여,55세,경상
2020063000100383,2020년 6월 30일 17시,화요일,강원도 원주시 태장동,경상사고,0,0,1,0,차대차 - 추돌,안전거리미확보,건조,흐림,단일로 - 교량,승용,여,54세,상해없음,승용,여,48세,경상
2020063000100384,2020년 6월 30일 17시,화요일,강원도 동해시 천곡동,경상사고,0,0,1,0,차대차 - 측면충돌,직진우회전진행방해,젖음/습기,비,교차로 - 교차로안,승용,여,41세,상해없음,승용,남,57세,상해없음
2020063000100425,2020년 6월 30일 18시,화요일,강원도 춘천시 소양로1가,경상사고,0,0,1,0,차대사람 - 횡단중,보행자보호의무위반,건조,맑음,교차로 - 교차로횡단보도내,승용,여,56세,상해없음,보행자,여,76세,경상
2020063000100468,2020년 6월 30일 19시,화요일,강원도 양구군 해안면,중상사고,0,1,0,0,차대차 - 정면충돌,직진우회전진행방해,젖음/습기,비,교차로 - 교차로안,승용,남,33세,상해없음,화물,여,66세,중상
2020063000100492,2020년 6월 30일 20시,화요일,강원도 속초시 청학동,중상사고,0,2,2,0,차대차 - 측면충돌,신호위반,젖음/습기,비,교차로 - 교차로안,승용,남,65세,상해없음,승용,남,58세,경상
2020063000100575,2020년 6월 30일 22시,화요일,강원도 춘천시 효자동,경상사고,0,0,1,0,차대사람 - 기타,안전운전불이행,젖음/습기,비,교차로 - 교차로부근,승용,남,48세,상해없음,보행자,여,50세,경상
2020063000100576,2020년 6월 30일 22시,화요일,강원도 원주시 태장동,경상사고,0,0,5,0,차대차 - 추돌,안전운전불이행,젖음/습기,비,단일로 - 기타,승용,남,47세,상해없음,승용,기타불명,미분류,기타불명
2020063000100608,2020년 6월 30일 23시,화요일,강원도 강릉시 노암동,경상사고,0,0,2,0,차대차 - 측면충돌,안전운전불이행,젖음/습기,비,교차로 - 교차로안,승용,남,39세,상해없음,승용,남,46세,경상
2020063000100609,2020년 6월 30일 23시,화요일,강원도 영월군 한반도면,부상신고사고,0,0,0,1,차량단독 - 전도전복 - 전도,안전운전불이행,젖음/습기,비,단일로 - 교량,승용,남,68세,부상신고,,,,
2020070100100022,2020년 7월 1일 01시,수요일,강원도 원주시 호저면,사망사고,1,0,0,0,차대사람 - 차도통행중,과속,젖음/습기,비,단일로 - 기타,승용,남,57세,상해없음,보행자,남,27세,사망
2020070100100053,2020년 7월 1일 05시,수요일,강원도 춘천시 후평동,경상사고,0,0,1,0,차대차 - 측면충돌,안전운전불이행,젖음/습기,비,교차로 - 교차로부근,승용,남,61세,기타불명,승합,남,47세,경상
2020070100100150,2020년 7월 1일 09시,수요일,강원도 홍천군 동면,경상사고,0,0,1,0,차대차 - 측면충돌,안전운전불이행,건조,맑음,단일로 - 기타,화물,남,69세,상해없음,승용,여,59세,경상
2020070100100179,2020년 7월 1일 10시,수요일,강원도 강릉시 연곡면,중상사고,0,1,0,0,차대차 - 측면충돌,안전운전불이행,건조,맑음,교차로 - 교차로안,승용,여,59세,상해없음,승용,여,58세,중상
2020070100100180,2020년 7월 1일 10시,수요일,강원도 원주시 지정면,경상사고,0,0,1,0,차대차 - 측면충돌,신호위반,건조,맑음,교차로 - 교차로안,승용,여,45세,상해없음,승용,남,45세,경상
2020070100100200,2020년 7월 1일 11시,수요일,강원도 홍천군 홍천읍,중상사고,0,1,0,0,차대차 - 측면충돌,직진우회전진행방해,건조,맑음,교차로 - 교차로안,승용,남,50세,상해없음,자전거,남,82세,중상
2020070100100238,2020년 7월 1일 12시,수요일,강원도 춘천시 퇴계동,경상사고,0,0,1,0,차대차 - 측면충돌,안전거리미확보,건조,맑음,단일로 - 기타,승용,남,80세,상해없음,승용,남,37세,경상
2020070100100239,2020년 7월 1일 12시,수요일,강원도 홍천군 홍천읍,경상사고,0,0,3,0,차대차 - 측면충돌,안전운전불이행,건조,맑음,교차로 - 교차로안,승용,남,65세,상해없음,승용,여,49세,경상
2020070100100240,2020년 7월 1일 12시,수요일,강원도 홍천군 홍천읍,중상사고,0,1,0,0,차대차 - 측면충돌,직진우회전진행방해,건조,맑음,교차로 - 교차로안,승용,여,35세,상해없음,승용,남,40세,중상
2020070100100260,2020년 7월 1일 13시,수요일,강원도 속초시 청학동,중상사고,0,1,1,0,차대차 - 측면충돌,중앙선침범,건조,맑음,교차로 - 교차로안,승용,남,61세,중상,승용,여,61세,경상
2020070100100261,2020년 7월 1일 13시,수요일,강원도 삼척시 근덕면,경상사고,0,0,1,0,차량단독 - 공작물충돌,안전운전불이행,건조,맑음,단일로 - 기타,승용,여,71세,경상,,,,
2020070100100320,2020년 7월 1일 15시,수요일,강원도 춘천시 석사동,경상사고,0,0,2,0,차대차 - 측면충돌,중앙선침범,건조,맑음,단일로 - 기타,승용,남,64세,상해없음,승용,남,22세,경상
2020070100100351,2020년 7월 1일 16시,수요일,강원도 강릉시 주문진읍,경상사고,0,0,1,0,차대차 - 추돌,안전운전불이행,건조,맑음,단일로 - 기타,승용,남,37세,상해없음,승용,기타불명,미분류,기타불명
2020070100100383,2020년 7월 1일 17시,수요일,강원도 원주시 반곡동,경상사고,0,0,1,0,차대차 - 추돌,중앙선침범,건조,맑음,단일로 - 기타,승용,여,62세,상해없음,승용,남,48세,경상
2020070100100430,2020년 7월 1일 18시,수요일,강원도 춘천시 근화동,경상사고,0,0,2,0,차대차 - 측면충돌,차로위반,건조,맑음,교차로 - 교차로부근,화물,남,47세,상해없음,승용,남,34세,경상
2020070100100431,2020년 7월 1일 18시,수요일,강원도 원주시 명륜동,경상사고,0,0,1,0,차대차 - 추돌,안전운전불이행,건조,맑음,교차로 - 교차로안,승합,남,60세,상해없음,승용,남,53세,경상
2020070100100432,2020년 7월 1일 18시,수요일,강원도 평창군 봉평면,중상사고,0,1,0,0,차대차 - 측면충돌,직진우회전진행방해,건조,맑음,교차로 - 교차로안,승용,여,61세,기타불명,승용,여,25세,중상
2020070100100468,2020년 7월 1일 19시,수요일,강원도 원주시 무실동,경상사고,0,0,1,0,차대차 - 측면충돌,안전운전불이행,건조,맑음,단일로 - 기타,승용,여,64세,상해없음,승용,남,26세,경상
2020070100100535,2020년 7월 1일 21시,수요일,강원도 강릉시 포남동,경상사고,0,0,1,0,차대차 - 기타,신호위반,건조,맑음,기타 - 기타,승용,남,57세,상해없음,자전거,남,11세,경상
2020070100100536,2020년 7월 1일 21시,수요일,강원도 태백시 화전동,경상사고,0,0,2,0,차대차 - 측면충돌,안전운전불이행,건조,맑음,교차로 - 교차로부근,화물,남,48세,상해없음,승용,남,55세,경상
2020070100100537,2020년 7월 1일 21시,수요일,강원도 고성군 거진읍,부상신고사고,0,0,0,1,차대사람 - 횡단중,안전운전불이행,건조,기타,교차로 - 교차로안,승용,남,56세,상해없음,보행자,여,49세,부상신고
2020070200100048,2020년 7월 2일 06시,목요일,강원도 춘천시 석사동,경상사고,0,0,1,0,차대차 - 기타,신호위반,건조,맑음,교차로 - 교차로안,이륜,남,84세,상해없음,화물,남,60세,경상
2020070200100140,2020년 7월 2일 09시,목요일,강원도 춘천시 운교동,경상사고,0,0,1,1,차대차 - 측면충돌,기타,건조,맑음,단일로 - 기타,이륜,남,59세,경상,승용,여,46세,부상신고
2020070200100141,2020년 7월 2일 09시,목요일,강원도 춘천시 신동면,중상사고,0,2,0,0,차대사람 - 기타,안전운전불이행,건조,맑음,교차로 - 교차로부근,승용,여,61세,상해없음,보행자,여,73세,중상
2020070200100177,2020년 7월 2일 10시,목요일,강원도 고성군 죽왕면,경상사고,0,0,1,0,차대차 - 측면충돌,안전운전불이행,건조,맑음,기타 - 기타,승용,남,61세,상해없음,승용,남,30세,경상
2020070200100211,2020년 7월 2일 11시,목요일,강원도 원주시 흥업면,중상사고,0,1,0,0,차대차 - 측면충돌,신호위반,건조,맑음,교차로 - 교차로안,승용,남,55세,상해없음,승용,여,67세,중상
2020070200100212,2020년 7월 2일 11시,목요일,강원도 고성군 토성면,경상사고,0,0,1,0,차대차 - 측면충돌,안전운전불이행,건조,맑음,기타 - 기타,화물,남,51세,상해없음,자전거,남,69세,경상
2020070200100236,2020년 7월 2일 12시,목요일,강원도 춘천시 남면,경상사고,0,0,1,0,차대차 - 측면충돌,안전운전불이행,건조,맑음,단일로 - 기타,승용,여,27세,상해없음,화물,남,61세,상해없음
2020070200100237,2020년 7월 2일 12시,목요일,강원도 동해시 천곡동,경상사고,0,0,1,0,차대사람 - 길가장자리구역통행중,보행자보호의무위반,건조,맑음,단일로 - 기타,승용,여,51세,상해없음,보행자,여,28세,경상
2020070200100315,2020년 7월 2일 14시,목요일,강원도 강릉시 포남동,경상사고,0,0,1,0,차대차 - 측면충돌,안전운전불이행,건조,맑음,단일로 - 기타,승용,남,72세,상해없음,자전거,남,55세,경상
2020070200100316,2020년 7월 2일 14시,목요일,강원도 횡성군 둔내면,중상사고,0,1,1,0,차대차 - 추돌,안전운전불이행,건조,맑음,기타 - 기타,승용,여,57세,상해없음,이륜,남,45세,경상
2020070200100317,2020년 7월 2일 14시,목요일,강원도 인제군 남면,중상사고,0,1,1,0,차대차 - 측면충돌,안전운전불이행,건조,맑음,교차로 - 교차로안,승용,남,62세,중상,화물,남,31세,경상
2020070200100344,2020년 7월 2일 15시,목요일,강원도 원주시 소초면,경상사고,0,0,2,0,차대차 - 추돌,안전운전불이행,건조,맑음,단일로 - 기타,승용,남,46세,상해없음,승용,남,42세,경상
2020070200100426,2020년 7월 2일 17시,목요일,강원도 춘천시 서면,중상사고,0,2,0,0,차대차 - 추돌,안전운전불이행,건조,맑음,교차로 - 교차로부근,승용,남,31세,상해없음,승용,여,45세,중상
2020070200100427,2020년 7월 2일 17시,목요일,강원도 강릉시 강동면,경상사고,0,0,1,0,차대차 - 측면충돌,안전운전불이행,건조,맑음,단일로 - 기타,승용,남,62세,상해없음,승용,여,43세,경상
2020070200100428,2020년 7월 2일 17시,목요일,강원도 동해시 동회동,경상사고,0,0,1,0,차대사람 - 보도통행중,보행자보호의무위반,건조,맑음,교차로 - 교차로횡단보도내,승용,여,84세,상해없음,보행자,남,9세,경상
2020070200100474,2020년 7월 2일 18시,목요일,강원도 정선군 신동읍,중상사고,0,1,1,0,차대차 - 정면충돌,기타,건조,맑음,교차로 - 교차로부근,화물,남,54세,중상,승용,남,46세,경상
2020070200100534,2020년 7월 2일 20시,목요일,강원도 원주시 단구동,경상사고,0,0,1,0,차대차 - 기타,안전운전불이행,건조,맑음,단일로 - 기타,승용,남,77세,상해없음,승용,여,46세,경상
2020070300100010,2020년 7월 3일 00시,금요일,강원도 춘천시 후평동,중상사고,0,3,0,0,차대차 - 측면충돌,직진우회전진행방해,건조,맑음,교차로 - 교차로안,승용,남,55세,중상,승용,남,64세,중상
2020070300100070,2020년 7월 3일 06시,금요일,강원도 춘천시 근화동,경상사고,0,0,2,0,차대차 - 측면충돌,교차로운행방법위반,건조,맑음,교차로 - 교차로안,승용,남,50세,경상,승합,남,59세,경상
2020070300100071,2020년 7월 3일 06시,금요일,강원도 동해시 평릉동,경상사고,0,0,1,0,차대차 - 측면충돌,중앙선침범,건조,맑음,단일로 - 기타,승용,여,53세,상해없음,승용,남,49세,경상
2020070300100113,2020년 7월 3일 08시,금요일,강원도 속초시 영랑동,경상사고,0,0,1,0,차대차 - 측면충돌,안전운전불이행,건조,맑음,교차로 - 교차로안,승용,여,55세,상해없음,승용,여,53세,경상
2020070300100216,2020년 7월 3일 11시,금요일,강원도 원주시 단계동,경상사고,0,0,1,0,차대차 - 측면충돌,안전운전불이행,건조,맑음,교차로 - 교차로안,승용,여,43세,상해없음,승용,남,31세,경상
2020070300100275,2020년 7월 3일 13시,금요일,강원도 삼척시 노곡면,중상사고,0,1,0,0,차대차 - 측면충돌,안전운전불이행,건조,맑음,교차로 - 교차로안,원동기,남,83세,중상,승용,여,60세,상해없음
2020070300100276,2020년 7월 3일 13시,금요일,강원도 홍천군 홍천읍,경상사고,0,0,2,0,차대차 - 후진중충돌,안전운전불이행,건조,맑음,단일로 - 지하차도(도로)내,승용,여,45세,상해없음,승용,여,52세,경상
2020070300100309,2020년 7월 3일 14시,금요일,강원도 춘천시 우두동,경상사고,0,0,3,0,차대차 - 기타,교차로운행방법위반,건조,맑음,교차로 - 교차로안,승용,여,42세,상해없음,승용,여,70세,경상
2020070300100346,2020년 7월 3일 15시,금요일,강원도 춘천시 효자동,경상사고,0,0,2,0,차대차 - 추돌,안전거리미확보,건조,맑음,단일로 - 기타,승용,남,53세,상해없음,승합,남,34세,경상
2020070300100379,2020년 7월 3일 16시,금요일,강원도 삼척시 가곡면,중상사고,0,1,0,0,차량단독 - 공작물충돌,안전운전불이행,건조,맑음,단일로 - 기타,화물,남,62세,중상,,,,
2020070300100380,2020년 7월 3일 16시,금요일,강원도 횡성군 둔내면,중상사고,0,1,2,0,차대차 - 측면충돌,중앙선침범,건조,맑음,교차로 - 교차로안,화물,남,52세,상해없음,이륜,남,16세,중상
2020070300100437,2020년 7월 3일 17시,금요일,강원도 춘천시 퇴계동,경상사고,0,0,1,0,차대차 - 측면충돌,안전거리미확보,건조,맑음,단일로 - 기타,승용,여,53세,경상,승용,남,69세,상해없음
2020070300100438,2020년 7월 3일 17시,금요일,강원도 원주시 판부면,경상사고,0,0,2,0,차대차 - 추돌,안전운전불이행,건조,맑음,기타 - 기타,승용,여,29세,상해없음,승용,남,46세,경상
2020070300100485,2020년 7월 3일 18시,금요일,강원도 춘천시 후평동,경상사고,0,0,5,0,차대차 - 기타,교차로운행방법위반,건조,맑음,교차로 - 교차로안,승용,여,59세,상해없음,승용,남,42세,경상
2020070300100486,2020년 7월 3일 18시,금요일,강원도 춘천시 동면,경상사고,0,0,1,0,차대차 - 측면충돌,안전운전불이행,건조,맑음,교차로 - 교차로부근,승용,남,40세,경상,승용,여,64세,상해없음
2020070300100487,2020년 7월 3일 18시,금요일,강원도 원주시 판부면,중상사고,0,1,0,0,차대사람 - 차도통행중,안전운전불이행,건조,흐림,단일로 - 기타,승용,남,63세,상해없음,보행자,여,62세,중상
2020070300100518,2020년 7월 3일 19시,금요일,강원도 강릉시 교동,경상사고,0,0,1,0,차대차 - 측면충돌,안전운전불이행,건조,맑음,교차로 - 교차로안,승용,남,79세,상해없음,원동기,남,27세,경상
2020070300100555,2020년 7월 3일 20시,금요일,강원도 춘천시 효자동,경상사고,0,0,1,0,차대사람 - 기타,안전운전불이행,건조,맑음,기타 - 기타,자전거,남,24세,상해없음,보행자,남,21세,경상
2020070300100596,2020년 7월 3일 21시,금요일,강원도 강릉시 포남동,경상사고,0,0,1,0,차대차 - 측면충돌,안전운전불이행,건조,맑음,단일로 - 기타,승용,여,31세,상해없음,화물,남,64세,경상
2020070300100635,2020년 7월 3일 22시,금요일,강원도 강릉시 포남동,경상사고,0,0,4,0,차대차 - 추돌,안전운전불이행,건조,맑음,교차로 - 교차로부근,승용,남,35세,상해없음,승용,여,50세,경상
2020070400100022,2020년 7월 4일 00시,토요일,강원도 홍천군 북방면,경상사고,0,0,1,0,차대차 - 추돌,안전운전불이행,건조,맑음,단일로 - 기타,승용,남,32세,상해없음,승합,남,58세,경상
2020070400100101,2020년 7월 4일 05시,토요일,강원도 춘천시 동내면,중상사고,0,1,1,0,차량단독 - 기타,안전운전불이행,건조,맑음,교차로 - 교차로부근,이륜,남,19세,상해없음,,,,
2020070400100149,2020년 7월 4일 08시,토요일,강원도 춘천시 근화동,중상사고,0,1,3,0,차대차 - 측면충돌,직진우회전진행방해,건조,맑음,교차로 - 교차로안,승용,남,33세,중상,승용,남,60세,경상
2020070400100150,2020년 7월 4일 08시,토요일,강원도 화천군 사내면,경상사고,0,0,1,0,차대차 - 추돌,과속,건조,맑음,교차로 - 교차로안,승용,남,29세,상해없음,승용,남,55세,경상
2020070400100194,2020년 7월 4일 10시,토요일,강원도 춘천시 퇴계동,경상사고,0,0,1,0,차대차 - 측면충돌,안전운전불이행,건조,맑음,단일로 - 기타,승용,남,53세,상해없음,이륜,남,18세,경상