사고번호,사고일시,요일,시군구,사고내용,사망자수,중상자수,경상자수,부상신고자수,사고유형,법규위반,노면상태,기상상태,도로형태,가해운전자 차종,가해운전자 성별,가해운전자 연령,가해운전자 상해정도,피해운전자 차종,피해운전자 성별,피해운전자 연령,피해운전자 상해정도
2020071000100266,2020년 7월 10일 13시,금요일,강원도 춘천시 동산면,중상사고,0,1,0,0,차대차 - 측면충돌,중앙선침범,건조,맑음,단일로 - 기타,승용,남,60세,상해없음,승용,남,45세,중상
2020071000100267,2020년 7월 10일 13시,금요일,강원도 원주시 우산동,경상사고,0,0,2,0,차대차 - 기타,안전운전불이행,건조,맑음,단일로 - 기타,화물,남,39세,상해없음,승용,남,42세,경상
2020071000100268,2020년 7월 10일 13시,금요일,강원도 삼척시 남양동,경상사고,0,0,1,0,차대차 - 후진중충돌,안전운전불이행,건조,맑음,교차로 - 교차로안,승용,남,52세,상해없음,이륜,남,26세,경상
2020071000100299,2020년 7월 10일 14시,금요일,강원도 춘천시 송암동,경상사고,0,0,2,0,차대차 - 정면충돌,안전운전불이행,건조,맑음,단일로 - 기타,승합,남,60세,상해없음,승용,남,57세,경상
2020071000100300,2020년 7월 10일 14시,금요일,강원도 고성군 현내면,경상사고,0,0,2,0,차대차 - 측면충돌,안전운전불이행,젖음/습기,비,단일로 - 기타,승용,남,53세,상해없음,화물,남,34세,경상
2020071000100301,2020년 7월 10일 14시,금요일,강원도 고성군 토성면,경상사고,0,0,1,0,차대차 - 측면충돌,안전운전불이행,건조,맑음,기타 - 기타,승용,남,67세,상해없음,승용,남,49세,경상
2020071000100302,2020년 7월 10일 14시,금요일,강원도 동해시 삼화동,경상사고,0,0,2,0,차대차 - 측면충돌,신호위반,젖음/습기,비,교차로 - 교차로안,화물,남,41세,상해없음,승용,남,56세,경상
2020071000100343,2020년 7월 10일 15시,금요일,강원도 원주시 단구동,경상사고,0,0,2,0,차대차 - 후진중충돌,안전운전불이행,건조,맑음,단일로 - 기타,승용,여,58세,상해없음,승용,남,57세,경상
2020071000100344,2020년 7월 10일 15시,금요일,강원도 철원군 철원읍,경상사고,0,0,1,0,차대차 - 후진중충돌,안전운전불이행,젖음/습기,비,교차로 - 교차로안,승용,남,40세,상해없음,승용,여,51세,경상
2020071000100444,2020년 7월 10일 17시,금요일,강원도 강릉시 노암동,중상사고,0,1,0,0,차대차 - 기타,안전운전불이행,젖음/습기,비,교차로 - 교차로안,승용,남,69세,상해없음,이륜,남,48세,중상
2020071000100445,2020년 7월 10일 17시,금요일,강원도 원주시 소초면,경상사고,0,0,1,0,차대차 - 측면충돌,안전운전불이행,건조,맑음,단일로 - 기타,화물,남,47세,상해없음,화물,남,30세,경상
2020071000100534,2020년 7월 10일 19시,금요일,강원도 원주시 단계동,경상사고,0,0,1,0,차대차 - 기타,교차로운행방법위반,건조,맑음,교차로 - 교차로안,승용,여,51세,상해없음,승용,남,44세,경상
2020071000100564,2020년 7월 10일 20시,금요일,강원도 춘천시 운교동,경상사고,0,0,1,0,차대차 - 측면충돌,안전운전불이행,건조,맑음,교차로 - 교차로안,승합,남,50세,상해없음,승용,남,62세,경상
2020071000100565,2020년 7월 10일 20시,금요일,강원도 춘천시 신북읍,중상사고,0,1,0,0,차대사람 - 기타,안전운전불이행,건조,맑음,단일로 - 기타,기타불명,기타불명,미분류,기타불명,보행자,남,57세,중상
2020071000100566,2020년 7월 10일 20시,금요일,강원도 강릉시 교동,경상사고,0,0,1,0,차대차 - 기타,신호위반,젖음/습기,비,교차로 - 교차로안,승용,남,39세,상해없음,승용,남,38세,경상
2020071000100597,2020년 7월 10일 21시,금요일,강원도 강릉시 성산면,사망사고,1,3,0,0,차대차 - 측면충돌,안전운전불이행,젖음/습기,비,단일로 - 기타,승합,남,74세,상해없음,승용,남,40세,중상
2020071000100635,2020년 7월 10일 22시,금요일,강원도 춘천시 후평동,경상사고,0,0,1,0,차대차 - 추돌,안전운전불이행,건조,맑음,교차로 - 교차로부근,승용,여,30세,상해없음,승용,여,58세,경상
2020071100100009,2020년 7월 11일 00시,토요일,강원도 삼척시 근덕면,경상사고,0,0,2,0,차량단독 - 도로외이탈 - 기타,안전운전불이행,기타,맑음,단일로 - 기타,승용,여,29세,경상,,,,
2020071100100050,2020년 7월 11일 02시,토요일,강원도 춘천시 석사동,경상사고,0,0,2,0,차대차 - 추돌,안전운전불이행,건조,맑음,단일로 - 기타,승용,남,29세,상해없음,승용,남,56세,경상
2020071100100051,2020년 7월 11일 02시,토요일,강원도 강릉시 교동,경상사고,0,0,1,0,차대차 - 측면충돌,안전운전불이행,젖음/습기,비,교차로 - 교차로안,승용,남,57세,상해없음,승용,남,44세,경상
2020071100100101,2020년 7월 11일 07시,토요일,강원도 강릉시 안현동,중상사고,0,1,1,0,차대차 - 측면충돌,안전운전불이행,젖음/습기,비,단일로 - 기타,승용,여,55세,기타불명,승용,여,54세,경상
2020071100100142,2020년 7월 11일 09시,토요일,강원도 속초시 교동,경상사고,0,0,2,0,차대차 - 측면충돌,교차로운행방법위반,건조,맑음,교차로 - 교차로부근,승용,여,50세,상해없음,승용,남,28세,경상
2020071100100165,2020년 7월 11일 10시,토요일,강원도 춘천시 석사동,중상사고,0,1,0,0,차대차 - 측면충돌,신호위반,건조,맑음,교차로 - 교차로횡단보도내,이륜,남,27세,상해없음,자전거,남,9세,중상
2020071100100258,2020년 7월 11일 12시,토요일,강원도 춘천시 후평동,경상사고,0,0,2,0,차대차 - 기타,안전운전불이행,건조,맑음,단일로 - 기타,승용,여,60세,상해없음,승용,여,33세,경상
2020071100100259,2020년 7월 11일 12시,토요일,강원도 삼척시 근덕면,경상사고,0,0,1,0,차대사람 - 차도통행중,안전운전불이행,건조,맑음,단일로 - 기타,승용,남,26세,상해없음,보행자,여,64세,경상
2020071100100260,2020년 7월 11일 12시,토요일,강원도 횡성군 횡성읍,경상사고,0,0,2,0,차대차 - 측면충돌,안전운전불이행,건조,맑음,교차로 - 교차로안,승용,남,39세,상해없음,승용,여,29세,경상
2020071100100335,2020년 7월 11일 14시,토요일,강원도 춘천시 석사동,경상사고,0,0,1,0,차대차 - 정면충돌,신호위반,건조,맑음,교차로 - 교차로안,이륜,여,57세,상해없음,승용,여,44세,경상
2020071100100336,2020년 7월 11일 14시,토요일,강원도 강릉시 강문동,경상사고,0,0,1,0,차대차 - 측면충돌,안전운전불이행,건조,맑음,단일로 - 기타,승용,여,60세,상해없음,원동기,남,19세,경상
2020071100100379,2020년 7월 11일 15시,토요일,강원도 원주시 단계동,경상사고,0,0,1,0,차대차 - 측면충돌,안전운전불이행,건조,맑음,단일로 - 기타,승용,여,49세,상해없음,승용,남,41세,경상
2020071100100380,2020년 7월 11일 15시,토요일,강원도 원주시 단구동,경상사고,0,0,2,0,차대차 - 기타,직진우회전진행방해,건조,맑음,교차로 - 교차로안,승용,여,50세,상해없음,승용,남,73세,경상
2020071100100453,2020년 7월 11일 17시,토요일,강원도 강릉시 옥천동,중상사고,0,1,1,0,차대차 - 측면충돌,안전운전불이행,젖음/습기,비,교차로 - 교차로안,승용,여,58세,상해없음,승용,남,55세,경상
2020071100100488,2020년 7월 11일 18시,토요일,강원도 원주시 행구동,중상사고,0,1,0,0,차대사람 - 횡단중,보행자보호의무위반,건조,맑음,단일로 - 기타,승용,남,54세,상해없음,보행자,남,68세,중상
2020071100100489,2020년 7월 11일 18시,토요일,강원도 평창군 평창읍,중상사고,0,2,0,0,차량단독 - 도로외이탈 - 추락,안전운전불이행,건조,맑음,기타 - 기타,이륜,남,48세,중상,,,,
2020071100100519,2020년 7월 11일 19시,토요일,강원도 동해시 이도동,경상사고,0,0,1,0,차대차 - 측면충돌,안전운전불이행,건조,맑음,교차로 - 교차로안,승용,여,52세,상해없음,화물,여,73세,경상
2020071100100546,2020년 7월 11일 20시,토요일,강원도 춘천시 퇴계동,경상사고,0,0,1,0,차대차 - 측면충돌,교차로운행방법위반,건조,맑음,교차로 - 교차로안,승용,남,35세,상해없음,이륜,남,50세,경상
2020071100100547,2020년 7월 11일 20시,토요일,강원도 강릉시 회산동,경상사고,0,0,1,0,차대차 - 후진중충돌,안전운전불이행,건조,맑음,주차장 - 주차장,승용,남,59세,상해없음,승용,남,39세,기타불명
2020071100100573,2020년 7월 11일 21시,토요일,강원도 속초시 교동,경상사고,0,0,1,0,차대차 - 후진중충돌,안전운전불이행,건조,맑음,교차로 - 교차로부근,승용,여,57세,상해없음,화물,남,50세,상해없음
2020071100100574,2020년 7월 11일 21시,토요일,강원도 영월군 남면,부상신고사고,0,0,0,1,차량단독 - 공작물충돌,안전운전불이행,건조,흐림,단일로 - 고가도로위,승용,남,69세,부상신고,,,,
2020071100100632,2020년 7월 11일 23시,토요일,강원도 홍천군 서면,경상사고,0,0,1,0,차대사람 - 길가장자리구역통행중,안전운전불이행,건조,맑음,단일로 - 지하차도(도로)내,승용,남,33세,상해없음,보행자,남,37세,경상
2020071200100020,2020년 7월 12일 01시,일요일,강원도 춘천시 석사동,중상사고,0,1,0,3,차대차 - 측면충돌,기타,건조,맑음,교차로 - 교차로안,승용,남,54세,상해없음,이륜,여,25세,중상
2020071200100065,2020년 7월 12일 06시,일요일,강원도 강릉시 죽헌동,중상사고,0,1,0,0,차대차 - 측면충돌,신호위반,건조,맑음,교차로 - 교차로안,승용,남,68세,상해없음,화물,남,68세,중상
2020071200100066,2020년 7월 12일 06시,일요일,강원도 양양군 서면,중상사고,0,1,0,0,차량단독 - 공작물충돌,안전운전불이행,건조,맑음,교차로 - 교차로부근,승용,남,22세,상해없음,,,,
2020071200100088,2020년 7월 12일 08시,일요일,강원도 속초시 조양동,경상사고,0,0,2,0,차대차 - 추돌,안전운전불이행,건조,맑음,교차로 - 교차로안,승용,남,55세,상해없음,승용,남,62세,경상
2020071200100169,2020년 7월 12일 12시,일요일,강원도 춘천시 온의동,중상사고,0,1,0,0,차대차 - 기타,안전운전불이행,건조,맑음,교차로 - 교차로안,승용,여,70세,상해없음,이륜,남,57세,중상
2020071200100207,2020년 7월 12일 13시,일요일,강원도 춘천시 사북면,중상사고,0,1,0,0,차대사람 - 횡단중,안전운전불이행,건조,맑음,단일로 - 기타,승용,남,34세,상해없음,보행자,남,5세,중상
2020071200100227,2020년 7월 12일 14시,일요일,강원도 화천군 화천읍,경상사고,0,0,1,0,차량단독 - 공작물충돌,안전운전불이행,건조,맑음,단일로 - 기타,이륜,남,26세,경상,,,,
2020071200100277,2020년 7월 12일 16시,일요일,강원도 춘천시 효자동,중상사고,0,1,1,0,차대차 - 기타,신호위반,건조,맑음,교차로 - 교차로안,이륜,남,47세,경상,이륜,남,24세,중상
2020071200100338,2020년 7월 12일 18시,일요일,강원도 원주시 명륜동,경상사고,0,0,1,0,차대차 - 기타,기타,젖음/습기,비,교차로 - 교차로안,이륜,남,23세,경상,승용,남,64세,상해없음
2020071200100370,2020년 7월 12일 19시,일요일,강원도 횡성군 횡성읍,중상사고,0,1,0,0,차량단독 - 공작물충돌,안전운전불이행,젖음/습기,비,단일로 - 기타,승합,남,55세,상해없음,,,,
2020071200100413,2020년 7월 12일 20시,일요일,강원도 원주시 우산동,중상사고,0,3,1,0,차대차 - 추돌,신호위반,젖음/습기,비,교차로 - 교차로안,승용,남,57세,상해없음,승용,여,33세,중상
2020071200100454,2020년 7월 12일 21시,일요일,강원도 춘천시 후평동,경상사고,0,0,1,0,차대차 - 측면충돌,안전운전불이행,젖음/습기,비,교차로 - 교차로횡단보도내,승용,여,53세,상해없음,승용,남,51세,경상
2020071200100483,2020년 7월 12일 22시,일요일,강원도 강릉시 내곡동,경상사고,0,0,1,0,차대차 - 기타,신호위반,젖음/습기,비,교차로 - 교차로안,승용,남,51세,상해없음,승용,남,34세,경상
2020071200100484,2020년 7월 12일 22시,일요일,강원도 양구군 양구읍,중상사고,0,1,0,0,차량단독 - 공작물충돌,안전운전불이행,건조,맑음,단일로 - 기타,승용,남,38세,상해없음,,,,
2020071300100102,2020년 7월 13일 08시,월요일,강원도 춘천시 동내면,경상사고,0,0,2,0,차대차 - 측면충돌,안전운전불이행,젖음/습기,비,교차로 - 교차로부근,화물,남,75세,경상,승용,남,59세,경상
2020071300100103,2020년 7월 13일 08시,월요일,강원도 춘천시 석사동,경상사고,0,0,1,1,차대차 - 기타,안전운전불이행,젖음/습기,비,단일로 - 기타,승용,여,42세,상해없음,승용,남,41세,경상
2020071300100104,2020년 7월 13일 08시,월요일,강원도 홍천군 홍천읍,경상사고,0,0,2,0,차대차 - 추돌,안전거리미확보,젖음/습기,비,교차로 - 교차로부근,승용,남,25세,상해없음,승용,여,50세,경상
2020071300100105,2020년 7월 13일 08시,월요일,강원도 동해시 이도동,경상사고,0,0,1,0,차대차 - 측면충돌,안전운전불이행,젖음/습기,비,교차로 - 교차로안,화물,남,25세,상해없음,승용,여,50세,경상
2020071300100205,2020년 7월 13일 11시,월요일,강원도 춘천시 동내면,경상사고,0,0,3,0,차대차 - 후진중충돌,안전운전불이행,건조,맑음,교차로 - 교차로안,승용,남,41세,기타불명,승용,남,58세,경상
2020071300100206,2020년 7월 13일 11시,월요일,강원도 원주시 평원동,경상사고,0,0,1,0,차대차 - 추돌,안전운전불이행,건조,맑음,교차로 - 교차로안,화물,남,68세,상해없음,승용,남,77세,경상
2020071300100207,2020년 7월 13일 11시,월요일,강원도 삼척시 사직동,경상사고,0,0,1,0,차대차 - 측면충돌,안전운전불이행,젖음/습기,비,단일로 - 기타,승용,남,61세,상해없음,승용,남,42세,경상
2020071300100234,2020년 7월 13일 12시,월요일,강원도 강릉시 교동,경상사고,0,0,1,0,차대차 - 측면충돌,안전운전불이행,젖음/습기,비,교차로 - 교차로부근,승용,남,28세,상해없음,승용,남,41세,경상
2020071300100235,2020년 7월 13일 12시,월요일,강원도 원주시 반곡동,경상사고,0,0,1,0,차대차 - 추돌,안전운전불이행,건조,맑음,교차로 - 교차로부근,승용,남,53세,상해없음,승용,남,46세,경상
2020071300100236,2020년 7월 13일 12시,월요일,강원도 원주시 무실동,경상사고,0,0,1,0,차대차 - 후진중충돌,안전운전불이행,건조,맑음,단일로 - 기타,승용,남,23세,상해없음,승용,여,22세,경상
2020071300100237,2020년 7월 13일 12시,월요일,강원도 속초시 청학동,중상사고,0,1,0,0,차대차 - 측면충돌,교차로운행방법위반,젖음/습기,비,교차로 - 교차로안,승용,여,39세,상해없음,이륜,남,28세,중상
2020071300100269,2020년 7월 13일 13시,월요일,강원도 삼척시 교동,경상사고,0,0,2,0,차대차 - 추돌,안전거리미확보,젖음/습기,비,교차로 - 교차로부근,건설기계,남,52세,상해없음,승용,남,66세,경상
2020071300100302,2020년 7월 13일 14시,월요일,강원도 횡성군 횡성읍,중상사고,0,1,0,0,차대차 - 후진중충돌,안전운전불이행,젖음/습기,비,단일로 - 기타,승용,남,83세,상해없음,승용,여,26세,중상
2020071300100337,2020년 7월 13일 15시,월요일,강원도 춘천시 서면,경상사고,0,0,2,0,차대차 - 측면충돌,차로위반,젖음/습기,비,단일로 - 기타,승용,남,24세,상해없음,승용,남,66세,경상
2020071300100373,2020년 7월 13일 16시,월요일,강원도 원주시 무실동,경상사고,0,0,1,0,차량단독 - 공작물충돌,안전운전불이행,젖음/습기,비,교차로 - 교차로부근,승합,남,57세,상해없음,,,,
2020071300100374,2020년 7월 13일 16시,월요일,강원도 원주시 단구동,경상사고,0,0,2,0,차대차 - 추돌,안전운전불이행,젖음/습기,비,교차로 - 교차로부근,승용,남,25세,상해없음,승용,여,48세,경상
2020071300100375,2020년 7월 13일 16시,월요일,강원도 홍천군 화촌면,경상사고,0,0,4,0,차대차 - 측면충돌,안전운전불이행,젖음/습기,비,단일로 - 기타,승용,남,48세,상해없음,승용,남,26세,경상
2020071300100439,2020년 7월 13일 18시,월요일,강원도 춘천시 효자동,경상사고,0,0,1,0,차대차 - 기타,신호위반,젖음/습기,비,교차로 - 교차로안,승용,남,20세,상해없음,승용,남,73세,경상
2020071300100472,2020년 7월 13일 19시,월요일,강원도 강릉시 임당동,중상사고,0,1,0,0,차대사람 - 횡단중,안전운전불이행,젖음/습기,비,단일로 - 기타,이륜,남,20세,상해없음,보행자,여,80세,중상
2020071300100473,2020년 7월 13일 19시,월요일,강원도 원주시 단구동,경상사고,0,0,1,0,차대차 - 측면충돌,교차로운행방법위반,건조,맑음,교차로 - 교차로안,승용,남,61세,상해없음,승용,여,46세,경상
2020071300100505,2020년 7월 13일 20시,월요일,강원도 춘천시 동면,경상사고,0,0,1,0,차대차 - 측면충돌,안전운전불이행,젖음/습기,비,단일로 - 기타,승용,남,43세,상해없음,승용,남,27세,경상
2020071300100541,2020년 7월 13일 21시,월요일,강원도 원주시 단구동,경상사고,0,0,1,0,차대사람 - 횡단중,보행자보호의무위반,젖음/습기,비,교차로 - 교차로부근,승용,여,58세,상해없음,보행자,여,18세,경상
2020071300100578,2020년 7월 13일 22시,월요일,강원도 속초시 교동,중상사고,0,1,5,0,차대차 - 추돌,안전거리미확보,젖음/습기,흐림,교차로 - 교차로안,승용,남,35세,상해없음,승용,남,37세,경상
2020071400100019,2020년 7월 14일 00시,화요일,강원도 춘천시 동내면,부상신고사고,0,0,0,1,차대사람 - 기타,기타,건조,맑음,단일로 - 기타,기타불명,기타불명,미분류,기타불명,보행자,남,58세,부상신고
2020071400100020,2020년 7월 14일 00시,화요일,강원도 원주시 반곡동,경상사고,0,0,1,0,차대차 - 측면충돌,신호위반,건조,흐림,교차로 - 교차로안,승용,남,25세,상해없음,승용,남,38세,경상
2020071400100098,2020년 7월 14일 07시,화요일,강원도 원주시 봉산동,경상사고,0,0,1,0,차대차 - 측면충돌,안전운전불이행,젖음/습기,흐림,교차로 - 교차로부근,화물,남,70세,상해없음,승용,여,40세,경상
2020071400100191,2020년 7월 14일 10시,화요일,강원도 춘천시 운교동,경상사고,0,0,1,0,차대차 - 기타,교차로운행방법위반,건조,맑음,교차로 - 교차로안,승용,여,60세,상해없음,이륜,남,41세,경상
2020071400100225,2020년 7월 14일 11시,화요일,강원도 원주시 단계동,경상사고,0,0,1,0,차대차 - 측면충돌,안전운전불이행,건조,맑음,단일로 - 기타,승용,남,62세,상해없음,승용,남,34세,경상
2020071400100320,2020년 7월 14일 14시,화요일,강원도 원주시 개운동,중상사고,0,1,0,0,차대사람 - 횡단중,안전운전불이행,건조,맑음,단일로 - 기타,화물,남,63세,상해없음,보행자,여,65세,중상
2020071400100437,2020년 7월 14일 17시,화요일,강원도 춘천시 동면,경상사고,0,0,2,1,차대차 - 측면충돌,안전운전불이행,건조,맑음,단일로 - 기타,승용,남,55세,상해없음,승용,여,24세,경상
2020071400100473,2020년 7월 14일 18시,화요일,강원도 원주시 판부면,경상사고,0,0,1,0,차대차 - 측면충돌,신호위반,건조,맑음,교차로 - 교차로안,승용,남,43세,상해없음,이륜,남,30세,경상
2020071400100474,2020년 7월 14일 18시,화요일,강원도 속초시 교동,경상사고,0,0,1,0,차대차 - 측면충돌,안전거리미확보,건조,맑음,단일로 - 기타,승용,남,40세,상해없음,이륜,남,32세,경상
2020071400100475,2020년 7월 14일 18시,화요일,강원도 홍천군 남면,경상사고,0,0,2,0,차대차 - 추돌,안전거리미확보,건조,맑음,단일로 - 기타,화물,남,52세,상해없음,화물,남,48세,경상
2020071400100476,2020년 7월 14일 18시,화요일,강원도 정선군 정선읍,경상사고,0,0,1,0,차대사람 - 횡단중,보행자보호의무위반,건조,맑음,기타 - 기타,화물,남,53세,상해없음,보행자,남,12세,경상
2020071400100522,2020년 7월 14일 19시,화요일,강원도 원주시 반곡동,경상사고,0,0,2,0,차대차 - 측면충돌,교차로운행방법위반,건조,맑음,주차장 - 주차장,승용,여,31세,상해없음,승용,여,34세,경상
2020071400100574,2020년 7월 14일 21시,화요일,강원도 춘천시 후평동,경상사고,0,0,1,0,차대차 - 측면충돌,안전거리미확보,건조,맑음,단일로 - 기타,승용,여,48세,상해없음,이륜,남,41세,경상
2020071400100575,2020년 7월 14일 21시,화요일,강원도 강릉시 포남동,중상사고,0,1,0,0,차대사람 - 기타,안전운전불이행,건조,맑음,주차장 - 주차장,승합,남,61세,상해없음,보행자,남,50세,중상
2020071400100599,2020년 7월 14일 22시,화요일,강원도 원주시 단구동,중상사고,0,1,0,0,차대차 - 정면충돌,신호위반,건조,맑음,교차로 - 교차로안,승용,남,22세,상해없음,승용,여,42세,중상
2020071400100600,2020년 7월 14일 22시,화요일,강원도 속초시 교동,경상사고,0,0,1,0,차대차 - 측면충돌,안전운전불이행,젖음/습기,흐림,단일로 - 지하차도(도로)내,승용,남,36세,상해없음,승용,남,58세,경상
2020071400100601,2020년 7월 14일 22시,화요일,강원도 태백시 소도동,부상신고사고,0,0,0,1,차량단독 - 공작물충돌,안전운전불이행,젖음/습기,맑음,단일로 - 기타,이륜,남,53세,부상신고,,,,
2020071400100602,2020년 7월 14일 22시,화요일,강원도 횡성군 갑천면,중상사고,0,1,0,0,차대차 - 추돌,안전운전불이행,젖음/습기,비,단일로 - 기타,이륜,남,63세,중상,승용,여,53세,기타불명
2020071400100633,2020년 7월 14일 23시,화요일,강원도 태백시 황지동,경상사고,0,0,2,0,차대차 - 측면충돌,안전운전불이행,건조,맑음,단일로 - 기타,승용,남,57세,상해없음,승용,남,38세,경상
2020071500100032,2020년 7월 15일 03시,수요일,강원도 원주시 단구동,경상사고,0,0,1,0,차대차 - 기타,안전운전불이행,젖음/습기,비,교차로 - 교차로안,승용,남,29세,상해없음,승용,남,21세,경상
2020071500100131,2020년 7월 15일 09시,수요일,강원도 횡성군 횡성읍,중상사고,0,1,0,0,차대차 - 추돌,과속,건조,맑음,단일로 - 기타,이륜,남,46세,상해없음,이륜,남,46세,중상
2020071500100132,2020년 7월 15일 09시,수요일,강원도 고성군 토성면,경상사고,0,0,1,0,차대차 - 측면충돌,신호위반,건조,맑음,교차로 - 교차로안,화물,남,81세,상해없음,승합,남,47세,경상
2020071500100133,2020년 7월 15일 09시,수요일,강원도 동해시 부곡동,중상사고,0,1,0,0,차대사람 - 길가장자리구역통행중,안전운전불이행,건조,맑음,단일로 - 기타,승용,남,21세,상해없음,보행자,남,48세,중상
2020071500100229,2020년 7월 15일 12시,수요일,강원도 평창군 진부면,경상사고,0,0,5,0,차대차 - 추돌,안전운전불이행,건조,맑음,단일로 - 기타,화물,남,46세,경상,승용,남,36세,경상
2020071500100260,2020년 7월 15일 13시,수요일,강원도 삼척시 당저동,경상사고,0,0,1,0,차대차 - 측면충돌,안전운전불이행,건조,맑음,단일로 - 기타,화물,남,60세,상해없음,승용,남,32세,경상
2020071500100327,2020년 7월 15일 15시,수요일,강원도 춘천시 효자동,중상사고,0,1,0,0,차대차 - 기타,교차로운행방법위반,건조,맑음,교차로 - 교차로안,화물,남,47세,상해없음,이륜,남,66세,중상
2020071500100328,2020년 7월 15일 15시,수요일,강원도 횡성군 횡성읍,중상사고,0,1,1,0,차대차 - 정면충돌,중앙선침범,건조,맑음,단일로 - 기타,화물,남,41세,경상,승용,남,37세,중상
2020071500100369,2020년 7월 15일 16시,수요일,강원도 춘천시 후평동,중상사고,0,1,0,0,차대차 - 측면충돌,안전운전불이행,건조,맑음,단일로 - 기타,승용,남,26세,상해없음,이륜,남,34세,중상
2020071500100370,2020년 7월 15일 16시,수요일,강원도 원주시 학성동,경상사고,0,0,1,0,차대차 - 기타,안전운전불이행,건조,맑음,단일로 - 기타,승용,여,56세,상해없음,승용,남,51세,상해없음
2020071500100410,2020년 7월 15일 17시,수요일,강원도 원주시 단계동,경상사고,0,0,1,0,차대사람 - 기타,안전운전불이행,건조,맑음,교차로 - 교차로안,화물,남,23세,상해없음,보행자,남,53세,경상
2020071500100468,2020년 7월 15일 18시,수요일,강원도 홍천군 홍천읍,경상사고,0,0,1,0,차대차 - 측면충돌,안전운전불이행,건조,맑음,단일로 - 지하차도(도로)내,승용,여,61세,상해없음,자전거,남,82세,경상
2020071500100469,2020년 7월 15일 18시,수요일,강원도 동해시 이로동,사망사고,1,0,0,0,차량단독 - 공작물충돌,안전운전불이행,건조,맑음,단일로 - 기타,화물,남,63세,사망,,,,
2020071500100546,2020년 7월 15일 20시,수요일,강원도 삼척시 읍상동,중상사고,0,1,0,0,차량단독 - 공작물충돌,안전운전불이행,건조,흐림,단일로 - 기타,자전거,남,12세,중상,,,,
2020071500100547,2020년 7월 15일 20시,수요일,강원도 삼척시 근덕면,중상사고,0,1,1,0,차대차 - 추돌,안전운전불이행,건조,흐림,단일로 - 기타,승용,남,34세,상해없음,승용,남,27세,경상
2020071500100578,2020년 7월 15일 21시,수요일,강원도 춘천시 후평동,경상사고,0,0,2,0,차대차 - 측면충돌,신호위반,건조,맑음,교차로 - 교차로안,이륜,남,18세,상해없음,승용,남,53세,경상
2020071500100579,2020년 7월 15일 21시,수요일,강원도 화천군 상서면,중상사고,0,3,0,1,차대차 - 정면충돌,중앙선침범,건조,맑음,단일로 - 기타,승용,남,33세,부상신고,승용,남,40세,중상
2020071600100007,2020년 7월 16일 00시,목요일,강원도 원주시 반곡동,경상사고,0,0,1,0,차대차 - 측면충돌,안전운전불이행,건조,맑음,교차로 - 교차로안,이륜,남,17세,상해없음,이륜,남,16세,경상
2020071600100108,2020년 7월 16일 08시,목요일,강원도 춘천시 석사동,중상사고,0,1,0,0,차대차 - 측면충돌,중앙선침범,건조,맑음,단일로 - 기타,승용,남,27세,상해없음,승합,남,52세,중상
2020071600100109,2020년 7월 16일 08시,목요일,강원도 홍천군 홍천읍,경상사고,0,0,2,0,차대차 - 측면충돌,교차로운행방법위반,건조,맑음,교차로 - 교차로안,승용,남,22세,상해없음,승용,여,45세,경상
2020071600100177,2020년 7월 16일 10시,목요일,강원도 삼척시 남양동,사망사고,1,0,0,0,차대사람 - 횡단중,안전운전불이행,건조,맑음,단일로 - 지하차도(도로)내,건설기계,남,48세,상해없음,보행자,여,68세,사망
2020071600100220,2020년 7월 16일 11시,목요일,강원도 원주시 단계동,중상사고,0,1,0,0,차대사람 - 횡단중,보행자보호의무위반,건조,맑음,교차로 - 교차로횡단보도내,승용,여,25세,상해없음,보행자,남,72세,중상
2020071600100221,2020년 7월 16일 11시,목요일,강원도 원주시 무실동,경상사고,0,0,2,0,차대차 - 후진중충돌,안전운전불이행,건조,맑음,기타 - 기타,승용,남,69세,상해없음,승용,여,54세,경상
2020071600100222,2020년 7월 16일 11시,목요일,강원도 횡성군 둔내면,경상사고,0,0,2,0,차대차 - 정면충돌,안전운전불이행,건조,맑음,교차로 - 교차로부근,승용,남,79세,상해없음,승용,남,38세,경상
2020071600100285,2020년 7월 16일 13시,목요일,강원도 원주시 단계동,경상사고,0,0,1,0,차대차 - 추돌,안전운전불이행,건조,맑음,교차로 - 교차로안,승용,여,64세,상해없음,이륜,남,20세,경상
2020071600100363,2020년 7월 16일 15시,목요일,강원도 춘천시 동면,경상사고,0,0,3,0,차대차 - 추돌,안전거리미확보,건조,맑음,단일로 - 기타,화물,남,60세,상해없음,화물,여,65세,경상
2020071600100404,2020년 7월 16일 16시,목요일,강원도 원주시 반곡동,경상사고,0,0,2,0,차대차 - 측면충돌,안전운전불이행,건조,맑음,교차로 - 교차로안,화물,남,72세,상해없음,승용,남,28세,경상
2020071600100405,2020년 7월 16일 16시,목요일,강원도 삼척시 원덕읍,경상사고,0,0,1,0,차량단독 - 공작물충돌,안전운전불이행,건조,맑음,단일로 - 기타,승용,남,68세,경상,,,,