사고번호,사고일시,요일,시군구,사고내용,사망자수,중상자수,경상자수,부상신고자수,사고유형,법규위반,노면상태,기상상태,도로형태,가해운전자 차종,가해운전자 성별,가해운전자 연령,가해운전자 상해정도,피해운전자 차종,피해운전자 성별,피해운전자 연령,피해운전자 상해정도
2020071600100406,2020년 7월 16일 16시,목요일,강원도 평창군 대관령면,경상사고,0,0,2,0,차대차 - 기타,안전운전불이행,건조,맑음,교차로 - 교차로안,승용,여,60세,기타불명,승용,남,41세,경상
2020071600100446,2020년 7월 16일 17시,목요일,강원도 춘천시 신북읍,경상사고,0,0,1,0,차대차 - 기타,안전운전불이행,젖음/습기,비,단일로 - 기타,기타불명,기타불명,미분류,기타불명,승용,여,59세,경상
2020071600100447,2020년 7월 16일 17시,목요일,강원도 원주시 문막읍,중상사고,0,1,0,0,차대차 - 추돌,신호위반,건조,맑음,교차로 - 교차로안,승합,남,57세,상해없음,승용,남,38세,중상
2020071600100448,2020년 7월 16일 17시,목요일,강원도 영월군 남면,사망사고,1,0,0,0,차량단독 - 공작물충돌,기타,건조,맑음,단일로 - 기타,화물,남,35세,사망,,,,
2020071600100549,2020년 7월 16일 19시,목요일,강원도 강릉시 성남동,사망사고,1,0,0,0,차량단독 - 기타,안전운전불이행,건조,맑음,단일로 - 기타,자전거,남,56세,사망,,,,
2020071600100574,2020년 7월 16일 20시,목요일,강원도 홍천군 홍천읍,경상사고,0,0,1,0,차대차 - 정면충돌,교차로운행방법위반,젖음/습기,비,교차로 - 교차로안,승용,남,54세,상해없음,이륜,남,39세,경상
2020071700100054,2020년 7월 17일 06시,금요일,강원도 평창군 대관령면,경상사고,0,0,1,0,차대차 - 측면충돌,중앙선침범,건조,맑음,기타 - 기타,화물,남,60세,상해없음,승용,여,61세,경상
2020071700100100,2020년 7월 17일 08시,금요일,강원도 강릉시 강문동,중상사고,0,1,0,0,차대차 - 측면충돌,안전운전불이행,건조,맑음,교차로 - 교차로안,특수,남,42세,상해없음,원동기,남,46세,중상
2020071700100133,2020년 7월 17일 09시,금요일,강원도 춘천시 효자동,중상사고,0,1,0,0,차대차 - 측면충돌,안전운전불이행,건조,맑음,교차로 - 교차로안,승용,남,63세,상해없음,이륜,남,26세,중상
2020071700100134,2020년 7월 17일 09시,금요일,강원도 원주시 평원동,경상사고,0,0,2,0,차대차 - 측면충돌,차로위반,건조,맑음,교차로 - 교차로부근,승용,남,58세,기타불명,승용,남,41세,경상
2020071700100188,2020년 7월 17일 11시,금요일,강원도 화천군 화천읍,경상사고,0,0,1,0,차대차 - 측면충돌,안전운전불이행,건조,맑음,교차로 - 교차로안,승용,남,80세,경상,화물,남,34세,상해없음
2020071700100223,2020년 7월 17일 12시,금요일,강원도 춘천시 온의동,경상사고,0,0,1,0,차대차 - 측면충돌,신호위반,건조,맑음,교차로 - 교차로안,승용,여,26세,상해없음,화물,남,27세,경상
2020071700100224,2020년 7월 17일 12시,금요일,강원도 춘천시 효자동,경상사고,0,0,1,0,차대차 - 기타,안전운전불이행,건조,맑음,교차로 - 교차로부근,승용,남,77세,상해없음,승합,남,40세,상해없음
2020071700100225,2020년 7월 17일 12시,금요일,강원도 강릉시 왕산면,중상사고,0,2,0,0,차량단독 - 공작물충돌,안전운전불이행,건조,맑음,단일로 - 기타,승용,남,69세,상해없음,,,,
2020071700100226,2020년 7월 17일 12시,금요일,강원도 강릉시 교동,경상사고,0,0,1,0,차대차 - 측면충돌,안전운전불이행,건조,맑음,교차로 - 교차로안,승용,여,27세,상해없음,화물,남,64세,경상
2020071700100227,2020년 7월 17일 12시,금요일,강원도 원주시 원동,경상사고,0,0,1,0,차대차 - 측면충돌,안전운전불이행,건조,맑음,단일로 - 기타,승용,여,68세,상해없음,승용,여,46세,경상
2020071700100228,2020년 7월 17일 12시,금요일,강원도 동해시 천곡동,중상사고,0,1,0,0,차대차 - 측면충돌,안전운전불이행,건조,맑음,단일로 - 기타,승용,남,26세,상해없음,원동기,남,68세,중상
2020071700100266,2020년 7월 17일 13시,금요일,강원도 삼척시 갈천동,경상사고,0,0,4,0,차대차 - 측면충돌,직진우회전진행방해,건조,맑음,교차로 - 교차로안,승용,여,51세,상해없음,승용,남,22세,경상
2020071700100267,2020년 7월 17일 13시,금요일,강원도 홍천군 홍천읍,경상사고,0,0,2,0,차대차 - 측면충돌,직진우회전진행방해,건조,맑음,교차로 - 교차로안,승용,남,26세,경상,승용,여,42세,경상
2020071700100303,2020년 7월 17일 14시,금요일,강원도 강릉시 입암동,경상사고,0,0,1,0,차대차 - 측면충돌,안전운전불이행,건조,맑음,단일로 - 기타,승용,남,47세,상해없음,승용,여,46세,경상
2020071700100304,2020년 7월 17일 14시,금요일,강원도 원주시 흥업면,경상사고,0,0,5,0,차대차 - 측면충돌,직진우회전진행방해,건조,맑음,교차로 - 교차로안,승용,여,58세,경상,승용,여,55세,경상
2020071700100305,2020년 7월 17일 14시,금요일,강원도 횡성군 우천면,경상사고,0,0,1,0,차량단독 - 공작물충돌,안전운전불이행,건조,맑음,단일로 - 기타,승용,남,66세,경상,,,,
2020071700100347,2020년 7월 17일 15시,금요일,강원도 영월군 상동읍,부상신고사고,0,0,0,1,차대차 - 측면충돌,안전운전불이행,건조,맑음,단일로 - 고가도로위,이륜,남,64세,상해없음,이륜,남,50세,부상신고
2020071700100394,2020년 7월 17일 16시,금요일,강원도 양양군 현남면,중상사고,0,1,0,0,차대차 - 측면충돌,안전운전불이행,건조,맑음,단일로 - 기타,화물,남,61세,상해없음,승용,여,52세,중상
2020071700100447,2020년 7월 17일 17시,금요일,강원도 춘천시 사농동,중상사고,0,1,0,1,차대차 - 추돌,안전운전불이행,건조,맑음,단일로 - 교량,승합,남,60세,상해없음,화물,남,55세,중상
2020071700100448,2020년 7월 17일 17시,금요일,강원도 삼척시 근덕면,중상사고,0,1,0,0,차대차 - 측면충돌,직진우회전진행방해,건조,맑음,교차로 - 교차로안,승합,남,62세,상해없음,자전거,남,48세,중상
2020071700100449,2020년 7월 17일 17시,금요일,강원도 삼척시 남양동,경상사고,0,0,1,0,차대차 - 측면충돌,안전거리미확보,건조,맑음,단일로 - 지하차도(도로)내,승용,여,57세,상해없음,승용,남,63세,경상
2020071700100450,2020년 7월 17일 17시,금요일,강원도 영월군 북면,경상사고,0,0,2,0,차대사람 - 횡단중,안전운전불이행,건조,맑음,단일로 - 지하차도(도로)내,승용,남,61세,상해없음,보행자,남,5세,경상
2020071700100553,2020년 7월 17일 19시,금요일,강원도 춘천시 남산면,중상사고,0,1,0,2,차량단독 - 공작물충돌,안전운전불이행,건조,맑음,단일로 - 기타,승합,남,21세,상해없음,,,,
2020071700100554,2020년 7월 17일 19시,금요일,강원도 원주시 단계동,경상사고,0,0,4,0,차대차 - 측면충돌,안전거리미확보,건조,맑음,단일로 - 기타,승용,남,74세,상해없음,화물,남,52세,경상
2020071700100602,2020년 7월 17일 20시,금요일,강원도 속초시 노학동,중상사고,0,3,0,0,차대차 - 측면충돌,안전거리미확보,건조,흐림,교차로 - 교차로부근,화물,남,62세,상해없음,승용,여,46세,중상
2020071700100676,2020년 7월 17일 22시,금요일,강원도 영월군 영월읍,경상사고,0,0,2,0,차대차 - 측면충돌,교차로운행방법위반,건조,맑음,교차로 - 교차로안,승용,여,63세,상해없음,승용,여,35세,경상
2020071800100048,2020년 7월 18일 03시,토요일,강원도 속초시 대포동,중상사고,0,1,0,0,차대차 - 측면충돌,안전운전불이행,건조,흐림,단일로 - 고가도로위,승용,여,25세,상해없음,자전거,남,58세,중상
2020071800100049,2020년 7월 18일 03시,토요일,강원도 동해시 천곡동,경상사고,0,0,1,0,차대차 - 측면충돌,안전운전불이행,건조,흐림,단일로 - 기타,승용,남,56세,상해없음,승용,남,24세,경상
2020071800100059,2020년 7월 18일 04시,토요일,강원도 동해시 발한동,사망사고,1,0,0,0,차대사람 - 차도통행중,안전운전불이행,건조,맑음,교차로 - 교차로안,화물,남,78세,상해없음,보행자,여,83세,사망
2020071800100103,2020년 7월 18일 08시,토요일,강원도 횡성군 우천면,중상사고,0,1,0,0,차대차 - 추돌,안전운전불이행,건조,맑음,단일로 - 교량,화물,남,63세,상해없음,승용,남,61세,상해없음
2020071800100126,2020년 7월 18일 09시,토요일,강원도 원주시 학성동,중상사고,0,1,0,0,차대차 - 측면충돌,안전거리미확보,건조,맑음,단일로 - 기타,승용,남,54세,상해없음,원동기,남,48세,중상
2020071800100127,2020년 7월 18일 09시,토요일,강원도 평창군 미탄면,경상사고,0,0,2,0,차량단독 - 도로외이탈 - 기타,안전운전불이행,건조,맑음,기타 - 기타,승용,남,18세,경상,,,,
2020071800100152,2020년 7월 18일 10시,토요일,강원도 고성군 죽왕면,중상사고,0,1,0,0,차대사람 - 기타,안전운전불이행,건조,맑음,주차장 - 주차장,승용,남,54세,상해없음,보행자,남,2세,중상
2020071800100183,2020년 7월 18일 11시,토요일,강원도 춘천시 온의동,부상신고사고,0,0,0,1,차대차 - 기타,안전운전불이행,건조,맑음,단일로 - 기타,이륜,남,21세,부상신고,건설기계,남,63세,상해없음
2020071800100184,2020년 7월 18일 11시,토요일,강원도 원주시 우산동,경상사고,0,0,2,0,차대차 - 추돌,안전운전불이행,건조,맑음,교차로 - 교차로부근,화물,남,57세,상해없음,승용,남,49세,경상
2020071800100185,2020년 7월 18일 11시,토요일,강원도 화천군 화천읍,중상사고,0,1,1,0,차대차 - 기타,안전운전불이행,젖음/습기,맑음,단일로 - 터널,이륜,남,36세,경상,이륜,남,48세,중상
2020071800100186,2020년 7월 18일 11시,토요일,강원도 태백시 황지동,중상사고,0,1,0,0,차대사람 - 횡단중,보행자보호의무위반,건조,맑음,교차로 - 교차로부근,승용,남,71세,상해없음,보행자,남,6세,중상
2020071800100187,2020년 7월 18일 11시,토요일,강원도 양구군 양구읍,중상사고,0,1,0,0,차량단독 - 도로외이탈 - 기타,안전운전불이행,건조,맑음,단일로 - 기타,이륜,남,54세,중상,,,,
2020071800100219,2020년 7월 18일 12시,토요일,강원도 강릉시 입암동,경상사고,0,0,1,0,차대차 - 측면충돌,중앙선침범,건조,맑음,교차로 - 교차로부근,승용,남,63세,상해없음,자전거,남,12세,경상
2020071800100220,2020년 7월 18일 12시,토요일,강원도 삼척시 원덕읍,경상사고,0,0,1,0,차대차 - 측면충돌,중앙선침범,건조,맑음,교차로 - 교차로부근,이륜,남,33세,상해없음,자전거,남,40세,경상
2020071800100221,2020년 7월 18일 12시,토요일,강원도 홍천군 홍천읍,경상사고,0,0,3,0,차대차 - 측면충돌,안전운전불이행,건조,맑음,단일로 - 지하차도(도로)내,승용,남,33세,경상,이륜,남,54세,경상
2020071800100264,2020년 7월 18일 13시,토요일,강원도 원주시 무실동,경상사고,0,0,1,0,차대사람 - 기타,안전운전불이행,건조,맑음,단일로 - 기타,승용,남,65세,상해없음,보행자,남,46세,경상
2020071800100265,2020년 7월 18일 13시,토요일,강원도 홍천군 북방면,중상사고,0,1,0,0,차대차 - 측면충돌,교차로운행방법위반,건조,맑음,교차로 - 교차로안,승용,남,77세,상해없음,이륜,남,62세,중상
2020071800100266,2020년 7월 18일 13시,토요일,강원도 철원군 동송읍,경상사고,0,0,2,0,차대차 - 측면충돌,안전운전불이행,건조,맑음,단일로 - 기타,승용,남,53세,상해없음,승용,여,21세,경상
2020071800100310,2020년 7월 18일 14시,토요일,강원도 원주시 흥업면,중상사고,0,1,1,0,차대차 - 추돌,안전운전불이행,젖음/습기,비,교차로 - 교차로부근,승용,남,59세,중상,승용,남,45세,경상
2020071800100311,2020년 7월 18일 14시,토요일,강원도 삼척시 교동,경상사고,0,0,7,0,차대차 - 측면충돌,안전운전불이행,건조,맑음,교차로 - 교차로안,승합,남,52세,상해없음,승용,남,47세,경상
2020071800100312,2020년 7월 18일 14시,토요일,강원도 영월군 무릉도원면,경상사고,0,0,2,0,차대차 - 측면충돌,안전운전불이행,건조,맑음,단일로 - 기타,승합,여,42세,상해없음,승용,남,25세,경상
2020071800100399,2020년 7월 18일 16시,토요일,강원도 홍천군 홍천읍,경상사고,0,0,1,0,차대차 - 측면충돌,안전운전불이행,건조,맑음,교차로 - 교차로부근,승용,남,52세,상해없음,승용,남,24세,경상
2020071800100435,2020년 7월 18일 17시,토요일,강원도 삼척시 남양동,중상사고,0,1,0,0,차대차 - 측면충돌,안전운전불이행,건조,맑음,교차로 - 교차로안,승합,남,26세,상해없음,원동기,남,68세,중상
2020071800100465,2020년 7월 18일 18시,토요일,강원도 춘천시 소양로1가,경상사고,0,0,1,0,차대차 - 측면충돌,직진우회전진행방해,건조,맑음,교차로 - 교차로안,승용,남,68세,상해없음,승용,남,72세,경상
2020071800100528,2020년 7월 18일 20시,토요일,강원도 원주시 태장동,중상사고,0,2,2,0,차대차 - 측면충돌,신호위반,건조,맑음,교차로 - 교차로안,승용,남,23세,상해없음,승용,남,53세,중상
2020071800100529,2020년 7월 18일 20시,토요일,강원도 고성군 토성면,부상신고사고,0,0,0,1,차대차 - 측면충돌,안전거리미확보,건조,흐림,교차로 - 교차로부근,승용,여,66세,기타불명,승용,여,49세,부상신고
2020071800100530,2020년 7월 18일 20시,토요일,강원도 원주시 태장동,경상사고,0,0,1,0,차대차 - 추돌,안전운전불이행,건조,맑음,단일로 - 기타,승용,남,54세,상해없음,승용,여,53세,경상
2020071900100007,2020년 7월 19일 00시,일요일,강원도 영월군 영월읍,중상사고,0,1,0,0,차대사람 - 횡단중,보행자보호의무위반,건조,맑음,단일로 - 지하차도(도로)내,승용,남,34세,상해없음,보행자,여,34세,중상
2020071900100097,2020년 7월 19일 08시,일요일,강원도 속초시 노학동,경상사고,0,0,4,0,차대차 - 측면충돌,안전운전불이행,건조,맑음,교차로 - 교차로안,승용,여,46세,상해없음,승용,남,41세,경상
2020071900100159,2020년 7월 19일 12시,일요일,강원도 원주시 문막읍,중상사고,0,1,0,0,차량단독 - 도로외이탈 - 추락,안전운전불이행,건조,맑음,단일로 - 기타,화물,남,48세,중상,,,,
2020071900100257,2020년 7월 19일 16시,일요일,강원도 강릉시 견소동,부상신고사고,0,0,0,1,차대차 - 측면충돌,안전운전불이행,건조,맑음,교차로 - 교차로부근,자전거,남,63세,부상신고,승용,남,38세,상해없음
2020071900100258,2020년 7월 19일 16시,일요일,강원도 양양군 현남면,경상사고,0,0,4,0,차대차 - 추돌,안전운전불이행,건조,맑음,단일로 - 기타,승용,남,75세,상해없음,승용,남,34세,경상
2020071900100371,2020년 7월 19일 20시,일요일,강원도 원주시 단구동,중상사고,0,1,0,0,차대사람 - 횡단중,보행자보호의무위반,건조,맑음,단일로 - 기타,승용,여,58세,상해없음,보행자,여,50세,중상
2020072000100096,2020년 7월 20일 08시,월요일,강원도 삼척시 당저동,경상사고,0,0,1,0,차대차 - 측면충돌,안전운전불이행,건조,흐림,교차로 - 교차로안,승용,여,43세,상해없음,승용,여,45세,경상
2020072000100097,2020년 7월 20일 08시,월요일,강원도 삼척시 근덕면,경상사고,0,0,4,0,차대차 - 측면충돌,중앙선침범,기타,맑음,단일로 - 기타,승용,남,22세,경상,승합,남,52세,상해없음
2020072000100134,2020년 7월 20일 09시,월요일,강원도 춘천시 후평동,경상사고,0,0,1,0,차대차 - 측면충돌,교차로운행방법위반,건조,맑음,교차로 - 교차로안,화물,남,77세,상해없음,화물,남,41세,상해없음
2020072000100165,2020년 7월 20일 10시,월요일,강원도 원주시 단계동,중상사고,0,1,0,0,차대사람 - 기타,기타,건조,맑음,단일로 - 기타,승용,여,55세,상해없음,보행자,여,36세,중상
2020072000100190,2020년 7월 20일 11시,월요일,강원도 강릉시 대전동,경상사고,0,0,1,0,차대차 - 기타,신호위반,건조,맑음,교차로 - 교차로안,화물,남,37세,상해없음,승용,남,47세,경상
2020072000100220,2020년 7월 20일 12시,월요일,강원도 원주시 중앙동,경상사고,0,0,1,0,차대차 - 추돌,안전운전불이행,건조,맑음,교차로 - 교차로횡단보도내,자전거,남,83세,경상,승용,남,46세,상해없음
2020072000100283,2020년 7월 20일 14시,월요일,강원도 춘천시 우두동,경상사고,0,0,4,0,차대차 - 추돌,안전운전불이행,건조,맑음,단일로 - 기타,화물,남,72세,상해없음,승용,남,53세,경상
2020072000100284,2020년 7월 20일 14시,월요일,강원도 삼척시 도계읍,경상사고,0,0,1,0,차량단독 - 공작물충돌,안전운전불이행,건조,맑음,단일로 - 기타,원동기,남,78세,경상,,,,
2020072000100285,2020년 7월 20일 14시,월요일,강원도 철원군 동송읍,경상사고,0,0,1,0,차대차 - 기타,교차로운행방법위반,젖음/습기,흐림,교차로 - 교차로안,화물,남,59세,기타불명,승용,여,48세,경상
2020072000100314,2020년 7월 20일 15시,월요일,강원도 원주시 행구동,경상사고,0,0,3,1,차대차 - 추돌,안전거리미확보,건조,맑음,단일로 - 기타,승용,남,34세,부상신고,승용,남,65세,경상
2020072000100379,2020년 7월 20일 17시,월요일,강원도 삼척시 교동,경상사고,0,0,1,0,차대차 - 측면충돌,안전운전불이행,건조,맑음,단일로 - 기타,승용,여,53세,상해없음,자전거,남,13세,경상
2020072000100416,2020년 7월 20일 18시,월요일,강원도 홍천군 홍천읍,경상사고,0,0,1,0,차대차 - 측면충돌,직진우회전진행방해,건조,맑음,단일로 - 기타,승용,여,42세,상해없음,승용,남,36세,경상
2020072000100417,2020년 7월 20일 18시,월요일,강원도 태백시 황지동,경상사고,0,0,2,0,차대차 - 측면충돌,교차로운행방법위반,건조,맑음,교차로 - 교차로안,승용,여,61세,경상,승용,남,52세,경상
2020072000100453,2020년 7월 20일 19시,월요일,강원도 원주시 일산동,부상신고사고,0,0,0,1,차대사람 - 기타,안전운전불이행,건조,맑음,단일로 - 기타,이륜,남,21세,부상신고,보행자,남,68세,상해없음
2020072000100500,2020년 7월 20일 21시,월요일,강원도 원주시 개운동,경상사고,0,0,3,0,차대차 - 측면충돌,안전운전불이행,건조,맑음,교차로 - 교차로부근,화물,남,70세,상해없음,승용,남,31세,경상
2020072000100501,2020년 7월 20일 21시,월요일,강원도 영월군 남면,중상사고,0,1,0,0,차대차 - 정면충돌,중앙선침범,건조,흐림,단일로 - 기타,화물,남,51세,상해없음,승용,여,44세,중상
2020072000100502,2020년 7월 20일 21시,월요일,강원도 태백시 장성동,경상사고,0,0,3,0,차대차 - 측면충돌,안전운전불이행,건조,맑음,교차로 - 교차로안,승용,여,54세,상해없음,승용,남,19세,경상
2020072000100503,2020년 7월 20일 21시,월요일,강원도 인제군 북면,중상사고,0,1,0,0,차대사람 - 보도통행중,보행자보호의무위반,건조,맑음,교차로 - 교차로안,승용,여,25세,상해없음,보행자,여,54세,중상
2020072000100543,2020년 7월 20일 23시,월요일,강원도 동해시 쇄운동,경상사고,0,0,2,0,차대차 - 기타,안전운전불이행,건조,맑음,교차로 - 교차로부근,승용,여,27세,상해없음,승용,남,56세,상해없음
2020072100100072,2020년 7월 21일 06시,화요일,강원도 원주시 명륜동,경상사고,0,0,1,0,차대차 - 측면충돌,안전운전불이행,건조,흐림,단일로 - 기타,승용,남,65세,상해없음,승용,여,52세,경상
2020072100100109,2020년 7월 21일 08시,화요일,강원도 횡성군 횡성읍,경상사고,0,0,1,0,차대사람 - 보도통행중,안전운전불이행,건조,맑음,단일로 - 기타,승용,여,46세,상해없음,보행자,남,79세,경상
2020072100100134,2020년 7월 21일 09시,화요일,강원도 원주시 학성동,중상사고,0,1,0,0,차대차 - 기타,안전운전불이행,건조,맑음,교차로 - 교차로부근,승용,여,47세,상해없음,자전거,남,80세,중상
2020072100100244,2020년 7월 21일 12시,화요일,강원도 원주시 단계동,중상사고,0,1,1,0,차대차 - 정면충돌,안전운전불이행,건조,맑음,교차로 - 교차로안,화물,남,61세,상해없음,승용,남,61세,경상
2020072100100245,2020년 7월 21일 12시,화요일,강원도 원주시 원동,경상사고,0,0,1,0,차대차 - 후진중충돌,안전운전불이행,건조,맑음,주차장 - 주차장,승용,여,44세,상해없음,승용,남,59세,경상
2020072100100273,2020년 7월 21일 13시,화요일,강원도 원주시 단계동,경상사고,0,0,1,0,차대차 - 측면충돌,안전운전불이행,건조,맑음,단일로 - 기타,이륜,남,16세,상해없음,승용,여,30세,경상
2020072100100274,2020년 7월 21일 13시,화요일,강원도 삼척시 정상동,중상사고,0,1,0,0,차대차 - 측면충돌,안전운전불이행,건조,맑음,교차로 - 교차로안,승용,남,37세,상해없음,이륜,남,70세,중상
2020072100100321,2020년 7월 21일 14시,화요일,강원도 원주시 봉산동,경상사고,0,0,4,0,차대차 - 측면충돌,신호위반,건조,맑음,교차로 - 교차로안,승용,여,66세,경상,승용,여,38세,경상
2020072100100322,2020년 7월 21일 14시,화요일,강원도 횡성군 우천면,경상사고,0,0,3,0,차대차 - 추돌,안전운전불이행,건조,맑음,단일로 - 기타,화물,남,64세,상해없음,화물,남,49세,경상
2020072100100354,2020년 7월 21일 15시,화요일,강원도 원주시 태장동,중상사고,0,1,0,0,차대차 - 기타,교차로운행방법위반,건조,맑음,교차로 - 교차로안,승용,남,59세,상해없음,원동기,남,48세,중상
2020072100100389,2020년 7월 21일 16시,화요일,강원도 춘천시 운교동,중상사고,0,1,0,0,차대사람 - 기타,안전운전불이행,건조,맑음,교차로 - 교차로안,승용,남,18세,상해없음,보행자,여,72세,중상
2020072100100390,2020년 7월 21일 16시,화요일,강원도 춘천시 효자동,경상사고,0,0,1,0,차대차 - 기타,교차로운행방법위반,건조,맑음,교차로 - 교차로안,승용,남,46세,상해없음,이륜,남,27세,경상
2020072100100391,2020년 7월 21일 16시,화요일,강원도 강릉시 홍제동,경상사고,0,0,2,0,차대차 - 측면충돌,안전운전불이행,건조,맑음,교차로 - 교차로안,승용,여,62세,상해없음,승용,남,30세,경상
2020072100100392,2020년 7월 21일 16시,화요일,강원도 강릉시 노암동,경상사고,0,0,3,0,차대차 - 정면충돌,안전운전불이행,기타,맑음,기타 - 기타,승용,남,51세,상해없음,승용,여,41세,경상
2020072100100393,2020년 7월 21일 16시,화요일,강원도 원주시 단구동,경상사고,0,0,1,0,차대차 - 측면충돌,교차로운행방법위반,건조,맑음,단일로 - 기타,승용,여,48세,상해없음,승용,남,25세,경상
2020072100100394,2020년 7월 21일 16시,화요일,강원도 원주시 문막읍,경상사고,0,0,2,0,차대차 - 측면충돌,안전운전불이행,건조,맑음,단일로 - 기타,승용,남,43세,상해없음,승용,남,45세,경상
2020072100100424,2020년 7월 21일 17시,화요일,강원도 강릉시 성산면,중상사고,0,1,0,0,차대차 - 정면충돌,중앙선침범,건조,맑음,단일로 - 기타,화물,남,52세,상해없음,이륜,남,32세,중상
2020072100100473,2020년 7월 21일 18시,화요일,강원도 강릉시 지변동,경상사고,0,0,3,0,차대차 - 측면충돌,안전운전불이행,건조,맑음,교차로 - 교차로안,승용,여,43세,상해없음,승합,남,57세,상해없음
2020072100100474,2020년 7월 21일 18시,화요일,강원도 양양군 양양읍,중상사고,0,2,0,0,차대사람 - 횡단중,보행자보호의무위반,건조,흐림,기타 - 기타,화물,남,65세,상해없음,보행자,남,14세,중상
2020072100100475,2020년 7월 21일 18시,화요일,강원도 횡성군 횡성읍,중상사고,0,1,0,0,차대차 - 측면충돌,안전운전불이행,건조,맑음,교차로 - 교차로안,승용,여,65세,상해없음,승용,여,49세,중상
2020072100100545,2020년 7월 21일 20시,화요일,강원도 춘천시 후평동,경상사고,0,0,1,0,차대차 - 추돌,안전운전불이행,건조,맑음,교차로 - 교차로부근,승용,여,52세,상해없음,승용,남,38세,경상
2020072100100546,2020년 7월 21일 20시,화요일,강원도 원주시 단계동,경상사고,0,0,3,0,차대차 - 추돌,안전거리미확보,건조,맑음,단일로 - 기타,승용,여,66세,경상,승용,남,37세,경상
2020072100100572,2020년 7월 21일 21시,화요일,강원도 강릉시 홍제동,경상사고,0,0,2,0,차대차 - 측면충돌,중앙선침범,건조,맑음,단일로 - 기타,승용,여,54세,상해없음,승용,여,71세,경상
2020072200100173,2020년 7월 22일 09시,수요일,강원도 동해시 구호동,중상사고,0,1,0,0,차대차 - 측면충돌,안전운전불이행,건조,맑음,교차로 - 교차로안,건설기계,남,66세,상해없음,승용,남,41세,중상
2020072200100209,2020년 7월 22일 10시,수요일,강원도 삼척시 원덕읍,중상사고,0,2,1,0,차대차 - 측면충돌,안전거리미확보,건조,맑음,단일로 - 지하차도(도로)내,승용,남,41세,경상,승용,남,42세,중상
2020072200100244,2020년 7월 22일 11시,수요일,강원도 속초시 대포동,경상사고,0,0,1,0,차대차 - 추돌,안전운전불이행,건조,흐림,교차로 - 교차로부근,승용,남,60세,상해없음,승용,여,56세,경상
2020072200100301,2020년 7월 22일 13시,수요일,강원도 원주시 단구동,경상사고,0,0,2,0,차대차 - 기타,안전운전불이행,건조,맑음,단일로 - 기타,화물,남,56세,상해없음,승용,남,43세,경상
2020072200100302,2020년 7월 22일 13시,수요일,강원도 삼척시 근덕면,부상신고사고,0,0,0,1,차대차 - 측면충돌,안전운전불이행,건조,맑음,교차로 - 교차로안,이륜,남,75세,부상신고,승합,여,52세,상해없음
2020072200100326,2020년 7월 22일 14시,수요일,강원도 원주시 무실동,경상사고,0,0,1,0,차대사람 - 보도통행중,보행자보호의무위반,젖음/습기,비,교차로 - 교차로횡단보도내,승용,여,47세,상해없음,보행자,남,28세,경상
2020072200100327,2020년 7월 22일 14시,수요일,강원도 원주시 중앙동,경상사고,0,0,1,0,차대차 - 측면충돌,안전운전불이행,건조,맑음,단일로 - 기타,승용,남,67세,상해없음,승용,여,50세,경상
2020072200100399,2020년 7월 22일 16시,수요일,강원도 삼척시 갈천동,경상사고,0,0,1,0,차대차 - 측면충돌,안전운전불이행,건조,맑음,교차로 - 교차로안,승용,남,35세,상해없음,원동기,남,23세,경상
2020072200100441,2020년 7월 22일 17시,수요일,강원도 원주시 태장동,경상사고,0,0,1,0,차대차 - 추돌,안전운전불이행,건조,맑음,단일로 - 기타,자전거,남,13세,경상,화물,남,53세,상해없음
2020072200100486,2020년 7월 22일 18시,수요일,강원도 원주시 단계동,경상사고,0,0,3,0,차대차 - 추돌,안전운전불이행,건조,맑음,단일로 - 기타,승용,남,54세,경상,승용,여,61세,경상
2020072200100534,2020년 7월 22일 19시,수요일,강원도 원주시 단구동,경상사고,0,0,1,0,차대차 - 측면충돌,안전운전불이행,건조,맑음,교차로 - 교차로안,이륜,남,79세,상해없음,승용,여,45세,경상
2020072200100601,2020년 7월 22일 21시,수요일,강원도 춘천시 석사동,중상사고,0,1,0,0,차대차 - 측면충돌,안전운전불이행,건조,맑음,단일로 - 기타,승용,남,26세,상해없음,이륜,남,23세,중상
2020072200100602,2020년 7월 22일 21시,수요일,강원도 원주시 단계동,중상사고,0,2,1,0,차대차 - 정면충돌,신호위반,젖음/습기,비,교차로 - 교차로안,승용,남,57세,상해없음,승용,남,43세,중상
2020072200100630,2020년 7월 22일 22시,수요일,강원도 강릉시 포남동,경상사고,0,0,3,0,차대차 - 추돌,안전운전불이행,건조,맑음,교차로 - 교차로부근,화물,남,51세,상해없음,승용,남,52세,경상
2020072200100631,2020년 7월 22일 22시,수요일,강원도 양양군 강현면,경상사고,0,0,1,0,차대차 - 측면충돌,안전운전불이행,건조,맑음,단일로 - 기타,승용,남,37세,상해없음,자전거,남,35세,경상
2020072300100024,2020년 7월 23일 01시,목요일,강원도 원주시 소초면,경상사고,0,0,2,0,차대차 - 측면충돌,안전운전불이행,건조,맑음,단일로 - 기타,화물,남,73세,상해없음,승용,여,36세,경상
2020072300100109,2020년 7월 23일 08시,목요일,강원도 강릉시 교동,경상사고,0,0,1,0,차대차 - 추돌,안전운전불이행,건조,맑음,단일로 - 기타,승용,남,23세,상해없음,화물,남,47세,경상