사고번호,사고일시,요일,시군구,사고내용,사망자수,중상자수,경상자수,부상신고자수,사고유형,법규위반,노면상태,기상상태,도로형태,가해운전자 차종,가해운전자 성별,가해운전자 연령,가해운전자 상해정도,피해운전자 차종,피해운전자 성별,피해운전자 연령,피해운전자 상해정도
2020072300100110,2020년 7월 23일 08시,목요일,강원도 양구군 남면,경상사고,0,0,2,0,차대차 - 측면충돌,신호위반,건조,맑음,교차로 - 교차로안,화물,여,22세,경상,승용,남,38세,경상
2020072300100138,2020년 7월 23일 09시,목요일,강원도 원주시 흥업면,경상사고,0,0,1,0,차대차 - 추돌,안전거리미확보,젖음/습기,비,교차로 - 교차로안,화물,남,79세,상해없음,승용,여,36세,경상
2020072300100139,2020년 7월 23일 09시,목요일,강원도 원주시 우산동,중상사고,0,1,0,0,차대사람 - 기타,안전운전불이행,건조,맑음,주차장 - 주차장,승용,남,29세,상해없음,보행자,남,85세,중상
2020072300100164,2020년 7월 23일 10시,목요일,강원도 춘천시 동면,경상사고,0,0,1,0,차대차 - 기타,신호위반,건조,맑음,교차로 - 교차로안,화물,남,53세,상해없음,승용,여,39세,경상
2020072300100165,2020년 7월 23일 10시,목요일,강원도 원주시 단구동,경상사고,0,0,2,0,차대차 - 측면충돌,안전운전불이행,건조,맑음,교차로 - 교차로안,화물,남,58세,상해없음,승용,여,37세,경상
2020072300100166,2020년 7월 23일 10시,목요일,강원도 속초시 조양동,경상사고,0,0,1,0,차대차 - 측면충돌,교차로운행방법위반,건조,흐림,교차로 - 교차로안,승용,남,78세,상해없음,승용,여,33세,경상
2020072300100215,2020년 7월 23일 12시,목요일,강원도 춘천시 퇴계동,경상사고,0,0,1,0,차대차 - 측면충돌,중앙선침범,젖음/습기,비,단일로 - 기타,승용,여,62세,상해없음,승용,남,56세,경상
2020072300100216,2020년 7월 23일 12시,목요일,강원도 춘천시 후평동,경상사고,0,0,1,0,차대차 - 기타,기타,젖음/습기,비,단일로 - 기타,승용,여,48세,상해없음,승용,남,24세,경상
2020072300100217,2020년 7월 23일 12시,목요일,강원도 원주시 귀래면,경상사고,0,0,1,0,차대차 - 기타,안전운전불이행,젖음/습기,비,단일로 - 기타,승용,여,39세,경상,화물,남,62세,상해없음
2020072300100218,2020년 7월 23일 12시,목요일,강원도 원주시 중앙동,경상사고,0,0,1,0,차대차 - 측면충돌,안전운전불이행,젖음/습기,비,교차로 - 교차로부근,승용,여,50세,상해없음,승용,여,22세,경상
2020072300100249,2020년 7월 23일 13시,목요일,강원도 강릉시 명주동,경상사고,0,0,1,0,차대사람 - 기타,안전운전불이행,젖음/습기,비,단일로 - 기타,승합,남,21세,상해없음,보행자,남,81세,경상
2020072300100250,2020년 7월 23일 13시,목요일,강원도 태백시 황지동,경상사고,0,0,1,0,차대차 - 추돌,안전거리미확보,젖음/습기,비,교차로 - 교차로안,화물,남,46세,상해없음,승용,남,61세,경상
2020072300100251,2020년 7월 23일 13시,목요일,강원도 횡성군 우천면,경상사고,0,0,3,0,차대차 - 정면충돌,안전운전불이행,젖음/습기,비,교차로 - 교차로부근,화물,남,61세,상해없음,승용,남,44세,경상
2020072300100310,2020년 7월 23일 15시,목요일,강원도 춘천시 석사동,경상사고,0,0,1,0,차대차 - 추돌,안전운전불이행,젖음/습기,비,교차로 - 교차로부근,승용,여,40세,상해없음,화물,남,64세,경상
2020072300100311,2020년 7월 23일 15시,목요일,강원도 원주시 평원동,중상사고,0,1,0,0,차대사람 - 횡단중,안전운전불이행,젖음/습기,비,단일로 - 기타,승용,여,64세,상해없음,보행자,남,52세,중상
2020072300100312,2020년 7월 23일 15시,목요일,강원도 삼척시 교동,경상사고,0,0,1,0,차대차 - 측면충돌,안전운전불이행,젖음/습기,비,교차로 - 교차로안,승용,여,46세,상해없음,원동기,남,18세,경상
2020072300100343,2020년 7월 23일 16시,목요일,강원도 춘천시 후평동,경상사고,0,0,1,0,차대차 - 측면충돌,안전운전불이행,젖음/습기,비,교차로 - 교차로안,승용,남,59세,상해없음,이륜,남,32세,경상
2020072300100344,2020년 7월 23일 16시,목요일,강원도 강릉시 교동,경상사고,0,0,1,0,차대차 - 측면충돌,안전운전불이행,젖음/습기,비,교차로 - 교차로안,승용,여,40세,상해없음,승용,여,33세,경상
2020072300100391,2020년 7월 23일 17시,목요일,강원도 양양군 양양읍,중상사고,0,1,1,0,차대차 - 추돌,안전운전불이행,젖음/습기,비,교차로 - 교차로부근,화물,남,48세,상해없음,화물,남,61세,상해없음
2020072300100392,2020년 7월 23일 17시,목요일,강원도 삼척시 사직동,중상사고,0,1,0,0,차대사람 - 횡단중,안전운전불이행,젖음/습기,비,교차로 - 교차로안,승용,여,51세,상해없음,보행자,남,50세,중상
2020072300100393,2020년 7월 23일 17시,목요일,강원도 영월군 북면,사망사고,1,0,2,2,차대차 - 측면충돌,중앙선침범,젖음/습기,비,단일로 - 기타,승용,남,62세,상해없음,건설기계,남,64세,상해없음
2020072300100436,2020년 7월 23일 18시,목요일,강원도 원주시 명륜동,경상사고,0,0,2,0,차대차 - 추돌,신호위반,젖음/습기,비,교차로 - 교차로안,승용,여,57세,기타불명,승용,남,52세,경상
2020072300100437,2020년 7월 23일 18시,목요일,강원도 속초시 동명동,경상사고,0,0,1,0,차대차 - 추돌,안전운전불이행,젖음/습기,비,교차로 - 교차로부근,화물,남,62세,상해없음,승용,여,23세,경상
2020072300100490,2020년 7월 23일 19시,목요일,강원도 춘천시 석사동,경상사고,0,0,1,0,차대차 - 측면충돌,교차로운행방법위반,젖음/습기,비,교차로 - 교차로안,승용,남,66세,상해없음,이륜,남,20세,경상
2020072300100491,2020년 7월 23일 19시,목요일,강원도 춘천시 우두동,중상사고,0,1,0,0,차대사람 - 횡단중,보행자보호의무위반,젖음/습기,비,교차로 - 교차로횡단보도내,승합,남,52세,상해없음,보행자,여,60세,중상
2020072300100492,2020년 7월 23일 19시,목요일,강원도 강릉시 죽헌동,경상사고,0,0,1,0,차대차 - 추돌,안전운전불이행,젖음/습기,비,교차로 - 교차로부근,승용,남,63세,상해없음,승용,여,25세,경상
2020072300100536,2020년 7월 23일 20시,목요일,강원도 강릉시 입암동,경상사고,0,0,1,0,차대차 - 측면충돌,안전운전불이행,젖음/습기,비,교차로 - 교차로안,승용,여,46세,상해없음,승용,남,62세,경상
2020072300100537,2020년 7월 23일 20시,목요일,강원도 강릉시 포남동,경상사고,0,0,1,0,차대차 - 측면충돌,안전운전불이행,젖음/습기,비,교차로 - 교차로안,승용,여,47세,기타불명,승용,남,39세,경상
2020072300100538,2020년 7월 23일 20시,목요일,강원도 강릉시 박월동,중상사고,0,1,0,0,차량단독 - 공작물충돌,안전운전불이행,젖음/습기,비,단일로 - 기타,승용,여,65세,상해없음,,,,
2020072300100643,2020년 7월 23일 22시,목요일,강원도 강릉시 대전동,경상사고,0,0,4,0,차량단독 - 공작물충돌,과속,젖음/습기,비,단일로 - 기타,승용,남,46세,상해없음,,,,
2020072300100687,2020년 7월 23일 23시,목요일,강원도 원주시 반곡동,경상사고,0,0,2,0,차대차 - 추돌,안전운전불이행,젖음/습기,비,교차로 - 교차로부근,승용,남,47세,상해없음,승용,남,46세,경상
2020072400100008,2020년 7월 24일 00시,금요일,강원도 홍천군 북방면,중상사고,0,1,1,0,차량단독 - 공작물충돌,안전운전불이행,젖음/습기,비,단일로 - 기타,승용,남,57세,경상,,,,
2020072400100075,2020년 7월 24일 07시,금요일,강원도 원주시 반곡동,경상사고,0,0,1,0,차대차 - 기타,안전운전불이행,건조,맑음,단일로 - 기타,승용,여,35세,기타불명,자전거,남,54세,경상
2020072400100126,2020년 7월 24일 09시,금요일,강원도 춘천시 신동면,경상사고,0,0,1,0,차대차 - 기타,안전거리미확보,젖음/습기,비,단일로 - 기타,화물,남,51세,상해없음,화물,남,28세,경상
2020072400100211,2020년 7월 24일 12시,금요일,강원도 영월군 영월읍,중상사고,0,2,0,0,차대차 - 측면충돌,교차로운행방법위반,건조,흐림,교차로 - 교차로안,승용,여,26세,상해없음,승용,여,61세,상해없음
2020072400100296,2020년 7월 24일 15시,금요일,강원도 춘천시 후평동,부상신고사고,0,0,0,1,차대사람 - 기타,안전운전불이행,젖음/습기,비,단일로 - 기타,기타불명,기타불명,미분류,기타불명,보행자,남,10세,부상신고
2020072400100297,2020년 7월 24일 15시,금요일,강원도 원주시 학성동,중상사고,0,2,1,1,차대차 - 추돌,안전거리미확보,젖음/습기,비,단일로 - 기타,화물,남,29세,부상신고,승용,여,59세,경상
2020072400100298,2020년 7월 24일 15시,금요일,강원도 속초시 교동,경상사고,0,0,1,0,차대차 - 추돌,안전거리미확보,젖음/습기,비,교차로 - 교차로부근,이륜,남,25세,기타불명,승용,여,42세,경상
2020072400100299,2020년 7월 24일 15시,금요일,강원도 홍천군 서면,경상사고,0,0,2,0,차대차 - 정면충돌,안전운전불이행,건조,맑음,단일로 - 지하차도(도로)내,승용,남,62세,경상,승용,여,37세,경상
2020072400100372,2020년 7월 24일 17시,금요일,강원도 강릉시 포남동,경상사고,0,0,1,0,차대차 - 측면충돌,안전운전불이행,건조,맑음,교차로 - 교차로안,승용,여,66세,상해없음,승용,여,61세,경상
2020072400100373,2020년 7월 24일 17시,금요일,강원도 원주시 일산동,경상사고,0,0,2,0,차대차 - 후진중충돌,안전운전불이행,건조,맑음,단일로 - 기타,승용,남,18세,상해없음,승용,남,42세,경상
2020072400100423,2020년 7월 24일 18시,금요일,강원도 강릉시 포남동,경상사고,0,0,1,0,차대차 - 측면충돌,안전운전불이행,젖음/습기,비,교차로 - 교차로안,승용,남,25세,상해없음,승용,여,49세,경상
2020072400100478,2020년 7월 24일 19시,금요일,강원도 원주시 반곡동,경상사고,0,0,1,0,차대차 - 기타,신호위반,건조,맑음,교차로 - 교차로안,승용,남,28세,상해없음,이륜,남,21세,경상
2020072400100479,2020년 7월 24일 19시,금요일,강원도 원주시 무실동,중상사고,0,1,0,0,차대차 - 추돌,안전운전불이행,젖음/습기,흐림,기타 - 기타,승용,여,41세,상해없음,자전거,여,65세,중상
2020072400100562,2020년 7월 24일 21시,금요일,강원도 원주시 무실동,중상사고,0,1,0,0,차대차 - 정면충돌,신호위반,젖음/습기,흐림,교차로 - 교차로안,승용,남,33세,상해없음,승용,여,58세,중상
2020072500100072,2020년 7월 25일 03시,토요일,강원도 강릉시 포남동,경상사고,0,0,3,0,차대차 - 측면충돌,안전운전불이행,건조,맑음,교차로 - 교차로안,승용,남,54세,상해없음,승용,남,33세,경상
2020072500100093,2020년 7월 25일 05시,토요일,강원도 원주시 무실동,중상사고,0,1,1,0,차대차 - 추돌,안전운전불이행,건조,맑음,교차로 - 교차로안,승용,남,42세,상해없음,승용,남,40세,경상
2020072500100209,2020년 7월 25일 11시,토요일,강원도 홍천군 홍천읍,경상사고,0,0,2,0,차대차 - 기타,기타,건조,맑음,단일로 - 기타,화물,남,52세,상해없음,승용,남,55세,경상
2020072500100281,2020년 7월 25일 13시,토요일,강원도 원주시 무실동,경상사고,0,0,4,0,차대차 - 측면충돌,안전거리미확보,건조,맑음,단일로 - 기타,승용,남,37세,경상,승용,남,28세,경상
2020072500100282,2020년 7월 25일 13시,토요일,강원도 원주시 문막읍,경상사고,0,0,2,0,차대차 - 기타,신호위반,젖음/습기,비,교차로 - 교차로안,승용,남,58세,상해없음,승용,남,46세,경상
2020072500100283,2020년 7월 25일 13시,토요일,강원도 원주시 우산동,경상사고,0,0,3,0,차대차 - 측면충돌,직진우회전진행방해,건조,맑음,교차로 - 교차로안,승용,남,31세,경상,승용,남,65세,경상
2020072500100327,2020년 7월 25일 14시,토요일,강원도 원주시 단구동,경상사고,0,0,3,0,차대차 - 추돌,안전운전불이행,건조,맑음,단일로 - 기타,화물,남,46세,상해없음,승용,남,70세,경상
2020072500100358,2020년 7월 25일 15시,토요일,강원도 고성군 간성읍,부상신고사고,0,0,0,1,차대차 - 기타,안전운전불이행,젖음/습기,비,기타 - 기타,승용,남,57세,부상신고,승용,남,39세,상해없음
2020072500100398,2020년 7월 25일 16시,토요일,강원도 홍천군 내면,경상사고,0,0,1,0,차량단독 - 공작물충돌,안전운전불이행,젖음/습기,비,단일로 - 지하차도(도로)내,이륜,남,41세,경상,,,,
2020072500100464,2020년 7월 25일 18시,토요일,강원도 속초시 조양동,중상사고,0,1,0,0,차대차 - 측면충돌,안전운전불이행,젖음/습기,비,교차로 - 교차로부근,승용,여,57세,상해없음,이륜,남,27세,중상
2020072500100465,2020년 7월 25일 18시,토요일,강원도 홍천군 서면,경상사고,0,0,1,0,차대차 - 측면충돌,중앙선침범,건조,맑음,단일로 - 지하차도(도로)내,이륜,남,24세,상해없음,승용,여,27세,경상
2020072500100501,2020년 7월 25일 19시,토요일,강원도 강릉시 연곡면,중상사고,0,1,0,0,차대사람 - 횡단중,보행자보호의무위반,젖음/습기,비,단일로 - 기타,이륜,남,51세,상해없음,보행자,여,72세,중상
2020072500100537,2020년 7월 25일 20시,토요일,강원도 원주시 명륜동,중상사고,0,1,0,0,차대사람 - 횡단중,보행자보호의무위반,건조,맑음,교차로 - 교차로횡단보도내,승용,남,29세,상해없음,보행자,남,60세,중상
2020072500100538,2020년 7월 25일 20시,토요일,강원도 원주시 판부면,경상사고,0,0,1,0,차대차 - 기타,신호위반,건조,맑음,교차로 - 교차로안,승용,남,40세,기타불명,승용,남,31세,상해없음
2020072500100574,2020년 7월 25일 21시,토요일,강원도 춘천시 석사동,경상사고,0,0,4,0,차대차 - 추돌,안전운전불이행,건조,맑음,단일로 - 기타,승용,남,47세,상해없음,승용,남,38세,경상
2020072500100575,2020년 7월 25일 21시,토요일,강원도 원주시 태장동,경상사고,0,0,8,0,차량단독 - 도로외이탈 - 기타,안전운전불이행,건조,맑음,단일로 - 기타,승용,남,34세,상해없음,,,,
2020072500100576,2020년 7월 25일 21시,토요일,강원도 원주시 태장동,중상사고,0,1,4,0,차대차 - 측면충돌,직진우회전진행방해,건조,맑음,교차로 - 교차로안,승용,남,40세,경상,승용,남,60세,중상
2020072500100577,2020년 7월 25일 21시,토요일,강원도 양구군 양구읍,경상사고,0,0,28,0,차대차 - 측면충돌,직진우회전진행방해,건조,맑음,교차로 - 교차로안,승용,남,63세,상해없음,승용,남,21세,경상
2020072600100090,2020년 7월 26일 08시,일요일,강원도 속초시 교동,경상사고,0,0,1,0,차대사람 - 횡단중,신호위반,건조,맑음,교차로 - 교차로안,승용,남,71세,상해없음,보행자,여,65세,경상
2020072600100091,2020년 7월 26일 08시,일요일,강원도 삼척시 갈천동,경상사고,0,0,3,0,차대차 - 측면충돌,안전운전불이행,건조,맑음,단일로 - 기타,승용,남,61세,경상,승용,여,54세,상해없음
2020072600100121,2020년 7월 26일 10시,일요일,강원도 원주시 단계동,경상사고,0,0,1,0,차대사람 - 기타,안전운전불이행,건조,맑음,기타 - 기타,승용,남,47세,상해없음,보행자,남,32세,경상
2020072600100137,2020년 7월 26일 11시,일요일,강원도 삼척시 원덕읍,경상사고,0,0,5,0,차대차 - 정면충돌,안전운전불이행,건조,맑음,단일로 - 기타,승용,남,44세,상해없음,승용,기타불명,미분류,기타불명
2020072600100188,2020년 7월 26일 13시,일요일,강원도 강릉시 포남동,경상사고,0,0,1,0,차대차 - 측면충돌,안전운전불이행,건조,흐림,교차로 - 교차로횡단보도내,화물,남,70세,상해없음,자전거,여,55세,경상
2020072600100224,2020년 7월 26일 14시,일요일,강원도 춘천시 우두동,중상사고,0,1,0,0,차대사람 - 기타,안전운전불이행,건조,맑음,단일로 - 기타,자전거,남,19세,상해없음,보행자,여,62세,중상
2020072600100225,2020년 7월 26일 14시,일요일,강원도 동해시 묵호진동,중상사고,0,1,0,0,차대차 - 추돌,안전운전불이행,건조,맑음,단일로 - 기타,승용,남,55세,상해없음,승용,남,33세,상해없음
2020072600100262,2020년 7월 26일 15시,일요일,강원도 홍천군 홍천읍,중상사고,0,1,0,0,차대차 - 정면충돌,중앙선침범,건조,맑음,단일로 - 기타,승용,남,36세,상해없음,승용,남,50세,중상
2020072600100294,2020년 7월 26일 16시,일요일,강원도 춘천시 효자동,중상사고,0,1,0,0,차대사람 - 횡단중,보행자보호의무위반,건조,맑음,교차로 - 교차로횡단보도내,승용,여,33세,상해없음,보행자,여,21세,중상
2020072600100354,2020년 7월 26일 18시,일요일,강원도 홍천군 화촌면,경상사고,0,0,3,0,차대차 - 추돌,안전운전불이행,건조,기타,단일로 - 기타,승용,남,25세,경상,승용,여,63세,경상
2020072600100379,2020년 7월 26일 19시,일요일,강원도 강릉시 교동,경상사고,0,0,2,0,차대차 - 추돌,안전운전불이행,건조,맑음,교차로 - 교차로부근,승용,여,51세,상해없음,승용,남,70세,경상
2020072600100380,2020년 7월 26일 19시,일요일,강원도 태백시 황지동,경상사고,0,0,1,0,차대차 - 측면충돌,중앙선침범,건조,맑음,단일로 - 기타,화물,여,56세,상해없음,승합,남,59세,경상
2020072600100399,2020년 7월 26일 20시,일요일,강원도 원주시 반곡동,중상사고,0,1,0,0,차대차 - 추돌,안전거리미확보,건조,맑음,단일로 - 기타,승용,남,31세,기타불명,승용,남,56세,중상
2020072700100005,2020년 7월 27일 00시,월요일,강원도 화천군 간동면,중상사고,0,1,0,0,차대사람 - 기타,안전운전불이행,젖음/습기,흐림,단일로 - 기타,화물,남,71세,상해없음,보행자,남,49세,중상
2020072700100024,2020년 7월 27일 04시,월요일,강원도 원주시 단구동,중상사고,0,3,0,0,차대차 - 측면충돌,안전운전불이행,건조,맑음,교차로 - 교차로안,승용,남,20세,상해없음,승용,남,19세,중상
2020072700100046,2020년 7월 27일 06시,월요일,강원도 춘천시 동면,경상사고,0,0,3,0,차대차 - 기타,안전운전불이행,건조,맑음,교차로 - 교차로안,승용,남,63세,경상,승용,남,45세,경상
2020072700100062,2020년 7월 27일 07시,월요일,강원도 횡성군 횡성읍,경상사고,0,0,2,0,차대차 - 측면충돌,안전운전불이행,건조,맑음,단일로 - 기타,승용,남,80세,경상,화물,남,66세,경상
2020072700100097,2020년 7월 27일 08시,월요일,강원도 영월군 영월읍,부상신고사고,0,0,0,1,차대차 - 측면충돌,안전운전불이행,건조,흐림,교차로 - 교차로횡단보도내,승용,여,37세,상해없음,자전거,남,11세,부상신고
2020072700100135,2020년 7월 27일 09시,월요일,강원도 원주시 반곡동,경상사고,0,0,1,0,차대차 - 기타,교차로운행방법위반,건조,맑음,교차로 - 교차로안,승합,남,68세,상해없음,승합,남,41세,경상
2020072700100208,2020년 7월 27일 11시,월요일,강원도 강릉시 입암동,경상사고,0,0,2,0,차대차 - 추돌,안전운전불이행,건조,맑음,교차로 - 교차로부근,승용,남,40세,상해없음,승용,남,47세,경상
2020072700100209,2020년 7월 27일 11시,월요일,강원도 속초시 영랑동,경상사고,0,0,1,0,차대차 - 측면충돌,안전운전불이행,건조,맑음,교차로 - 교차로안,승용,남,78세,상해없음,승용,여,44세,경상
2020072700100282,2020년 7월 27일 13시,월요일,강원도 동해시 평릉동,중상사고,0,1,0,0,차대차 - 측면충돌,교차로운행방법위반,젖음/습기,비,교차로 - 교차로안,승용,남,52세,상해없음,이륜,남,40세,중상
2020072700100358,2020년 7월 27일 15시,월요일,강원도 평창군 평창읍,중상사고,0,1,0,0,차대사람 - 기타,기타,건조,맑음,기타 - 기타,건설기계,남,30세,상해없음,보행자,여,66세,중상
2020072700100397,2020년 7월 27일 16시,월요일,강원도 강릉시 주문진읍,중상사고,0,1,0,0,차대사람 - 횡단중,보행자보호의무위반,건조,맑음,교차로 - 교차로안,화물,남,56세,상해없음,보행자,여,67세,중상
2020072700100398,2020년 7월 27일 16시,월요일,강원도 원주시 학성동,경상사고,0,0,2,0,차대차 - 측면충돌,안전운전불이행,건조,흐림,교차로 - 교차로안,승용,남,29세,상해없음,승용,남,55세,경상
2020072700100470,2020년 7월 27일 18시,월요일,강원도 춘천시 석사동,경상사고,0,0,1,0,차대차 - 추돌,안전거리미확보,건조,맑음,교차로 - 교차로부근,승용,남,23세,상해없음,승용,남,51세,상해없음
2020072700100471,2020년 7월 27일 18시,월요일,강원도 원주시 명륜동,경상사고,0,0,1,0,차대차 - 측면충돌,안전거리미확보,건조,맑음,단일로 - 기타,이륜,남,37세,상해없음,승용,여,35세,경상
2020072700100472,2020년 7월 27일 18시,월요일,강원도 동해시 동회동,중상사고,0,1,0,0,차대사람 - 기타,보행자보호의무위반,젖음/습기,비,단일로 - 기타,승용,여,42세,상해없음,보행자,여,2세,중상
2020072700100500,2020년 7월 27일 19시,월요일,강원도 춘천시 석사동,경상사고,0,0,1,0,차대차 - 기타,안전운전불이행,건조,맑음,교차로 - 교차로안,승용,남,27세,상해없음,승용,남,32세,경상
2020072700100592,2020년 7월 27일 22시,월요일,강원도 원주시 단구동,경상사고,0,0,2,0,차대차 - 추돌,안전거리미확보,건조,맑음,단일로 - 기타,승용,여,58세,상해없음,승용,남,26세,경상
2020072700100593,2020년 7월 27일 22시,월요일,강원도 원주시 태장동,경상사고,0,0,2,0,차대차 - 측면충돌,안전거리미확보,건조,맑음,단일로 - 기타,승용,남,32세,상해없음,승용,남,58세,상해없음
2020072800100006,2020년 7월 28일 00시,화요일,강원도 원주시 문막읍,중상사고,0,1,0,0,차대사람 - 차도통행중,안전운전불이행,젖음/습기,비,기타 - 기타,승용,남,49세,상해없음,보행자,여,41세,중상
2020072800100052,2020년 7월 28일 05시,화요일,강원도 강릉시 교동,중상사고,0,1,1,0,차량단독 - 도로외이탈 - 추락,안전거리미확보,젖음/습기,비,교차로 - 교차로안,승용,남,19세,경상,,,,
2020072800100073,2020년 7월 28일 07시,화요일,강원도 춘천시 석사동,경상사고,0,0,1,0,차대차 - 기타,안전운전불이행,건조,맑음,교차로 - 교차로부근,승용,남,35세,상해없음,승용,남,34세,경상
2020072800100074,2020년 7월 28일 07시,화요일,강원도 홍천군 두촌면,중상사고,0,1,0,0,차량단독 - 공작물충돌,안전운전불이행,건조,맑음,단일로 - 지하차도(도로)내,승용,남,22세,상해없음,,,,
2020072800100096,2020년 7월 28일 08시,화요일,강원도 강릉시 주문진읍,경상사고,0,0,1,0,차대차 - 추돌,안전운전불이행,건조,맑음,교차로 - 교차로부근,승용,남,63세,상해없음,승용,남,21세,경상
2020072800100097,2020년 7월 28일 08시,화요일,강원도 원주시 우산동,경상사고,0,0,1,0,차대차 - 정면충돌,직진우회전진행방해,건조,맑음,교차로 - 교차로안,승용,남,49세,상해없음,화물,남,60세,경상
2020072800100174,2020년 7월 28일 11시,화요일,강원도 원주시 명륜동,경상사고,0,0,1,0,차대차 - 측면충돌,교차로운행방법위반,건조,맑음,교차로 - 교차로안,승용,여,58세,상해없음,승용,남,23세,경상
2020072800100197,2020년 7월 28일 12시,화요일,강원도 평창군 미탄면,중상사고,0,1,1,0,차대차 - 기타,중앙선침범,젖음/습기,흐림,단일로 - 교량,승용,남,62세,상해없음,승용,남,51세,경상
2020072800100249,2020년 7월 28일 14시,화요일,강원도 횡성군 둔내면,중상사고,0,1,0,0,차대사람 - 길가장자리구역통행중,안전운전불이행,건조,맑음,단일로 - 기타,기타불명,남,24세,상해없음,보행자,남,60세,중상
2020072800100250,2020년 7월 28일 14시,화요일,강원도 철원군 갈말읍,경상사고,0,0,1,0,차대사람 - 횡단중,보행자보호의무위반,건조,맑음,교차로 - 교차로횡단보도내,승용,여,58세,상해없음,보행자,여,51세,경상
2020072800100281,2020년 7월 28일 15시,화요일,강원도 강릉시 성남동,경상사고,0,0,1,0,차대차 - 측면충돌,기타,건조,맑음,단일로 - 기타,승용,남,64세,상해없음,승용,남,72세,기타불명
2020072800100282,2020년 7월 28일 15시,화요일,강원도 화천군 상서면,경상사고,0,0,1,0,차대차 - 정면충돌,안전운전불이행,건조,맑음,단일로 - 기타,화물,남,60세,상해없음,이륜,남,31세,경상
2020072800100316,2020년 7월 28일 16시,화요일,강원도 원주시 단구동,경상사고,0,0,1,0,차대차 - 측면충돌,안전운전불이행,건조,맑음,교차로 - 교차로안,화물,남,45세,상해없음,승용,남,62세,경상
2020072800100348,2020년 7월 28일 17시,화요일,강원도 춘천시 중앙로1가,중상사고,0,1,0,0,차대차 - 측면충돌,안전운전불이행,젖음/습기,비,교차로 - 교차로안,승용,남,62세,상해없음,이륜,남,48세,중상
2020072800100349,2020년 7월 28일 17시,화요일,강원도 춘천시 퇴계동,경상사고,0,0,1,0,차대사람 - 보도통행중,안전운전불이행,젖음/습기,비,기타 - 기타,자전거,남,22세,상해없음,보행자,여,55세,경상
2020072800100350,2020년 7월 28일 17시,화요일,강원도 춘천시 효자동,경상사고,0,0,1,1,차대차 - 기타,차로위반,젖음/습기,비,단일로 - 기타,승합,남,62세,상해없음,이륜,남,42세,경상
2020072800100351,2020년 7월 28일 17시,화요일,강원도 속초시 교동,경상사고,0,0,1,0,차대차 - 측면충돌,안전운전불이행,건조,맑음,교차로 - 교차로안,승용,남,45세,상해없음,승용,남,49세,경상
2020072800100352,2020년 7월 28일 17시,화요일,강원도 속초시 조양동,중상사고,0,1,0,0,차대사람 - 횡단중,신호위반,건조,맑음,교차로 - 교차로횡단보도내,승용,여,55세,상해없음,보행자,여,13세,중상
2020072800100353,2020년 7월 28일 17시,화요일,강원도 정선군 고한읍,부상신고사고,0,0,0,1,차대차 - 기타,중앙선침범,젖음/습기,흐림,단일로 - 기타,자전거,여,58세,부상신고,승용,남,22세,상해없음
2020072800100484,2020년 7월 28일 20시,화요일,강원도 원주시 개운동,경상사고,0,0,1,0,차대차 - 측면충돌,안전운전불이행,젖음/습기,비,교차로 - 교차로안,승용,남,76세,상해없음,승용,남,53세,경상
2020072800100528,2020년 7월 28일 21시,화요일,강원도 강릉시 교동,경상사고,0,0,1,0,차대차 - 측면충돌,안전운전불이행,젖음/습기,비,교차로 - 교차로안,승용,남,42세,상해없음,이륜,남,37세,경상
2020072800100555,2020년 7월 28일 22시,화요일,강원도 삼척시 미로면,경상사고,0,0,2,0,차대차 - 정면충돌,중앙선침범,젖음/습기,비,단일로 - 교량,승용,남,37세,상해없음,승용,여,47세,경상
2020072800100556,2020년 7월 28일 22시,화요일,강원도 동해시 천곡동,경상사고,0,0,1,0,차대차 - 측면충돌,안전운전불이행,건조,맑음,단일로 - 기타,승용,여,38세,상해없음,승용,남,66세,경상
2020072900100012,2020년 7월 29일 00시,수요일,강원도 춘천시 우두동,경상사고,0,0,3,0,차대차 - 기타,안전운전불이행,건조,맑음,교차로 - 교차로안,승용,남,35세,상해없음,승용,여,52세,경상
2020072900100033,2020년 7월 29일 02시,수요일,강원도 양양군 양양읍,중상사고,0,1,0,0,차량단독 - 공작물충돌,안전운전불이행,젖음/습기,비,단일로 - 기타,화물,남,26세,상해없음,,,,
2020072900100065,2020년 7월 29일 05시,수요일,강원도 강릉시 홍제동,사망사고,1,0,0,0,차대사람 - 횡단중,안전운전불이행,젖음/습기,비,단일로 - 기타,화물,남,51세,상해없음,보행자,남,56세,사망
2020072900100073,2020년 7월 29일 06시,수요일,강원도 원주시 반곡동,경상사고,0,0,1,0,차대차 - 측면충돌,직진우회전진행방해,건조,맑음,교차로 - 교차로안,승용,남,30세,상해없음,승용,남,63세,경상
2020072900100140,2020년 7월 29일 09시,수요일,강원도 원주시 우산동,경상사고,0,0,3,0,차대차 - 추돌,안전운전불이행,젖음/습기,흐림,기타 - 기타,승용,여,28세,상해없음,승용,남,52세,경상
2020072900100167,2020년 7월 29일 10시,수요일,강원도 원주시 지정면,경상사고,0,0,1,0,차대차 - 측면충돌,신호위반,젖음/습기,비,교차로 - 교차로안,승용,남,25세,상해없음,승용,여,42세,경상