사고번호,사고일시,요일,시군구,사고내용,사망자수,중상자수,경상자수,부상신고자수,사고유형,법규위반,노면상태,기상상태,도로형태,가해운전자 차종,가해운전자 성별,가해운전자 연령,가해운전자 상해정도,피해운전자 차종,피해운전자 성별,피해운전자 연령,피해운전자 상해정도
2020080300100064,2020년 8월 3일 07시,월요일,강원도 춘천시 소양로1가,중상사고,0,1,0,0,차대차 - 기타,안전운전불이행,젖음/습기,비,교차로 - 교차로안,승용,남,59세,상해없음,승용,여,56세,중상
2020080300100065,2020년 8월 3일 07시,월요일,강원도 삼척시 가곡면,경상사고,0,0,2,0,차대차 - 정면충돌,중앙선침범,젖음/습기,흐림,단일로 - 기타,승용,여,58세,경상,승용,남,56세,경상
2020080300100096,2020년 8월 3일 08시,월요일,강원도 원주시 무실동,경상사고,0,0,1,0,차대차 - 측면충돌,안전운전불이행,건조,맑음,교차로 - 교차로안,승용,여,45세,상해없음,특수,남,51세,경상
2020080300100097,2020년 8월 3일 08시,월요일,강원도 삼척시 남양동,경상사고,0,0,4,0,차량단독 - 기타,안전운전불이행,젖음/습기,비,단일로 - 기타,승용,남,59세,상해없음,,,,
2020080300100098,2020년 8월 3일 08시,월요일,강원도 평창군 미탄면,중상사고,0,1,0,0,차대차 - 정면충돌,중앙선침범,젖음/습기,비,단일로 - 기타,건설기계,남,61세,상해없음,건설기계,남,43세,중상
2020080300100123,2020년 8월 3일 09시,월요일,강원도 횡성군 횡성읍,경상사고,0,0,1,0,차대차 - 측면충돌,신호위반,젖음/습기,흐림,단일로 - 기타,승용,남,59세,상해없음,승합,남,58세,경상
2020080300100152,2020년 8월 3일 10시,월요일,강원도 홍천군 홍천읍,경상사고,0,0,1,0,차대차 - 정면충돌,기타,건조,맑음,단일로 - 지하차도(도로)내,승용,여,62세,상해없음,이륜,남,23세,경상
2020080300100180,2020년 8월 3일 11시,월요일,강원도 원주시 문막읍,경상사고,0,0,1,0,차대차 - 측면충돌,안전운전불이행,건조,맑음,단일로 - 기타,승용,남,62세,상해없음,승용,여,60세,경상
2020080300100181,2020년 8월 3일 11시,월요일,강원도 속초시 청호동,경상사고,0,0,1,0,차대사람 - 횡단중,보행자보호의무위반,건조,맑음,교차로 - 교차로안,화물,남,49세,상해없음,보행자,남,66세,경상
2020080300100222,2020년 8월 3일 12시,월요일,강원도 원주시 우산동,경상사고,0,0,1,0,차대사람 - 기타,기타,젖음/습기,비,기타 - 기타,승용,남,29세,상해없음,보행자,여,21세,경상
2020080300100223,2020년 8월 3일 12시,월요일,강원도 원주시 신림면,경상사고,0,0,1,0,차대차 - 측면충돌,교차로운행방법위반,젖음/습기,비,교차로 - 교차로부근,화물,남,50세,상해없음,승용,여,61세,경상
2020080300100224,2020년 8월 3일 12시,월요일,강원도 속초시 교동,경상사고,0,0,4,0,차대차 - 측면충돌,직진우회전진행방해,건조,맑음,교차로 - 교차로안,승용,남,31세,상해없음,승용,남,53세,경상
2020080300100225,2020년 8월 3일 12시,월요일,강원도 삼척시 갈천동,경상사고,0,0,2,0,차대차 - 후진중충돌,안전운전불이행,젖음/습기,비,단일로 - 기타,승용,남,71세,상해없음,승용,남,28세,경상
2020080300100226,2020년 8월 3일 12시,월요일,강원도 횡성군 공근면,중상사고,0,2,0,0,차대차 - 측면충돌,기타,젖음/습기,비,단일로 - 기타,승용,남,40세,상해없음,승용,남,70세,중상
2020080300100258,2020년 8월 3일 13시,월요일,강원도 동해시 천곡동,경상사고,0,0,1,0,차대차 - 측면충돌,교차로운행방법위반,건조,흐림,교차로 - 교차로안,승용,여,61세,상해없음,승용,남,61세,경상
2020080300100343,2020년 8월 3일 15시,월요일,강원도 태백시 황지동,경상사고,0,0,2,0,차대차 - 측면충돌,교차로운행방법위반,건조,맑음,교차로 - 교차로안,승용,여,45세,상해없음,승용,남,49세,경상
2020080300100368,2020년 8월 3일 16시,월요일,강원도 강릉시 교동,중상사고,0,1,0,0,차대차 - 측면충돌,안전운전불이행,젖음/습기,비,교차로 - 교차로안,승용,남,33세,상해없음,승용,남,58세,중상
2020080300100411,2020년 8월 3일 17시,월요일,강원도 원주시 단구동,경상사고,0,0,1,0,차대차 - 측면충돌,중앙선침범,젖음/습기,비,교차로 - 교차로안,화물,남,54세,상해없음,승용,남,58세,경상
2020080300100445,2020년 8월 3일 18시,월요일,강원도 삼척시 정하동,경상사고,0,0,1,0,차대차 - 후진중충돌,안전운전불이행,젖음/습기,흐림,단일로 - 기타,승용,여,37세,상해없음,승용,남,73세,경상
2020080300100562,2020년 8월 3일 22시,월요일,강원도 원주시 태장동,경상사고,0,0,1,0,차대차 - 추돌,안전운전불이행,젖음/습기,비,교차로 - 교차로부근,승용,남,55세,상해없음,승용,여,39세,경상
2020080400100018,2020년 8월 4일 01시,화요일,강원도 원주시 우산동,경상사고,0,0,1,0,차대차 - 정면충돌,안전운전불이행,젖음/습기,비,교차로 - 교차로안,승용,남,44세,상해없음,이륜,남,42세,경상
2020080400100046,2020년 8월 4일 05시,화요일,강원도 화천군 간동면,중상사고,0,1,1,0,차대차 - 측면충돌,안전운전불이행,젖음/습기,비,단일로 - 기타,화물,남,62세,중상,승용,남,36세,경상
2020080400100088,2020년 8월 4일 08시,화요일,강원도 원주시 무실동,경상사고,0,0,1,0,차대차 - 기타,안전운전불이행,건조,맑음,교차로 - 교차로부근,화물,남,54세,상해없음,승용,남,66세,경상
2020080400100089,2020년 8월 4일 08시,화요일,강원도 횡성군 횡성읍,중상사고,0,1,0,0,차대차 - 추돌,안전운전불이행,젖음/습기,비,단일로 - 기타,승용,여,34세,상해없음,승용,남,67세,중상
2020080400100110,2020년 8월 4일 09시,화요일,강원도 원주시 단계동,경상사고,0,0,1,0,차대차 - 추돌,직진우회전진행방해,건조,맑음,교차로 - 교차로안,승용,여,31세,상해없음,승용,여,38세,경상
2020080400100202,2020년 8월 4일 12시,화요일,강원도 원주시 무실동,경상사고,0,0,1,0,차대차 - 측면충돌,교차로운행방법위반,건조,흐림,교차로 - 교차로부근,화물,남,71세,상해없음,승용,남,28세,경상
2020080400100203,2020년 8월 4일 12시,화요일,강원도 삼척시 남양동,경상사고,0,0,1,0,차대차 - 측면충돌,안전운전불이행,건조,맑음,교차로 - 교차로안,자전거,여,61세,경상,승합,남,46세,상해없음
2020080400100243,2020년 8월 4일 13시,화요일,강원도 철원군 갈말읍,경상사고,0,0,1,0,차대차 - 추돌,안전운전불이행,젖음/습기,비,단일로 - 기타,화물,남,67세,상해없음,승용,여,23세,경상
2020080400100280,2020년 8월 4일 14시,화요일,강원도 원주시 관설동,중상사고,0,1,0,0,차대차 - 추돌,직진우회전진행방해,건조,맑음,교차로 - 교차로안,승용,남,38세,상해없음,자전거,남,9세,중상
2020080400100388,2020년 8월 4일 17시,화요일,강원도 횡성군 횡성읍,중상사고,0,1,1,0,차대차 - 추돌,안전운전불이행,건조,맑음,교차로 - 교차로안,승용,여,44세,중상,화물,남,44세,경상
2020080400100424,2020년 8월 4일 18시,화요일,강원도 춘천시 퇴계동,경상사고,0,0,1,1,차대차 - 추돌,안전운전불이행,젖음/습기,비,교차로 - 교차로안,승용,여,26세,부상신고,승합,남,55세,경상
2020080400100425,2020년 8월 4일 18시,화요일,강원도 원주시 태장동,경상사고,0,0,1,0,차대차 - 추돌,안전운전불이행,건조,맑음,교차로 - 교차로안,승용,남,42세,상해없음,이륜,남,16세,경상
2020080400100463,2020년 8월 4일 19시,화요일,강원도 강릉시 교동,중상사고,0,1,0,0,차대차 - 측면충돌,안전운전불이행,젖음/습기,비,교차로 - 교차로안,승용,여,47세,상해없음,원동기,남,41세,중상
2020080400100464,2020년 8월 4일 19시,화요일,강원도 강릉시 주문진읍,중상사고,0,1,0,0,차대사람 - 횡단중,보행자보호의무위반,젖음/습기,비,교차로 - 교차로안,화물,남,50세,상해없음,보행자,남,59세,중상
2020080400100491,2020년 8월 4일 20시,화요일,강원도 강릉시 교동,경상사고,0,0,1,0,차대차 - 측면충돌,안전운전불이행,젖음/습기,흐림,교차로 - 교차로안,승용,남,73세,상해없음,승용,남,56세,경상
2020080400100492,2020년 8월 4일 20시,화요일,강원도 원주시 단구동,경상사고,0,0,1,0,차대차 - 후진중충돌,안전운전불이행,건조,맑음,교차로 - 교차로안,승용,남,29세,상해없음,승용,남,30세,경상
2020080400100493,2020년 8월 4일 20시,화요일,강원도 원주시 지정면,경상사고,0,0,2,0,차대차 - 측면충돌,직진우회전진행방해,젖음/습기,비,주차장 - 주차장,승용,여,44세,상해없음,승용,남,23세,경상
2020080500100045,2020년 8월 5일 05시,수요일,강원도 속초시 교동,중상사고,0,1,1,0,차대차 - 추돌,안전운전불이행,젖음/습기,비,교차로 - 교차로부근,승용,남,51세,상해없음,승용,남,40세,상해없음
2020080500100081,2020년 8월 5일 08시,수요일,강원도 춘천시 우두동,경상사고,0,0,2,0,차대차 - 기타,교차로운행방법위반,젖음/습기,비,교차로 - 교차로안,승용,남,66세,상해없음,승용,남,61세,경상
2020080500100127,2020년 8월 5일 10시,수요일,강원도 삼척시 남양동,경상사고,0,0,1,0,차대차 - 측면충돌,중앙선침범,젖음/습기,비,단일로 - 기타,승용,남,62세,상해없음,승용,남,60세,경상
2020080500100196,2020년 8월 5일 12시,수요일,강원도 춘천시 우두동,경상사고,0,0,1,0,차대차 - 측면충돌,안전운전불이행,젖음/습기,비,단일로 - 기타,승용,여,46세,상해없음,승용,여,54세,경상
2020080500100197,2020년 8월 5일 12시,수요일,강원도 삼척시 신기면,경상사고,0,0,2,0,차대차 - 측면충돌,기타,건조,흐림,교차로 - 교차로안,승용,남,75세,상해없음,승용,여,59세,경상
2020080500100198,2020년 8월 5일 12시,수요일,강원도 평창군 평창읍,경상사고,0,0,3,0,차대차 - 측면충돌,안전운전불이행,젖음/습기,비,기타 - 기타,승용,남,81세,경상,화물,남,61세,경상
2020080500100231,2020년 8월 5일 13시,수요일,강원도 강릉시 견소동,경상사고,0,0,2,0,차대차 - 측면충돌,안전운전불이행,젖음/습기,비,교차로 - 교차로안,승합,남,27세,상해없음,승용,남,51세,경상
2020080500100232,2020년 8월 5일 13시,수요일,강원도 원주시 단계동,중상사고,0,1,4,0,차대차 - 측면충돌,교차로운행방법위반,젖음/습기,비,교차로 - 교차로안,승용,여,63세,상해없음,승용,여,34세,중상
2020080500100264,2020년 8월 5일 14시,수요일,강원도 춘천시 소양로2가,중상사고,0,1,0,0,차대차 - 측면충돌,안전운전불이행,젖음/습기,비,교차로 - 교차로안,승용,여,58세,상해없음,승용,남,25세,중상
2020080500100265,2020년 8월 5일 14시,수요일,강원도 춘천시 석사동,경상사고,0,0,1,0,차대차 - 기타,기타,건조,흐림,단일로 - 기타,승합,남,53세,상해없음,승합,남,63세,상해없음
2020080500100296,2020년 8월 5일 15시,수요일,강원도 강릉시 연곡면,중상사고,0,1,0,0,차대사람 - 차도통행중,안전운전불이행,젖음/습기,흐림,단일로 - 기타,화물,남,54세,상해없음,보행자,남,45세,중상
2020080500100297,2020년 8월 5일 15시,수요일,강원도 강릉시 송정동,경상사고,0,0,3,0,차대차 - 측면충돌,안전운전불이행,건조,맑음,주차장 - 주차장,승용,여,48세,상해없음,승용,남,34세,경상
2020080500100331,2020년 8월 5일 16시,수요일,강원도 횡성군 갑천면,경상사고,0,0,3,1,차대차 - 측면충돌,안전운전불이행,젖음/습기,비,교차로 - 교차로안,승용,남,33세,경상,승합,남,61세,경상
2020080500100332,2020년 8월 5일 16시,수요일,강원도 동해시 용정동,경상사고,0,0,1,0,차대차 - 측면충돌,안전거리미확보,젖음/습기,비,교차로 - 교차로부근,승용,여,32세,상해없음,승용,남,67세,상해없음
2020080500100358,2020년 8월 5일 17시,수요일,강원도 원주시 단구동,경상사고,0,0,1,0,차대사람 - 횡단중,안전운전불이행,젖음/습기,흐림,교차로 - 교차로횡단보도내,승용,남,66세,상해없음,보행자,여,51세,경상
2020080500100475,2020년 8월 5일 20시,수요일,강원도 강릉시 강문동,중상사고,0,1,0,0,차대사람 - 횡단중,보행자보호의무위반,젖음/습기,흐림,기타 - 기타,승용,남,19세,상해없음,보행자,남,41세,중상
2020080500100544,2020년 8월 5일 22시,수요일,강원도 홍천군 홍천읍,경상사고,0,0,1,0,차대사람 - 기타,안전운전불이행,젖음/습기,흐림,단일로 - 기타,승용,남,31세,상해없음,보행자,남,23세,경상
2020080500100577,2020년 8월 5일 23시,수요일,강원도 원주시 개운동,경상사고,0,0,1,0,차대차 - 기타,교차로운행방법위반,건조,맑음,기타 - 기타,승용,남,30세,상해없음,승용,남,63세,상해없음
2020080600100011,2020년 8월 6일 00시,목요일,강원도 춘천시 동내면,중상사고,0,1,0,0,차대사람 - 횡단중,보행자보호의무위반,젖음/습기,비,교차로 - 교차로횡단보도내,승용,남,48세,상해없음,보행자,남,22세,중상
2020080600100012,2020년 8월 6일 00시,목요일,강원도 춘천시 신북읍,사망사고,1,1,0,0,차량단독 - 공작물충돌,안전운전불이행,젖음/습기,비,단일로 - 기타,승용,남,50세,중상,,,,
2020080600100013,2020년 8월 6일 00시,목요일,강원도 강릉시 옥천동,경상사고,0,0,2,0,차대차 - 추돌,기타,건조,맑음,교차로 - 교차로부근,승용,남,25세,상해없음,승용,여,50세,경상
2020080600100061,2020년 8월 6일 04시,목요일,강원도 원주시 태장동,경상사고,0,0,1,0,차대사람 - 횡단중,보행자보호의무위반,젖음/습기,비,단일로 - 기타,승용,남,44세,상해없음,보행자,남,32세,경상
2020080600100115,2020년 8월 6일 08시,목요일,강원도 삼척시 남양동,경상사고,0,0,1,0,차대차 - 측면충돌,안전운전불이행,젖음/습기,비,교차로 - 교차로안,승용,남,76세,상해없음,승용,여,61세,경상
2020080600100116,2020년 8월 6일 08시,목요일,강원도 동해시 쇄운동,중상사고,0,1,0,0,차대사람 - 횡단중,과속,젖음/습기,비,교차로 - 교차로횡단보도내,승용,여,27세,상해없음,보행자,남,16세,중상
2020080600100117,2020년 8월 6일 08시,목요일,강원도 평창군 평창읍,사망사고,1,0,0,0,차량단독 - 공작물충돌,과속,젖음/습기,비,단일로 - 기타,승용,남,55세,사망,,,,
2020080600100155,2020년 8월 6일 09시,목요일,강원도 평창군 평창읍,경상사고,0,0,2,0,차대차 - 추돌,안전운전불이행,젖음/습기,비,교차로 - 교차로부근,화물,남,44세,상해없음,승용,남,59세,경상
2020080600100207,2020년 8월 6일 11시,목요일,강원도 영월군 영월읍,부상신고사고,0,0,0,1,차대차 - 추돌,안전운전불이행,건조,맑음,단일로 - 지하차도(도로)내,화물,남,55세,부상신고,승용,남,59세,기타불명
2020080600100308,2020년 8월 6일 14시,목요일,강원도 원주시 태장동,중상사고,0,1,0,0,차대사람 - 횡단중,안전운전불이행,젖음/습기,비,교차로 - 교차로횡단보도내,승용,여,25세,상해없음,보행자,남,62세,중상
2020080600100344,2020년 8월 6일 15시,목요일,강원도 정선군 신동읍,사망사고,1,1,4,0,차대차 - 기타,과속,젖음/습기,비,단일로 - 기타,승용,남,55세,사망,건설기계,남,52세,경상
2020080600100389,2020년 8월 6일 16시,목요일,강원도 원주시 인동,경상사고,0,0,2,0,차대차 - 측면충돌,교차로운행방법위반,건조,맑음,교차로 - 교차로안,승용,남,54세,상해없음,승용,남,32세,경상
2020080600100390,2020년 8월 6일 16시,목요일,강원도 원주시 명륜동,중상사고,0,1,0,0,차대차 - 측면충돌,안전운전불이행,건조,맑음,교차로 - 교차로안,승용,남,50세,상해없음,원동기,남,54세,중상
2020080600100462,2020년 8월 6일 18시,목요일,강원도 원주시 단구동,경상사고,0,0,1,0,차대차 - 추돌,안전운전불이행,건조,맑음,교차로 - 교차로안,승용,남,47세,상해없음,승용,여,51세,경상
2020080600100534,2020년 8월 6일 21시,목요일,강원도 원주시 단구동,경상사고,0,0,1,0,차대차 - 측면충돌,중앙선침범,건조,흐림,교차로 - 교차로안,승용,여,31세,상해없음,승용,남,31세,경상
2020080600100581,2020년 8월 6일 23시,목요일,강원도 태백시 황지동,경상사고,0,0,2,0,차대차 - 측면충돌,중앙선침범,건조,맑음,단일로 - 기타,승용,남,45세,상해없음,승용,여,27세,경상
2020080700100014,2020년 8월 7일 00시,금요일,강원도 원주시 명륜동,경상사고,0,0,1,0,차대사람 - 기타,기타,건조,맑음,단일로 - 기타,승용,남,57세,상해없음,보행자,남,51세,경상
2020080700100015,2020년 8월 7일 00시,금요일,강원도 원주시 개운동,중상사고,0,1,1,0,차대차 - 측면충돌,안전운전불이행,젖음/습기,흐림,단일로 - 기타,승용,남,24세,상해없음,승용,남,69세,경상
2020080700100051,2020년 8월 7일 04시,금요일,강원도 정선군 사북읍,경상사고,0,0,1,0,차대사람 - 기타,안전운전불이행,건조,흐림,단일로 - 기타,승용,남,62세,상해없음,보행자,여,51세,경상
2020080700100065,2020년 8월 7일 06시,금요일,강원도 원주시 인동,경상사고,0,0,1,0,차대차 - 측면충돌,안전거리미확보,건조,맑음,단일로 - 기타,승용,여,64세,상해없음,승용,남,73세,상해없음
2020080700100074,2020년 8월 7일 07시,금요일,강원도 원주시 명륜동,경상사고,0,0,2,0,차대차 - 추돌,안전거리미확보,건조,맑음,교차로 - 교차로부근,특수,남,46세,상해없음,승용,여,42세,경상
2020080700100075,2020년 8월 7일 07시,금요일,강원도 홍천군 북방면,경상사고,0,0,1,0,차대사람 - 횡단중,안전운전불이행,건조,맑음,교차로 - 교차로부근,승용,남,68세,상해없음,보행자,여,80세,경상
2020080700100166,2020년 8월 7일 10시,금요일,강원도 원주시 일산동,중상사고,0,1,0,0,차대차 - 정면충돌,교차로운행방법위반,건조,맑음,교차로 - 교차로안,승용,여,50세,상해없음,원동기,여,63세,중상
2020080700100199,2020년 8월 7일 11시,금요일,강원도 속초시 동명동,경상사고,0,0,3,0,차대차 - 측면충돌,차로위반,건조,맑음,교차로 - 교차로안,화물,남,54세,상해없음,승용,남,41세,경상
2020080700100225,2020년 8월 7일 12시,금요일,강원도 강릉시 노암동,경상사고,0,0,1,0,차대차 - 측면충돌,안전운전불이행,건조,맑음,단일로 - 기타,화물,남,23세,상해없음,이륜,남,20세,경상
2020080700100226,2020년 8월 7일 12시,금요일,강원도 원주시 귀래면,사망사고,1,0,1,0,차대차 - 측면충돌,중앙선침범,건조,맑음,단일로 - 기타,승용,남,42세,사망,승용,여,51세,경상
2020080700100227,2020년 8월 7일 12시,금요일,강원도 삼척시 도계읍,경상사고,0,0,3,0,차대차 - 측면충돌,안전운전불이행,건조,흐림,주차장 - 주차장,승용,남,71세,경상,승용,여,52세,경상
2020080700100258,2020년 8월 7일 13시,금요일,강원도 원주시 개운동,경상사고,0,0,2,0,차대차 - 측면충돌,불법유턴,건조,맑음,교차로 - 교차로부근,승용,남,58세,상해없음,승용,남,27세,경상
2020080700100283,2020년 8월 7일 14시,금요일,강원도 강릉시 강동면,경상사고,0,0,1,0,차대차 - 추돌,안전운전불이행,건조,맑음,교차로 - 교차로부근,건설기계,남,54세,상해없음,승용,여,50세,경상
2020080700100284,2020년 8월 7일 14시,금요일,강원도 속초시 교동,경상사고,0,0,1,0,차대차 - 추돌,안전운전불이행,건조,맑음,교차로 - 교차로부근,승용,여,43세,상해없음,승용,여,61세,경상
2020080700100285,2020년 8월 7일 14시,금요일,강원도 동해시 천곡동,경상사고,0,0,1,0,차대차 - 측면충돌,안전거리미확보,건조,맑음,교차로 - 교차로안,승용,여,48세,상해없음,승용,남,67세,경상
2020080700100321,2020년 8월 7일 15시,금요일,강원도 강릉시 입암동,경상사고,0,0,2,0,차대차 - 후진중충돌,안전운전불이행,젖음/습기,흐림,단일로 - 기타,승용,여,19세,상해없음,승용,남,32세,경상
2020080700100358,2020년 8월 7일 16시,금요일,강원도 원주시 단구동,부상신고사고,0,0,0,1,차대차 - 측면충돌,교차로운행방법위반,건조,맑음,교차로 - 교차로안,승용,여,46세,상해없음,이륜,남,25세,부상신고
2020080700100396,2020년 8월 7일 17시,금요일,강원도 삼척시 원덕읍,경상사고,0,0,2,0,차대차 - 측면충돌,안전거리미확보,젖음/습기,비,단일로 - 기타,특수,남,54세,상해없음,승용,남,30세,경상
2020080700100397,2020년 8월 7일 17시,금요일,강원도 홍천군 홍천읍,경상사고,0,0,1,0,차대사람 - 횡단중,안전운전불이행,건조,맑음,단일로 - 기타,승용,남,81세,상해없음,보행자,남,11세,경상
2020080700100398,2020년 8월 7일 17시,금요일,강원도 동해시 동회동,경상사고,0,0,1,0,차대차 - 측면충돌,직진우회전진행방해,건조,맑음,교차로 - 교차로안,승용,남,73세,상해없음,승용,여,42세,경상
2020080700100447,2020년 8월 7일 18시,금요일,강원도 인제군 서화면,중상사고,0,2,0,0,차대차 - 추돌,안전운전불이행,건조,맑음,단일로 - 기타,승용,여,66세,기타불명,승용,남,28세,중상
2020080700100490,2020년 8월 7일 19시,금요일,강원도 춘천시 퇴계동,경상사고,0,0,1,0,차대사람 - 기타,안전운전불이행,건조,맑음,교차로 - 교차로부근,승용,남,32세,상해없음,보행자,남,22세,경상
2020080700100526,2020년 8월 7일 20시,금요일,강원도 화천군 화천읍,경상사고,0,0,1,0,차대차 - 측면충돌,교차로운행방법위반,건조,맑음,교차로 - 교차로안,승용,남,22세,상해없음,승용,여,24세,경상
2020080700100589,2020년 8월 7일 22시,금요일,강원도 원주시 명륜동,경상사고,0,0,1,0,차대사람 - 기타,안전운전불이행,건조,맑음,주차장 - 주차장,승용,남,53세,상해없음,보행자,남,35세,경상
2020080700100616,2020년 8월 7일 23시,금요일,강원도 강릉시 저동,경상사고,0,0,3,0,차량단독 - 기타,안전운전불이행,건조,맑음,단일로 - 기타,승용,남,60세,상해없음,,,,
2020080700100617,2020년 8월 7일 23시,금요일,강원도 원주시 관설동,부상신고사고,0,0,0,1,차대사람 - 보도통행중,안전운전불이행,젖음/습기,흐림,기타 - 기타,승용,여,43세,상해없음,보행자,남,27세,부상신고
2020080800100028,2020년 8월 8일 01시,토요일,강원도 원주시 단계동,경상사고,0,0,1,0,차대차 - 측면충돌,안전거리미확보,건조,맑음,단일로 - 기타,승용,남,43세,상해없음,이륜,남,36세,경상
2020080800100136,2020년 8월 8일 09시,토요일,강원도 원주시 반곡동,경상사고,0,0,2,0,차대차 - 기타,교차로운행방법위반,건조,맑음,교차로 - 교차로안,승용,남,31세,상해없음,승용,여,22세,경상
2020080800100137,2020년 8월 8일 09시,토요일,강원도 속초시 청호동,경상사고,0,0,1,0,차대차 - 측면충돌,안전운전불이행,건조,맑음,교차로 - 교차로안,승용,남,48세,상해없음,승용,남,38세,경상
2020080800100138,2020년 8월 8일 09시,토요일,강원도 홍천군 홍천읍,경상사고,0,0,1,0,차대차 - 측면충돌,직진우회전진행방해,건조,맑음,교차로 - 교차로안,화물,남,33세,상해없음,화물,남,59세,경상
2020080800100179,2020년 8월 8일 11시,토요일,강원도 춘천시 교동,경상사고,0,0,1,0,차대차 - 추돌,안전거리미확보,건조,맑음,단일로 - 기타,화물,남,74세,상해없음,이륜,남,25세,경상
2020080800100222,2020년 8월 8일 12시,토요일,강원도 원주시 개운동,경상사고,0,0,1,0,차대차 - 기타,안전운전불이행,건조,맑음,교차로 - 교차로부근,승용,남,42세,상해없음,승합,남,41세,경상
2020080800100257,2020년 8월 8일 13시,토요일,강원도 영월군 영월읍,중상사고,0,3,0,1,차대차 - 측면충돌,안전거리미확보,젖음/습기,비,단일로 - 교량,승용,남,59세,상해없음,승용,여,35세,중상
2020080800100258,2020년 8월 8일 13시,토요일,강원도 태백시 소도동,경상사고,0,0,4,0,차대차 - 정면충돌,중앙선침범,젖음/습기,비,단일로 - 기타,승합,남,63세,상해없음,승용,남,49세,경상
2020080800100290,2020년 8월 8일 14시,토요일,강원도 춘천시 신북읍,경상사고,0,0,1,0,차대차 - 기타,교차로운행방법위반,건조,흐림,교차로 - 교차로안,승용,남,20세,상해없음,이륜,남,64세,경상
2020080800100291,2020년 8월 8일 14시,토요일,강원도 강릉시 강동면,경상사고,0,0,1,0,차대차 - 측면충돌,신호위반,젖음/습기,비,교차로 - 교차로안,승용,남,62세,상해없음,승합,여,59세,경상
2020080800100292,2020년 8월 8일 14시,토요일,강원도 강릉시 포남동,경상사고,0,0,1,0,차대차 - 측면충돌,안전운전불이행,젖음/습기,흐림,기타 - 기타,승용,남,30세,상해없음,승용,여,33세,경상
2020080800100293,2020년 8월 8일 14시,토요일,강원도 영월군 영월읍,부상신고사고,0,0,0,1,차대차 - 후진중충돌,안전운전불이행,젖음/습기,비,단일로 - 기타,승용,남,31세,상해없음,이륜,남,21세,부상신고
2020080800100294,2020년 8월 8일 14시,토요일,강원도 동해시 천곡동,경상사고,0,0,1,0,차대차 - 측면충돌,교차로운행방법위반,젖음/습기,비,교차로 - 교차로안,승용,남,21세,상해없음,승용,여,62세,경상
2020080800100326,2020년 8월 8일 15시,토요일,강원도 동해시 천곡동,경상사고,0,0,1,0,차대차 - 측면충돌,교차로운행방법위반,건조,맑음,교차로 - 교차로안,승용,여,44세,상해없음,승용,남,60세,경상
2020080800100358,2020년 8월 8일 16시,토요일,강원도 속초시 조양동,경상사고,0,0,2,0,차대사람 - 횡단중,보행자보호의무위반,젖음/습기,비,교차로 - 교차로횡단보도내,승용,남,76세,상해없음,보행자,여,31세,경상
2020080800100381,2020년 8월 8일 17시,토요일,강원도 양양군 양양읍,경상사고,0,0,1,0,차대차 - 측면충돌,교차로운행방법위반,건조,맑음,교차로 - 교차로안,승용,남,55세,상해없음,승용,여,57세,경상
2020080800100444,2020년 8월 8일 19시,토요일,강원도 원주시 봉산동,경상사고,0,0,1,0,차대차 - 측면충돌,교차로운행방법위반,건조,맑음,교차로 - 교차로안,승용,남,50세,상해없음,원동기,남,34세,경상
2020080800100445,2020년 8월 8일 19시,토요일,강원도 속초시 중앙동,중상사고,0,1,0,0,차대사람 - 횡단중,안전운전불이행,건조,맑음,교차로 - 교차로안,승용,여,48세,상해없음,보행자,남,73세,중상
2020080800100490,2020년 8월 8일 20시,토요일,강원도 강릉시 교동,중상사고,0,1,0,0,차대사람 - 횡단중,안전운전불이행,건조,맑음,단일로 - 기타,승용,남,53세,상해없음,보행자,남,53세,중상
2020080800100520,2020년 8월 8일 21시,토요일,강원도 횡성군 강림면,경상사고,0,0,1,0,차대차 - 후진중충돌,안전운전불이행,젖음/습기,비,단일로 - 기타,승용,남,54세,기타불명,승용,남,69세,경상
2020080800100553,2020년 8월 8일 22시,토요일,강원도 원주시 단계동,경상사고,0,0,2,0,차대차 - 측면충돌,안전운전불이행,건조,맑음,교차로 - 교차로안,승용,여,47세,상해없음,승용,남,46세,경상
2020080800100573,2020년 8월 8일 23시,토요일,강원도 원주시 단계동,경상사고,0,0,1,0,차대차 - 측면충돌,안전운전불이행,젖음/습기,흐림,교차로 - 교차로안,승용,남,35세,상해없음,승용,남,34세,경상
2020080900100010,2020년 8월 9일 00시,일요일,강원도 원주시 단계동,경상사고,0,0,1,0,차대차 - 추돌,안전운전불이행,젖음/습기,비,교차로 - 교차로부근,승용,여,39세,상해없음,승용,남,29세,경상
2020080900100011,2020년 8월 9일 00시,일요일,강원도 삼척시 정하동,중상사고,0,1,0,0,차대차 - 측면충돌,안전운전불이행,건조,맑음,교차로 - 교차로안,승용,남,43세,상해없음,승용,남,41세,중상
2020080900100024,2020년 8월 9일 01시,일요일,강원도 속초시 교동,경상사고,0,0,3,0,차량단독 - 공작물충돌,안전운전불이행,젖음/습기,비,주차장 - 주차장,승용,남,52세,상해없음,,,,
2020080900100036,2020년 8월 9일 02시,일요일,강원도 춘천시 석사동,경상사고,0,0,1,0,차량단독 - 공작물충돌,안전운전불이행,건조,맑음,교차로 - 교차로안,승용,남,41세,상해없음,,,,
2020080900100037,2020년 8월 9일 02시,일요일,강원도 양양군 강현면,경상사고,0,0,1,0,차대사람 - 횡단중,안전운전불이행,젖음/습기,비,단일로 - 기타,승용,남,45세,기타불명,보행자,여,26세,경상