사고번호,사고일시,요일,시군구,사고내용,사망자수,중상자수,경상자수,부상신고자수,사고유형,법규위반,노면상태,기상상태,도로형태,가해운전자 차종,가해운전자 성별,가해운전자 연령,가해운전자 상해정도,피해운전자 차종,피해운전자 성별,피해운전자 연령,피해운전자 상해정도
2020080900100086,2020년 8월 9일 07시,일요일,강원도 원주시 우산동,경상사고,0,0,1,0,차대차 - 측면충돌,신호위반,건조,맑음,교차로 - 교차로안,승용,여,43세,상해없음,승용,남,64세,경상
2020080900100098,2020년 8월 9일 08시,일요일,강원도 양양군 손양면,중상사고,0,1,0,0,차량단독 - 기타,안전운전불이행,젖음/습기,흐림,단일로 - 고가도로위,승용,남,26세,상해없음,,,,
2020080900100173,2020년 8월 9일 13시,일요일,강원도 고성군 죽왕면,경상사고,0,0,4,0,차대차 - 측면충돌,안전거리미확보,젖음/습기,비,교차로 - 교차로부근,승용,여,59세,상해없음,승합,남,46세,경상
2020080900100225,2020년 8월 9일 15시,일요일,강원도 평창군 용평면,경상사고,0,0,2,0,차대차 - 측면충돌,안전운전불이행,건조,흐림,단일로 - 기타,승용,남,63세,상해없음,승용,남,24세,경상
2020080900100261,2020년 8월 9일 16시,일요일,강원도 원주시 개운동,경상사고,0,0,5,0,차대차 - 추돌,안전운전불이행,건조,맑음,단일로 - 기타,승합,남,57세,상해없음,승용,남,43세,경상
2020080900100349,2020년 8월 9일 19시,일요일,강원도 원주시 무실동,경상사고,0,0,1,0,차대차 - 측면충돌,신호위반,건조,맑음,교차로 - 교차로안,이륜,남,17세,상해없음,승용,남,48세,경상
2020081000100033,2020년 8월 10일 06시,월요일,강원도 춘천시 운교동,사망사고,1,0,0,0,차대사람 - 횡단중,보행자보호의무위반,젖음/습기,맑음,단일로 - 기타,화물,남,60세,상해없음,보행자,여,83세,사망
2020081000100034,2020년 8월 10일 06시,월요일,강원도 삼척시 원덕읍,부상신고사고,0,0,0,1,차량단독 - 전도전복 - 전도,안전운전불이행,젖음/습기,맑음,교차로 - 교차로안,화물,남,54세,부상신고,,,,
2020081000100046,2020년 8월 10일 07시,월요일,강원도 원주시 단구동,경상사고,0,0,3,0,차대차 - 기타,직진우회전진행방해,건조,흐림,교차로 - 교차로안,승용,여,47세,경상,승용,여,53세,경상
2020081000100047,2020년 8월 10일 07시,월요일,강원도 홍천군 북방면,중상사고,0,1,1,0,차대차 - 측면충돌,안전운전불이행,젖음/습기,비,단일로 - 지하차도(도로)내,승용,남,47세,경상,승용,남,51세,중상
2020081000100072,2020년 8월 10일 08시,월요일,강원도 춘천시 동면,경상사고,0,0,2,0,차대차 - 측면충돌,신호위반,젖음/습기,비,교차로 - 교차로안,승용,여,47세,경상,승용,여,28세,경상
2020081000100073,2020년 8월 10일 08시,월요일,강원도 춘천시 효자동,경상사고,0,0,2,0,차대차 - 추돌,안전운전불이행,젖음/습기,맑음,교차로 - 교차로부근,승합,남,30세,상해없음,승용,여,57세,경상
2020081000100115,2020년 8월 10일 09시,월요일,강원도 원주시 문막읍,경상사고,0,0,1,0,차대차 - 추돌,안전운전불이행,건조,맑음,단일로 - 기타,화물,여,44세,상해없음,승용,남,76세,경상
2020081000100150,2020년 8월 10일 10시,월요일,강원도 춘천시 사북면,경상사고,0,0,1,0,차대차 - 후진중충돌,안전운전불이행,건조,맑음,단일로 - 기타,화물,남,48세,상해없음,원동기,남,63세,경상
2020081000100200,2020년 8월 10일 12시,월요일,강원도 삼척시 교동,중상사고,0,1,0,0,차대사람 - 횡단중,보행자보호의무위반,건조,맑음,교차로 - 교차로횡단보도내,화물,남,41세,상해없음,보행자,남,81세,중상
2020081000100238,2020년 8월 10일 13시,월요일,강원도 삼척시 미로면,중상사고,0,1,1,0,차량단독 - 공작물충돌,안전운전불이행,건조,흐림,단일로 - 기타,승용,여,60세,경상,,,,
2020081000100239,2020년 8월 10일 13시,월요일,강원도 홍천군 홍천읍,사망사고,1,0,0,0,차대사람 - 보도통행중,안전운전불이행,젖음/습기,비,단일로 - 지하차도(도로)내,화물,남,54세,상해없음,보행자,여,52세,사망
2020081000100308,2020년 8월 10일 15시,월요일,강원도 춘천시 후평동,경상사고,0,0,2,0,차대차 - 측면충돌,교차로운행방법위반,젖음/습기,비,교차로 - 교차로안,승용,남,65세,경상,이륜,남,39세,경상
2020081000100309,2020년 8월 10일 15시,월요일,강원도 동해시 발한동,중상사고,0,1,0,0,차대사람 - 횡단중,안전운전불이행,젖음/습기,비,단일로 - 기타,승용,남,52세,상해없음,보행자,여,73세,중상
2020081000100376,2020년 8월 10일 17시,월요일,강원도 양양군 현남면,중상사고,0,1,0,0,차대사람 - 차도통행중,안전운전불이행,젖음/습기,비,교차로 - 교차로부근,승용,남,49세,상해없음,보행자,남,30세,중상
2020081000100377,2020년 8월 10일 17시,월요일,강원도 철원군 동송읍,경상사고,0,0,1,0,차대사람 - 횡단중,보행자보호의무위반,건조,흐림,단일로 - 기타,이륜,남,20세,상해없음,보행자,여,52세,경상
2020081000100478,2020년 8월 10일 20시,월요일,강원도 춘천시 퇴계동,경상사고,0,0,1,0,차대차 - 추돌,안전운전불이행,젖음/습기,비,단일로 - 기타,승용,남,44세,상해없음,승용,남,37세,경상
2020081000100515,2020년 8월 10일 21시,월요일,강원도 춘천시 효자동,중상사고,0,2,0,0,차대사람 - 횡단중,보행자보호의무위반,젖음/습기,비,교차로 - 교차로횡단보도내,승용,남,66세,상해없음,보행자,남,45세,중상
2020081000100516,2020년 8월 10일 21시,월요일,강원도 동해시 효가동,중상사고,0,1,0,0,차대사람 - 횡단중,안전운전불이행,젖음/습기,비,단일로 - 기타,승용,여,29세,상해없음,보행자,남,60세,중상
2020081000100546,2020년 8월 10일 22시,월요일,강원도 춘천시 효자동,경상사고,0,0,1,0,차대차 - 기타,중앙선침범,건조,맑음,단일로 - 기타,기타불명,기타불명,미분류,기타불명,승용,남,67세,경상
2020081000100547,2020년 8월 10일 22시,월요일,강원도 삼척시 남양동,경상사고,0,0,1,0,차대차 - 측면충돌,안전운전불이행,젖음/습기,비,교차로 - 교차로부근,승용,여,63세,상해없음,승용,남,47세,경상
2020081100100032,2020년 8월 11일 01시,화요일,강원도 원주시 단계동,경상사고,0,0,2,0,차대차 - 정면충돌,안전운전불이행,젖음/습기,비,교차로 - 교차로안,승용,남,23세,상해없음,승용,남,61세,경상
2020081100100046,2020년 8월 11일 03시,화요일,강원도 속초시 교동,경상사고,0,0,1,0,차대사람 - 차도통행중,안전운전불이행,젖음/습기,비,교차로 - 교차로부근,승용,남,31세,상해없음,보행자,남,27세,경상
2020081100100056,2020년 8월 11일 04시,화요일,강원도 양양군 강현면,경상사고,0,0,1,0,차대차 - 추돌,안전운전불이행,젖음/습기,흐림,단일로 - 지하차도(도로)내,화물,남,47세,상해없음,화물,남,51세,경상
2020081100100185,2020년 8월 11일 10시,화요일,강원도 삼척시 원덕읍,경상사고,0,0,1,0,차대차 - 측면충돌,중앙선침범,건조,맑음,단일로 - 지하차도(도로)내,사륜오토바이(ATV),남,68세,경상,화물,남,54세,상해없음
2020081100100186,2020년 8월 11일 10시,화요일,강원도 태백시 백산동,중상사고,0,1,1,1,차대차 - 추돌,안전운전불이행,젖음/습기,비,교차로 - 교차로부근,승용,여,56세,부상신고,화물,남,45세,경상
2020081100100232,2020년 8월 11일 11시,화요일,강원도 강릉시 교동,경상사고,0,0,1,0,차대차 - 측면충돌,안전운전불이행,젖음/습기,비,교차로 - 교차로안,승용,남,69세,상해없음,승용,여,54세,경상
2020081100100465,2020년 8월 11일 18시,화요일,강원도 춘천시 서면,경상사고,0,0,1,0,차대차 - 추돌,안전운전불이행,건조,맑음,교차로 - 교차로부근,승용,남,49세,상해없음,승용,남,38세,경상
2020081100100507,2020년 8월 11일 19시,화요일,강원도 춘천시 후평동,부상신고사고,0,0,0,1,차대차 - 정면충돌,안전운전불이행,건조,맑음,교차로 - 교차로안,승용,남,64세,상해없음,이륜,남,36세,부상신고
2020081100100508,2020년 8월 11일 19시,화요일,강원도 원주시 명륜동,경상사고,0,0,4,0,차대차 - 측면충돌,안전운전불이행,건조,맑음,단일로 - 기타,승용,남,47세,상해없음,승용,남,41세,경상
2020081100100564,2020년 8월 11일 21시,화요일,강원도 춘천시 근화동,경상사고,0,0,1,0,차대차 - 측면충돌,안전운전불이행,건조,맑음,단일로 - 기타,승용,남,64세,상해없음,승용,남,27세,경상
2020081100100588,2020년 8월 11일 22시,화요일,강원도 철원군 동송읍,경상사고,0,0,1,0,차대사람 - 길가장자리구역통행중,안전운전불이행,건조,맑음,단일로 - 기타,이륜,남,67세,상해없음,보행자,남,64세,경상
2020081200100094,2020년 8월 12일 08시,수요일,강원도 강릉시 노암동,중상사고,0,1,0,0,차대사람 - 횡단중,보행자보호의무위반,건조,맑음,교차로 - 교차로부근,승용,남,68세,상해없음,보행자,여,72세,중상
2020081200100095,2020년 8월 12일 08시,수요일,강원도 원주시 일산동,경상사고,0,0,1,0,차대사람 - 횡단중,안전운전불이행,건조,맑음,교차로 - 교차로횡단보도내,승용,남,45세,상해없음,보행자,남,61세,경상
2020081200100096,2020년 8월 12일 08시,수요일,강원도 태백시 철암동,경상사고,0,0,2,0,차대차 - 기타,교차로운행방법위반,건조,흐림,교차로 - 교차로안,승용,남,47세,상해없음,승용,남,47세,경상
2020081200100097,2020년 8월 12일 08시,수요일,강원도 철원군 김화읍,경상사고,0,0,1,0,차대차 - 측면충돌,교차로운행방법위반,건조,맑음,교차로 - 교차로안,화물,남,52세,상해없음,승용,여,29세,경상
2020081200100141,2020년 8월 12일 09시,수요일,강원도 춘천시 동면,경상사고,0,0,2,0,차대차 - 정면충돌,중앙선침범,건조,맑음,교차로 - 교차로부근,화물,남,58세,상해없음,승용,남,37세,경상
2020081200100142,2020년 8월 12일 09시,수요일,강원도 춘천시 중앙로2가,중상사고,0,1,0,0,차대사람 - 횡단중,보행자보호의무위반,건조,맑음,단일로 - 기타,승용,남,73세,상해없음,보행자,여,75세,중상
2020081200100143,2020년 8월 12일 09시,수요일,강원도 춘천시 동면,경상사고,0,0,1,0,차대차 - 기타,안전운전불이행,건조,맑음,교차로 - 교차로안,승용,여,38세,상해없음,승용,남,51세,경상
2020081200100202,2020년 8월 12일 11시,수요일,강원도 원주시 가현동,경상사고,0,0,2,0,차대차 - 측면충돌,안전거리미확보,건조,맑음,단일로 - 기타,승용,여,68세,상해없음,승용,남,26세,경상
2020081200100241,2020년 8월 12일 12시,수요일,강원도 강릉시 포남동,경상사고,0,0,1,0,차대차 - 측면충돌,안전운전불이행,건조,맑음,단일로 - 기타,화물,남,58세,기타불명,승용,여,41세,경상
2020081200100242,2020년 8월 12일 12시,수요일,강원도 삼척시 성내동,경상사고,0,0,1,0,차대차 - 측면충돌,안전운전불이행,건조,맑음,교차로 - 교차로부근,승용,남,41세,상해없음,승용,여,51세,경상
2020081200100272,2020년 8월 12일 13시,수요일,강원도 동해시 천곡동,경상사고,0,0,1,0,차대차 - 측면충돌,안전운전불이행,건조,맑음,교차로 - 교차로안,승용,남,62세,상해없음,승용,여,70세,경상
2020081200100309,2020년 8월 12일 14시,수요일,강원도 속초시 청호동,중상사고,0,1,0,0,차대차 - 기타,안전운전불이행,건조,맑음,단일로 - 기타,화물,남,61세,상해없음,승용,남,67세,상해없음
2020081200100310,2020년 8월 12일 14시,수요일,강원도 홍천군 홍천읍,중상사고,0,1,0,0,차대사람 - 차도통행중,안전운전불이행,건조,맑음,교차로 - 교차로안,승용,여,34세,상해없음,보행자,여,85세,중상
2020081200100311,2020년 8월 12일 14시,수요일,강원도 홍천군 북방면,사망사고,1,2,0,0,차대차 - 정면충돌,중앙선침범,건조,맑음,단일로 - 지하차도(도로)내,승용,남,59세,중상,승용,여,39세,중상
2020081200100379,2020년 8월 12일 16시,수요일,강원도 원주시 명륜동,중상사고,0,1,0,0,차대사람 - 횡단중,기타,건조,맑음,교차로 - 교차로횡단보도내,승용,여,59세,상해없음,보행자,여,8세,중상
2020081200100420,2020년 8월 12일 17시,수요일,강원도 원주시 단구동,경상사고,0,0,1,0,차대차 - 측면충돌,안전운전불이행,건조,맑음,단일로 - 기타,승용,남,68세,상해없음,승용,여,62세,경상
2020081200100421,2020년 8월 12일 17시,수요일,강원도 동해시 천곡동,경상사고,0,0,1,0,차대차 - 측면충돌,안전운전불이행,건조,맑음,단일로 - 기타,승용,남,66세,상해없음,승용,남,27세,경상
2020081200100505,2020년 8월 12일 19시,수요일,강원도 양양군 양양읍,중상사고,0,1,0,0,차대사람 - 횡단중,안전운전불이행,건조,맑음,기타 - 기타,승용,남,59세,상해없음,보행자,남,55세,중상
2020081200100506,2020년 8월 12일 19시,수요일,강원도 홍천군 홍천읍,경상사고,0,0,2,0,차대차 - 측면충돌,직진우회전진행방해,건조,맑음,교차로 - 교차로안,승용,남,74세,상해없음,승용,남,20세,경상
2020081300100032,2020년 8월 13일 04시,목요일,강원도 강릉시 남문동,중상사고,0,1,0,0,차대차 - 추돌,안전운전불이행,건조,맑음,단일로 - 교량,승용,남,23세,상해없음,자전거,남,83세,중상
2020081300100060,2020년 8월 13일 07시,목요일,강원도 원주시 단구동,경상사고,0,0,3,0,차대차 - 측면충돌,직진우회전진행방해,건조,맑음,교차로 - 교차로안,승용,남,73세,상해없음,승용,여,48세,경상
2020081300100080,2020년 8월 13일 08시,목요일,강원도 삼척시 정상동,중상사고,0,1,1,0,차대차 - 추돌,안전운전불이행,건조,맑음,단일로 - 기타,승용,남,49세,상해없음,승용,남,31세,중상
2020081300100111,2020년 8월 13일 09시,목요일,강원도 영월군 북면,중상사고,0,1,1,1,차대차 - 측면충돌,중앙선침범,건조,맑음,단일로 - 지하차도(도로)내,승합,남,43세,부상신고,승용,남,75세,중상
2020081300100136,2020년 8월 13일 10시,목요일,강원도 원주시 단구동,경상사고,0,0,1,0,차량단독 - 기타,안전운전불이행,건조,맑음,교차로 - 교차로안,승합,남,63세,상해없음,,,,
2020081300100179,2020년 8월 13일 11시,목요일,강원도 태백시 화전동,중상사고,0,1,2,0,차대차 - 추돌,안전거리미확보,건조,맑음,교차로 - 교차로부근,승용,남,60세,상해없음,승용,남,53세,경상
2020081300100221,2020년 8월 13일 12시,목요일,강원도 인제군 북면,중상사고,0,2,0,0,차대차 - 측면충돌,신호위반,건조,맑음,교차로 - 교차로안,화물,남,37세,상해없음,승용,남,75세,중상
2020081300100222,2020년 8월 13일 12시,목요일,강원도 고성군 토성면,경상사고,0,0,1,0,차대차 - 정면충돌,신호위반,건조,맑음,교차로 - 교차로안,승용,여,47세,상해없음,승용,남,62세,경상
2020081300100249,2020년 8월 13일 13시,목요일,강원도 평창군 미탄면,경상사고,0,0,1,0,차대차 - 기타,안전운전불이행,건조,맑음,교차로 - 교차로안,화물,남,65세,상해없음,승용,남,63세,경상
2020081300100284,2020년 8월 13일 14시,목요일,강원도 춘천시 동산면,사망사고,1,0,0,0,차량단독 - 공작물충돌,안전운전불이행,건조,맑음,교차로 - 교차로부근,승용,남,68세,사망,,,,
2020081300100285,2020년 8월 13일 14시,목요일,강원도 동해시 어달동,경상사고,0,0,1,0,차대사람 - 횡단중,보행자보호의무위반,건조,맑음,단일로 - 기타,승용,남,68세,상해없음,보행자,남,5세,경상
2020081300100323,2020년 8월 13일 15시,목요일,강원도 원주시 단구동,경상사고,0,0,2,0,차대차 - 측면충돌,안전운전불이행,건조,맑음,기타 - 기타,승용,남,69세,상해없음,승용,남,57세,경상
2020081300100324,2020년 8월 13일 15시,목요일,강원도 양구군 양구읍,중상사고,0,1,0,0,차량단독 - 기타,안전운전불이행,젖음/습기,비,단일로 - 기타,이륜,남,73세,중상,,,,
2020081300100371,2020년 8월 13일 16시,목요일,강원도 삼척시 당저동,경상사고,0,0,1,0,차대사람 - 횡단중,안전운전불이행,건조,맑음,단일로 - 기타,화물,남,61세,상해없음,보행자,남,8세,경상
2020081300100444,2020년 8월 13일 18시,목요일,강원도 강릉시 내곡동,경상사고,0,0,1,0,차대차 - 측면충돌,신호위반,건조,맑음,교차로 - 교차로안,승용,남,57세,상해없음,자전거,남,23세,경상
2020081300100445,2020년 8월 13일 18시,목요일,강원도 원주시 태장동,경상사고,0,0,1,0,차대차 - 추돌,직진우회전진행방해,건조,맑음,교차로 - 교차로안,이륜,남,27세,기타불명,화물,남,44세,경상
2020081300100446,2020년 8월 13일 18시,목요일,강원도 고성군 토성면,경상사고,0,0,2,0,차대차 - 추돌,안전운전불이행,건조,맑음,기타 - 기타,화물,남,29세,상해없음,승용,남,52세,경상
2020081300100506,2020년 8월 13일 19시,목요일,강원도 속초시 도문동,중상사고,0,1,0,0,차대차 - 측면충돌,안전운전불이행,건조,맑음,교차로 - 교차로안,승용,남,55세,상해없음,자전거,남,49세,중상
2020081300100591,2020년 8월 13일 22시,목요일,강원도 춘천시 석사동,부상신고사고,0,0,0,3,차대사람 - 기타,안전운전불이행,건조,맑음,단일로 - 기타,승용,남,28세,상해없음,보행자,여,54세,부상신고
2020081300100592,2020년 8월 13일 22시,목요일,강원도 강릉시 안현동,경상사고,0,0,2,0,차대차 - 측면충돌,안전운전불이행,건조,맑음,단일로 - 기타,승용,남,32세,기타불명,승용,남,27세,경상
2020081400100013,2020년 8월 14일 00시,금요일,강원도 춘천시 석사동,경상사고,0,0,4,1,차대차 - 측면충돌,안전운전불이행,건조,흐림,교차로 - 교차로안,승용,남,53세,부상신고,승용,남,24세,경상
2020081400100014,2020년 8월 14일 00시,금요일,강원도 강릉시 홍제동,중상사고,0,1,0,0,차대사람 - 횡단중,신호위반,건조,맑음,단일로 - 기타,승용,남,42세,상해없음,보행자,남,23세,중상
2020081400100036,2020년 8월 14일 02시,금요일,강원도 춘천시 효자동,경상사고,0,0,1,0,차대차 - 기타,안전운전불이행,건조,맑음,교차로 - 교차로안,승용,남,45세,상해없음,개인형이동수단(PM),남,24세,경상
2020081400100111,2020년 8월 14일 08시,금요일,강원도 원주시 반곡동,경상사고,0,0,1,0,차대차 - 측면충돌,신호위반,건조,맑음,교차로 - 교차로안,승용,여,50세,상해없음,승용,여,55세,경상
2020081400100140,2020년 8월 14일 09시,금요일,강원도 화천군 화천읍,경상사고,0,0,1,0,차대차 - 측면충돌,안전운전불이행,건조,맑음,교차로 - 교차로안,화물,남,69세,상해없음,승용,여,40세,상해없음
2020081400100218,2020년 8월 14일 11시,금요일,강원도 영월군 남면,부상신고사고,0,0,0,1,차대차 - 측면충돌,교차로운행방법위반,건조,맑음,교차로 - 교차로안,승용,남,72세,상해없음,승용,여,65세,부상신고
2020081400100263,2020년 8월 14일 12시,금요일,강원도 양양군 강현면,경상사고,0,0,2,0,차대차 - 추돌,안전운전불이행,건조,맑음,교차로 - 교차로안,화물,남,54세,상해없음,승용,남,40세,경상
2020081400100264,2020년 8월 14일 12시,금요일,강원도 홍천군 홍천읍,경상사고,0,0,1,0,차대차 - 측면충돌,직진우회전진행방해,건조,맑음,교차로 - 교차로안,승용,여,50세,상해없음,승용,남,40세,경상
2020081400100265,2020년 8월 14일 12시,금요일,강원도 양구군 남면,경상사고,0,0,1,0,차대차 - 측면충돌,교차로운행방법위반,젖음/습기,비,교차로 - 교차로안,화물,여,54세,상해없음,이륜,남,90세,경상
2020081400100298,2020년 8월 14일 13시,금요일,강원도 평창군 대화면,중상사고,0,1,0,0,차대차 - 기타,중앙선침범,건조,맑음,단일로 - 기타,화물,남,60세,상해없음,승용,남,61세,중상
2020081400100299,2020년 8월 14일 13시,금요일,강원도 태백시 황지동,경상사고,0,0,1,1,차대차 - 측면충돌,교차로운행방법위반,건조,맑음,교차로 - 교차로안,승용,남,46세,부상신고,승용,남,54세,경상
2020081400100343,2020년 8월 14일 14시,금요일,강원도 춘천시 소양로2가,중상사고,0,1,0,0,차대차 - 측면충돌,안전운전불이행,건조,맑음,단일로 - 기타,승용,여,41세,상해없음,승용,남,29세,중상
2020081400100382,2020년 8월 14일 15시,금요일,강원도 원주시 단계동,경상사고,0,0,1,0,차대차 - 기타,직진우회전진행방해,건조,맑음,교차로 - 교차로안,승용,남,58세,상해없음,이륜,남,37세,경상
2020081400100568,2020년 8월 14일 19시,금요일,강원도 양양군 양양읍,경상사고,0,0,1,0,차대차 - 측면충돌,안전운전불이행,건조,맑음,교차로 - 교차로부근,승용,남,60세,기타불명,이륜,남,38세,경상
2020081500100052,2020년 8월 15일 02시,토요일,강원도 양양군 현남면,경상사고,0,0,1,0,차대사람 - 기타,안전운전불이행,건조,맑음,단일로 - 지하차도(도로)내,승용,남,36세,상해없음,보행자,남,32세,경상
2020081500100067,2020년 8월 15일 03시,토요일,강원도 원주시 단계동,경상사고,0,0,1,0,차대사람 - 길가장자리구역통행중,안전운전불이행,건조,맑음,단일로 - 기타,화물,남,33세,상해없음,보행자,남,21세,경상
2020081500100112,2020년 8월 15일 07시,토요일,강원도 원주시 무실동,경상사고,0,0,3,0,차대차 - 측면충돌,직진우회전진행방해,젖음/습기,비,교차로 - 교차로안,승용,남,74세,상해없음,승용,남,51세,경상
2020081500100159,2020년 8월 15일 10시,토요일,강원도 강릉시 교동,경상사고,0,0,2,0,차대차 - 측면충돌,안전운전불이행,젖음/습기,비,교차로 - 교차로안,승용,남,61세,상해없음,승용,남,51세,경상
2020081500100160,2020년 8월 15일 10시,토요일,강원도 정선군 임계면,경상사고,0,0,1,0,차대차 - 정면충돌,중앙선침범,젖음/습기,비,단일로 - 기타,승용,여,65세,상해없음,승용,남,67세,경상
2020081500100188,2020년 8월 15일 11시,토요일,강원도 원주시 우산동,경상사고,0,0,1,0,차대차 - 측면충돌,직진우회전진행방해,젖음/습기,비,교차로 - 교차로안,화물,남,56세,상해없음,승용,여,35세,경상
2020081500100224,2020년 8월 15일 12시,토요일,강원도 속초시 교동,경상사고,0,0,3,0,차대차 - 측면충돌,안전운전불이행,건조,맑음,교차로 - 교차로안,화물,남,66세,상해없음,승용,남,66세,경상
2020081500100225,2020년 8월 15일 12시,토요일,강원도 철원군 동송읍,중상사고,0,1,0,0,차대차 - 측면충돌,안전운전불이행,건조,맑음,기타 - 기타,승용,남,45세,상해없음,이륜,남,17세,중상
2020081500100262,2020년 8월 15일 13시,토요일,강원도 화천군 사내면,중상사고,0,1,1,0,차대차 - 측면충돌,교차로운행방법위반,건조,맑음,교차로 - 교차로안,승용,여,34세,상해없음,승용,남,73세,중상
2020081500100295,2020년 8월 15일 14시,토요일,강원도 춘천시 퇴계동,경상사고,0,0,3,0,차대차 - 정면충돌,신호위반,건조,맑음,교차로 - 교차로안,승용,남,65세,상해없음,승용,남,67세,경상
2020081500100296,2020년 8월 15일 14시,토요일,강원도 양양군 양양읍,경상사고,0,0,2,0,차대차 - 측면충돌,안전운전불이행,건조,맑음,교차로 - 교차로안,화물,남,47세,상해없음,화물,여,53세,경상
2020081500100319,2020년 8월 15일 15시,토요일,강원도 양구군 양구읍,경상사고,0,0,3,0,차대차 - 기타,중앙선침범,건조,맑음,단일로 - 기타,승용,남,47세,상해없음,화물,남,47세,경상
2020081500100378,2020년 8월 15일 17시,토요일,강원도 춘천시 온의동,경상사고,0,0,2,0,차대차 - 측면충돌,교차로운행방법위반,건조,맑음,교차로 - 교차로부근,승용,남,46세,상해없음,승용,남,39세,경상
2020081500100379,2020년 8월 15일 17시,토요일,강원도 춘천시 퇴계동,경상사고,0,0,3,0,차대차 - 측면충돌,안전거리미확보,건조,맑음,단일로 - 기타,승용,남,73세,상해없음,승합,남,58세,상해없음
2020081500100380,2020년 8월 15일 17시,토요일,강원도 속초시 청호동,경상사고,0,0,1,0,차대사람 - 길가장자리구역통행중,안전운전불이행,건조,맑음,단일로 - 지하차도(도로)내,화물,남,48세,상해없음,보행자,남,25세,경상
2020081500100381,2020년 8월 15일 17시,토요일,강원도 횡성군 횡성읍,중상사고,0,2,0,0,차대차 - 정면충돌,안전운전불이행,건조,맑음,교차로 - 교차로안,화물,남,57세,중상,승용,남,57세,중상
2020081500100455,2020년 8월 15일 19시,토요일,강원도 원주시 관설동,중상사고,0,1,0,0,차대차 - 기타,안전운전불이행,건조,흐림,단일로 - 기타,승용,여,59세,상해없음,자전거,남,61세,중상
2020081500100456,2020년 8월 15일 19시,토요일,강원도 영월군 주천면,경상사고,0,0,2,1,차대차 - 측면충돌,중앙선침범,젖음/습기,흐림,단일로 - 지하차도(도로)내,승용,남,57세,부상신고,승용,남,28세,경상
2020081500100490,2020년 8월 15일 20시,토요일,강원도 속초시 교동,경상사고,0,0,2,0,차대차 - 측면충돌,안전운전불이행,건조,맑음,단일로 - 지하차도(도로)내,승용,남,51세,상해없음,승용,남,53세,경상
2020081500100491,2020년 8월 15일 20시,토요일,강원도 속초시 조양동,경상사고,0,0,2,0,차대차 - 측면충돌,안전운전불이행,건조,맑음,교차로 - 교차로부근,승용,남,56세,상해없음,승용,남,31세,경상
2020081500100492,2020년 8월 15일 20시,토요일,강원도 정선군 정선읍,중상사고,0,1,0,0,차대사람 - 횡단중,안전운전불이행,건조,맑음,교차로 - 교차로안,승용,여,40세,상해없음,보행자,여,22세,중상
2020081500100512,2020년 8월 15일 21시,토요일,강원도 평창군 봉평면,경상사고,0,0,3,0,차대차 - 측면충돌,신호위반,젖음/습기,흐림,교차로 - 교차로안,승용,여,40세,경상,승용,남,60세,경상
2020081500100534,2020년 8월 15일 22시,토요일,강원도 원주시 인동,중상사고,0,1,1,0,차대차 - 측면충돌,신호위반,건조,맑음,단일로 - 기타,화물,남,60세,상해없음,승합,남,60세,중상
2020081500100535,2020년 8월 15일 22시,토요일,강원도 양양군 현남면,경상사고,0,0,2,0,차대차 - 기타,안전운전불이행,젖음/습기,비,단일로 - 기타,승용,여,28세,상해없음,승용,남,33세,경상
2020081600100027,2020년 8월 16일 01시,일요일,강원도 강릉시 포남동,경상사고,0,0,4,0,차대차 - 정면충돌,중앙선침범,건조,맑음,교차로 - 교차로안,승용,남,38세,상해없음,승용,남,23세,경상
2020081600100041,2020년 8월 16일 02시,일요일,강원도 원주시 무실동,중상사고,0,1,0,0,차대사람 - 기타,안전운전불이행,건조,맑음,주차장 - 주차장,승합,남,55세,상해없음,보행자,남,61세,중상
2020081600100042,2020년 8월 16일 02시,일요일,강원도 동해시 발한동,경상사고,0,0,2,0,차대차 - 측면충돌,안전운전불이행,건조,맑음,교차로 - 교차로안,승용,남,39세,상해없음,승용,여,35세,경상
2020081600100086,2020년 8월 16일 07시,일요일,강원도 춘천시 동면,사망사고,1,0,0,0,차량단독 - 공작물충돌,안전운전불이행,건조,맑음,교차로 - 교차로부근,이륜,남,25세,상해없음,,,,
2020081600100216,2020년 8월 16일 13시,일요일,강원도 강릉시 포남동,중상사고,0,1,0,0,차대차 - 측면충돌,안전운전불이행,건조,맑음,교차로 - 교차로안,승용,남,35세,상해없음,원동기,남,43세,중상
2020081600100217,2020년 8월 16일 13시,일요일,강원도 속초시 동명동,경상사고,0,0,1,0,차대차 - 측면충돌,안전운전불이행,건조,맑음,교차로 - 교차로안,화물,남,62세,상해없음,이륜,남,43세,경상
2020081600100218,2020년 8월 16일 13시,일요일,강원도 평창군 대관령면,경상사고,0,0,1,0,차대차 - 기타,안전운전불이행,건조,맑음,단일로 - 기타,승용,남,26세,상해없음,화물,남,63세,경상
2020081600100257,2020년 8월 16일 14시,일요일,강원도 영월군 주천면,중상사고,0,1,0,0,차량단독 - 전도전복 - 전도,안전운전불이행,건조,맑음,단일로 - 고가도로위,이륜,남,36세,중상,,,,