사고번호,사고일시,요일,시군구,사고내용,사망자수,중상자수,경상자수,부상신고자수,사고유형,법규위반,노면상태,기상상태,도로형태,가해운전자 차종,가해운전자 성별,가해운전자 연령,가해운전자 상해정도,피해운전자 차종,피해운전자 성별,피해운전자 연령,피해운전자 상해정도
2020082100100398,2020년 8월 21일 17시,금요일,강원도 원주시 명륜동,경상사고,0,0,1,0,차대차 - 측면충돌,안전거리미확보,건조,흐림,기타 - 기타,승용,여,66세,상해없음,승용,여,31세,경상
2020082100100430,2020년 8월 21일 18시,금요일,강원도 원주시 일산동,경상사고,0,0,1,0,차대차 - 측면충돌,안전운전불이행,건조,맑음,단일로 - 기타,승용,여,28세,상해없음,승용,여,53세,경상
2020082100100431,2020년 8월 21일 18시,금요일,강원도 영월군 주천면,중상사고,0,2,0,0,차대차 - 정면충돌,중앙선침범,건조,맑음,단일로 - 기타,화물,남,52세,중상,화물,남,40세,중상
2020082100100432,2020년 8월 21일 18시,금요일,강원도 평창군 대관령면,경상사고,0,0,1,0,차대차 - 추돌,안전운전불이행,건조,맑음,기타 - 기타,자전거,여,51세,경상,이륜,남,69세,상해없음
2020082100100479,2020년 8월 21일 19시,금요일,강원도 춘천시 석사동,중상사고,0,1,2,1,차대차 - 추돌,안전운전불이행,건조,맑음,교차로 - 교차로부근,승용,여,65세,부상신고,승용,여,38세,경상
2020082100100480,2020년 8월 21일 19시,금요일,강원도 속초시 조양동,경상사고,0,0,1,0,차대사람 - 횡단중,안전운전불이행,젖음/습기,비,단일로 - 기타,이륜,남,20세,상해없음,보행자,남,43세,경상
2020082100100481,2020년 8월 21일 19시,금요일,강원도 속초시 대포동,경상사고,0,0,2,0,차대차 - 측면충돌,신호위반,젖음/습기,비,교차로 - 교차로안,승용,남,37세,경상,화물,남,47세,경상
2020082100100482,2020년 8월 21일 19시,금요일,강원도 영월군 상동읍,중상사고,0,1,0,0,차량단독 - 공작물충돌,안전운전불이행,건조,맑음,단일로 - 기타,사륜오토바이(ATV),남,75세,상해없음,,,,
2020082100100528,2020년 8월 21일 20시,금요일,강원도 춘천시 동내면,경상사고,0,0,1,0,차대차 - 추돌,안전거리미확보,건조,맑음,단일로 - 기타,화물,남,49세,상해없음,승용,남,29세,경상
2020082100100529,2020년 8월 21일 20시,금요일,강원도 속초시 조양동,중상사고,0,1,0,0,차대차 - 기타,안전운전불이행,젖음/습기,비,단일로 - 기타,승용,남,55세,상해없음,이륜,남,25세,중상
2020082100100562,2020년 8월 21일 21시,금요일,강원도 원주시 우산동,중상사고,0,1,0,0,차대사람 - 횡단중,보행자보호의무위반,건조,맑음,교차로 - 교차로횡단보도내,개인형이동수단(PM),남,15세,상해없음,보행자,남,59세,중상
2020082100100594,2020년 8월 21일 22시,금요일,강원도 철원군 동송읍,경상사고,0,0,1,0,차대차 - 정면충돌,중앙선침범,건조,맑음,단일로 - 기타,승용,남,73세,기타불명,승용,여,49세,경상
2020082200100007,2020년 8월 22일 00시,토요일,강원도 춘천시 퇴계동,중상사고,0,1,0,0,차대차 - 기타,차로위반,건조,맑음,교차로 - 교차로부근,승용,남,54세,상해없음,이륜,남,20세,중상
2020082200100042,2020년 8월 22일 02시,토요일,강원도 양양군 양양읍,중상사고,0,1,0,0,차대사람 - 보도통행중,안전운전불이행,젖음/습기,비,단일로 - 고가도로위,승용,남,49세,상해없음,보행자,남,21세,중상
2020082200100079,2020년 8월 22일 06시,토요일,강원도 삼척시 남양동,경상사고,0,0,2,0,차대차 - 기타,신호위반,건조,흐림,교차로 - 교차로안,승용,남,68세,상해없음,승합,남,45세,상해없음
2020082200100105,2020년 8월 22일 08시,토요일,강원도 원주시 중앙동,중상사고,0,1,0,0,차대사람 - 기타,안전운전불이행,건조,맑음,단일로 - 기타,승용,남,61세,상해없음,보행자,여,63세,중상
2020082200100197,2020년 8월 22일 11시,토요일,강원도 원주시 개운동,중상사고,0,1,0,0,차대사람 - 횡단중,보행자보호의무위반,건조,맑음,교차로 - 교차로횡단보도내,화물,남,54세,상해없음,보행자,남,70세,중상
2020082200100198,2020년 8월 22일 11시,토요일,강원도 태백시 화전동,경상사고,0,0,1,0,차대차 - 측면충돌,안전운전불이행,건조,맑음,단일로 - 기타,건설기계,남,60세,상해없음,승용,남,43세,경상
2020082200100226,2020년 8월 22일 12시,토요일,강원도 홍천군 홍천읍,중상사고,0,1,1,0,차량단독 - 공작물충돌,안전운전불이행,젖음/습기,비,단일로 - 지하차도(도로)내,승용,남,53세,상해없음,,,,
2020082200100266,2020년 8월 22일 13시,토요일,강원도 속초시 도문동,중상사고,0,3,4,2,차대차 - 측면충돌,안전운전불이행,건조,흐림,교차로 - 교차로안,승용,남,37세,상해없음,승합,남,40세,경상
2020082200100297,2020년 8월 22일 14시,토요일,강원도 강릉시 옥천동,경상사고,0,0,1,0,차대차 - 측면충돌,안전운전불이행,건조,맑음,교차로 - 교차로안,승용,남,68세,상해없음,승용,남,34세,경상
2020082200100351,2020년 8월 22일 15시,토요일,강원도 원주시 학성동,중상사고,0,1,0,0,차대차 - 추돌,안전거리미확보,건조,맑음,단일로 - 기타,승용,여,64세,상해없음,승용,여,61세,중상
2020082200100352,2020년 8월 22일 15시,토요일,강원도 삼척시 원덕읍,경상사고,0,0,2,0,차대차 - 측면충돌,안전운전불이행,건조,맑음,단일로 - 기타,승용,남,67세,상해없음,승용,남,71세,경상
2020082200100353,2020년 8월 22일 15시,토요일,강원도 홍천군 홍천읍,경상사고,0,0,2,0,차대차 - 추돌,안전거리미확보,젖음/습기,비,단일로 - 지하차도(도로)내,화물,남,53세,상해없음,승용,남,59세,경상
2020082200100429,2020년 8월 22일 17시,토요일,강원도 양양군 현남면,경상사고,0,0,1,0,차대차 - 측면충돌,교차로운행방법위반,건조,흐림,교차로 - 교차로안,화물,남,46세,상해없음,이륜,남,39세,경상
2020082200100430,2020년 8월 22일 17시,토요일,강원도 삼척시 원덕읍,경상사고,0,0,1,0,차대차 - 측면충돌,안전운전불이행,건조,맑음,교차로 - 교차로안,승용,여,55세,상해없음,화물,남,46세,경상
2020082200100471,2020년 8월 22일 18시,토요일,강원도 속초시 교동,경상사고,0,0,1,0,차대차 - 측면충돌,직진우회전진행방해,건조,맑음,교차로 - 교차로안,승용,남,56세,상해없음,승용,남,59세,경상
2020082200100512,2020년 8월 22일 19시,토요일,강원도 원주시 무실동,경상사고,0,0,1,0,차대차 - 측면충돌,안전거리미확보,젖음/습기,비,단일로 - 기타,승용,여,62세,상해없음,이륜,남,49세,경상
2020082200100546,2020년 8월 22일 20시,토요일,강원도 화천군 화천읍,중상사고,0,2,0,0,차대차 - 측면충돌,교차로운행방법위반,젖음/습기,비,교차로 - 교차로안,승용,남,59세,중상,승용,남,53세,중상
2020082200100584,2020년 8월 22일 21시,토요일,강원도 원주시 지정면,부상신고사고,0,0,0,1,차량단독 - 공작물충돌,안전운전불이행,젖음/습기,비,교차로 - 교차로부근,승용,남,56세,부상신고,,,,
2020082200100585,2020년 8월 22일 21시,토요일,강원도 동해시 천곡동,경상사고,0,0,1,0,차대차 - 측면충돌,교차로운행방법위반,건조,맑음,교차로 - 교차로안,승용,남,52세,상해없음,승용,남,47세,경상
2020082300100032,2020년 8월 23일 02시,일요일,강원도 춘천시 퇴계동,경상사고,0,0,4,0,차대차 - 측면충돌,안전운전불이행,건조,맑음,교차로 - 교차로안,승용,남,31세,상해없음,승용,남,59세,경상
2020082300100059,2020년 8월 23일 04시,일요일,강원도 속초시 금호동,경상사고,0,0,1,0,차대차 - 측면충돌,안전운전불이행,건조,맑음,교차로 - 교차로부근,승용,남,46세,상해없음,승용,남,35세,기타불명
2020082300100079,2020년 8월 23일 07시,일요일,강원도 강릉시 연곡면,경상사고,0,0,1,0,차대차 - 측면충돌,안전운전불이행,건조,맑음,주차장 - 주차장,승용,남,41세,상해없음,승용,남,34세,경상
2020082300100080,2020년 8월 23일 07시,일요일,강원도 횡성군 안흥면,중상사고,0,1,0,0,차량단독 - 공작물충돌,안전운전불이행,건조,맑음,단일로 - 기타,이륜,남,23세,중상,,,,
2020082300100086,2020년 8월 23일 08시,일요일,강원도 영월군 한반도면,중상사고,0,1,1,4,차대차 - 측면충돌,교차로운행방법위반,건조,맑음,교차로 - 교차로안,승용,남,63세,중상,승용,여,46세,경상
2020082300100153,2020년 8월 23일 12시,일요일,강원도 양양군 양양읍,경상사고,0,0,1,0,차대차 - 측면충돌,안전운전불이행,건조,맑음,단일로 - 지하차도(도로)내,이륜,여,44세,상해없음,승용,남,29세,상해없음
2020082300100173,2020년 8월 23일 13시,일요일,강원도 홍천군 화촌면,경상사고,0,0,1,1,차대차 - 정면충돌,중앙선침범,건조,맑음,단일로 - 지하차도(도로)내,이륜,남,51세,부상신고,승용,남,59세,경상
2020082300100174,2020년 8월 23일 13시,일요일,강원도 철원군 동송읍,중상사고,0,1,0,0,차대차 - 측면충돌,기타,건조,맑음,교차로 - 교차로안,화물,남,81세,상해없음,사륜오토바이(ATV),여,80세,중상
2020082300100211,2020년 8월 23일 14시,일요일,강원도 강릉시 포남동,경상사고,0,0,2,0,차대차 - 측면충돌,안전운전불이행,건조,맑음,교차로 - 교차로안,승용,여,28세,상해없음,승용,남,61세,경상
2020082300100212,2020년 8월 23일 14시,일요일,강원도 강릉시 성산면,경상사고,0,0,2,0,차대차 - 기타,중앙선침범,건조,맑음,교차로 - 교차로안,승용,여,51세,상해없음,승용,남,49세,경상
2020082300100213,2020년 8월 23일 14시,일요일,강원도 원주시 개운동,경상사고,0,0,1,0,차대차 - 측면충돌,신호위반,건조,맑음,교차로 - 교차로안,승합,남,25세,상해없음,승용,여,59세,경상
2020082300100239,2020년 8월 23일 15시,일요일,강원도 인제군 기린면,부상신고사고,0,0,0,1,차대차 - 측면충돌,기타,건조,맑음,단일로 - 기타,이륜,남,47세,상해없음,승용,남,23세,상해없음
2020082300100266,2020년 8월 23일 16시,일요일,강원도 태백시 황지동,중상사고,0,1,0,0,차대사람 - 기타,안전운전불이행,건조,맑음,단일로 - 기타,승용,남,62세,상해없음,보행자,여,63세,중상
2020082300100267,2020년 8월 23일 16시,일요일,강원도 태백시 황지동,경상사고,0,0,2,2,차대차 - 측면충돌,교차로운행방법위반,건조,맑음,교차로 - 교차로안,승용,남,37세,부상신고,승용,남,38세,부상신고
2020082300100306,2020년 8월 23일 17시,일요일,강원도 홍천군 화촌면,사망사고,1,0,0,0,차량단독 - 공작물충돌,안전운전불이행,건조,맑음,단일로 - 지하차도(도로)내,이륜,남,79세,사망,,,,
2020082300100334,2020년 8월 23일 18시,일요일,강원도 춘천시 온의동,경상사고,0,0,1,0,차대차 - 측면충돌,안전운전불이행,건조,맑음,단일로 - 기타,승용,여,48세,상해없음,이륜,남,40세,경상
2020082300100335,2020년 8월 23일 18시,일요일,강원도 삼척시 당저동,중상사고,0,1,0,0,차대차 - 기타,신호위반,기타,맑음,교차로 - 교차로부근,승용,남,47세,상해없음,이륜,남,60세,중상
2020082300100424,2020년 8월 23일 21시,일요일,강원도 원주시 개운동,경상사고,0,0,2,0,차대차 - 추돌,안전거리미확보,건조,맑음,단일로 - 기타,승용,남,23세,상해없음,승용,남,57세,경상
2020082300100440,2020년 8월 23일 22시,일요일,강원도 태백시 황지동,중상사고,0,1,0,0,차대차 - 측면충돌,교차로운행방법위반,건조,흐림,교차로 - 교차로안,승용,남,60세,상해없음,원동기,남,32세,중상
2020082300100451,2020년 8월 23일 23시,일요일,강원도 원주시 학성동,중상사고,0,1,0,0,차대차 - 측면충돌,안전운전불이행,건조,흐림,단일로 - 기타,승용,남,25세,상해없음,승용,남,27세,중상
2020082400100005,2020년 8월 24일 00시,월요일,강원도 홍천군 내촌면,경상사고,0,0,1,0,차대차 - 추돌,안전운전불이행,건조,맑음,단일로 - 터널,승용,남,50세,상해없음,승용,남,25세,경상
2020082400100024,2020년 8월 24일 02시,월요일,강원도 춘천시 교동,경상사고,0,0,2,0,차대차 - 측면충돌,안전거리미확보,건조,맑음,교차로 - 교차로부근,승용,남,76세,상해없음,승용,남,45세,경상
2020082400100075,2020년 8월 24일 07시,월요일,강원도 강릉시 포남동,경상사고,0,0,1,0,차대차 - 측면충돌,안전운전불이행,건조,맑음,단일로 - 기타,승용,남,58세,상해없음,승용,여,67세,경상
2020082400100076,2020년 8월 24일 07시,월요일,강원도 속초시 도문동,경상사고,0,0,1,0,차대차 - 측면충돌,안전운전불이행,건조,맑음,교차로 - 교차로안,승용,남,49세,상해없음,화물,남,49세,경상
2020082400100077,2020년 8월 24일 07시,월요일,강원도 횡성군 횡성읍,중상사고,0,1,1,0,차대차 - 측면충돌,중앙선침범,건조,맑음,단일로 - 기타,승용,남,26세,경상,승용,남,35세,중상
2020082400100100,2020년 8월 24일 08시,월요일,강원도 강릉시 주문진읍,중상사고,0,1,0,0,차대사람 - 기타,안전운전불이행,건조,맑음,기타 - 기타,승용,여,51세,상해없음,보행자,여,86세,중상
2020082400100101,2020년 8월 24일 08시,월요일,강원도 강릉시 운산동,경상사고,0,0,1,0,차대차 - 기타,안전운전불이행,건조,맑음,교차로 - 교차로안,특수,남,46세,상해없음,승용,여,57세,경상
2020082400100102,2020년 8월 24일 08시,월요일,강원도 원주시 단계동,경상사고,0,0,2,0,차대차 - 기타,안전운전불이행,건조,맑음,단일로 - 기타,건설기계,남,57세,상해없음,승용,여,22세,경상
2020082400100103,2020년 8월 24일 08시,월요일,강원도 원주시 무실동,경상사고,0,0,1,0,차대차 - 측면충돌,안전운전불이행,건조,맑음,교차로 - 교차로부근,승용,남,61세,기타불명,승용,남,35세,경상
2020082400100141,2020년 8월 24일 09시,월요일,강원도 홍천군 북방면,중상사고,0,2,0,0,차대차 - 측면충돌,안전운전불이행,건조,맑음,단일로 - 기타,화물,남,41세,상해없음,승용,남,30세,중상
2020082400100179,2020년 8월 24일 10시,월요일,강원도 춘천시 온의동,경상사고,0,0,1,0,차대사람 - 보도통행중,안전운전불이행,건조,맑음,교차로 - 교차로안,승용,남,75세,상해없음,보행자,여,58세,경상
2020082400100214,2020년 8월 24일 11시,월요일,강원도 춘천시 퇴계동,경상사고,0,0,2,0,차대차 - 측면충돌,차로위반,건조,맑음,단일로 - 기타,건설기계,남,57세,상해없음,승용,여,51세,경상
2020082400100245,2020년 8월 24일 12시,월요일,강원도 삼척시 갈천동,경상사고,0,0,1,0,차량단독 - 기타,안전운전불이행,건조,맑음,단일로 - 기타,건설기계,남,52세,경상,,,,
2020082400100246,2020년 8월 24일 12시,월요일,강원도 평창군 대관령면,중상사고,0,4,0,0,차대차 - 추돌,안전운전불이행,건조,맑음,단일로 - 터널,화물,남,82세,상해없음,화물,남,51세,중상
2020082400100272,2020년 8월 24일 13시,월요일,강원도 양구군 양구읍,중상사고,0,1,7,3,차대차 - 기타,안전거리미확보,건조,맑음,단일로 - 교량,승용,남,20세,경상,특수,남,20세,경상
2020082400100303,2020년 8월 24일 14시,월요일,강원도 원주시 흥업면,경상사고,0,0,1,0,차대차 - 추돌,안전운전불이행,건조,맑음,교차로 - 교차로부근,승용,남,33세,상해없음,승용,여,43세,경상
2020082400100304,2020년 8월 24일 14시,월요일,강원도 홍천군 홍천읍,사망사고,1,0,0,0,차대사람 - 횡단중,안전운전불이행,건조,맑음,교차로 - 교차로안,화물,남,36세,상해없음,보행자,여,65세,사망
2020082400100358,2020년 8월 24일 15시,월요일,강원도 춘천시 서면,경상사고,0,0,1,0,차대차 - 추돌,안전운전불이행,건조,맑음,교차로 - 교차로안,승용,여,48세,상해없음,승용,남,60세,경상
2020082400100359,2020년 8월 24일 15시,월요일,강원도 속초시 조양동,경상사고,0,0,4,0,차대차 - 측면충돌,안전운전불이행,건조,맑음,단일로 - 기타,승용,남,65세,상해없음,승용,여,52세,경상
2020082400100450,2020년 8월 24일 17시,월요일,강원도 강릉시 입암동,경상사고,0,0,1,0,차대차 - 측면충돌,안전운전불이행,건조,맑음,기타 - 기타,승용,여,35세,상해없음,승용,남,37세,경상
2020082400100492,2020년 8월 24일 18시,월요일,강원도 원주시 단계동,경상사고,0,0,1,1,차대차 - 기타,직진우회전진행방해,건조,맑음,교차로 - 교차로안,승용,남,19세,부상신고,승용,여,22세,경상
2020082400100493,2020년 8월 24일 18시,월요일,강원도 양양군 현남면,경상사고,0,0,1,0,차대차 - 후진중충돌,안전운전불이행,건조,맑음,교차로 - 교차로부근,화물,남,48세,상해없음,화물,남,51세,경상
2020082400100494,2020년 8월 24일 18시,월요일,강원도 홍천군 홍천읍,경상사고,0,0,1,0,차대차 - 측면충돌,직진우회전진행방해,건조,맑음,교차로 - 교차로안,승용,남,59세,상해없음,승용,여,56세,경상
2020082400100495,2020년 8월 24일 18시,월요일,강원도 정선군 임계면,중상사고,0,2,1,0,차량단독 - 공작물충돌,안전운전불이행,건조,맑음,단일로 - 기타,승용,여,62세,상해없음,,,,
2020082400100496,2020년 8월 24일 18시,월요일,강원도 동해시 지흥동,경상사고,0,0,4,0,차대차 - 추돌,안전운전불이행,건조,맑음,단일로 - 기타,승용,여,49세,상해없음,승용,남,29세,경상
2020082400100540,2020년 8월 24일 19시,월요일,강원도 삼척시 근덕면,경상사고,0,0,1,0,차대차 - 측면충돌,안전거리미확보,건조,맑음,단일로 - 기타,화물,남,59세,상해없음,승용,여,60세,경상
2020082400100583,2020년 8월 24일 20시,월요일,강원도 양양군 현남면,중상사고,0,1,1,0,차대차 - 측면충돌,신호위반,건조,맑음,교차로 - 교차로안,승용,여,21세,상해없음,이륜,남,48세,중상
2020082400100610,2020년 8월 24일 21시,월요일,강원도 춘천시 신북읍,경상사고,0,0,1,0,차대차 - 기타,안전거리미확보,건조,맑음,단일로 - 기타,화물,남,29세,상해없음,승용,남,57세,경상
2020082400100632,2020년 8월 24일 22시,월요일,강원도 강릉시 노암동,중상사고,0,1,0,0,차대사람 - 차도통행중,안전운전불이행,건조,맑음,교차로 - 교차로부근,이륜,남,20세,상해없음,보행자,남,59세,중상
2020082400100633,2020년 8월 24일 22시,월요일,강원도 원주시 흥업면,경상사고,0,0,1,0,차대차 - 측면충돌,신호위반,건조,맑음,교차로 - 교차로안,승용,남,43세,상해없음,승용,여,55세,경상
2020082500100054,2020년 8월 25일 06시,화요일,강원도 춘천시 석사동,경상사고,0,0,1,0,차대차 - 기타,신호위반,건조,맑음,교차로 - 교차로안,화물,남,57세,상해없음,승용,남,51세,경상
2020082500100074,2020년 8월 25일 07시,화요일,강원도 원주시 단구동,중상사고,0,1,0,0,차대차 - 측면충돌,신호위반,건조,맑음,교차로 - 교차로횡단보도내,자전거,여,74세,중상,승용,여,58세,상해없음
2020082500100075,2020년 8월 25일 07시,화요일,강원도 원주시 반곡동,경상사고,0,0,1,0,차대차 - 측면충돌,안전운전불이행,건조,맑음,교차로 - 교차로안,화물,남,44세,상해없음,승용,여,46세,경상
2020082500100076,2020년 8월 25일 07시,화요일,강원도 속초시 교동,경상사고,0,0,1,0,차대차 - 측면충돌,안전운전불이행,건조,맑음,교차로 - 교차로부근,승용,여,55세,상해없음,승용,여,66세,경상
2020082500100176,2020년 8월 25일 10시,화요일,강원도 춘천시 온의동,경상사고,0,0,1,0,차대차 - 측면충돌,신호위반,건조,맑음,교차로 - 교차로안,승용,여,20세,상해없음,승용,남,65세,경상
2020082500100177,2020년 8월 25일 10시,화요일,강원도 강릉시 임당동,중상사고,0,1,0,0,차량단독 - 기타,안전운전불이행,건조,맑음,단일로 - 기타,승합,남,55세,기타불명,,,,
2020082500100218,2020년 8월 25일 11시,화요일,강원도 원주시 원동,경상사고,0,0,2,0,차대차 - 후진중충돌,안전운전불이행,건조,맑음,교차로 - 교차로부근,승용,남,49세,상해없음,승용,여,65세,경상
2020082500100296,2020년 8월 25일 13시,화요일,강원도 속초시 교동,경상사고,0,0,2,0,차대차 - 측면충돌,안전운전불이행,건조,맑음,교차로 - 교차로안,승용,남,62세,상해없음,승용,여,62세,경상
2020082500100297,2020년 8월 25일 13시,화요일,강원도 삼척시 미로면,경상사고,0,0,1,0,차대차 - 측면충돌,교차로운행방법위반,건조,맑음,교차로 - 교차로안,승용,여,45세,상해없음,원동기,여,68세,경상
2020082500100325,2020년 8월 25일 14시,화요일,강원도 철원군 서면,경상사고,0,0,1,0,차대차 - 추돌,안전운전불이행,건조,맑음,단일로 - 기타,승합,남,66세,상해없음,자전거,남,59세,경상
2020082500100366,2020년 8월 25일 15시,화요일,강원도 원주시 판부면,경상사고,0,0,2,0,차대차 - 추돌,안전운전불이행,건조,맑음,교차로 - 교차로부근,승용,남,60세,상해없음,승용,남,43세,경상
2020082500100398,2020년 8월 25일 16시,화요일,강원도 강릉시 노암동,경상사고,0,0,1,0,차대차 - 측면충돌,안전운전불이행,건조,맑음,교차로 - 교차로안,승용,여,21세,상해없음,승용,남,52세,경상
2020082500100399,2020년 8월 25일 16시,화요일,강원도 원주시 단계동,경상사고,0,0,1,0,차대차 - 추돌,직진우회전진행방해,건조,맑음,교차로 - 교차로안,승용,여,29세,상해없음,승용,여,61세,경상
2020082500100447,2020년 8월 25일 17시,화요일,강원도 강릉시 옥천동,중상사고,0,1,0,0,차대차 - 측면충돌,안전운전불이행,건조,맑음,교차로 - 교차로안,원동기,남,71세,중상,승용,남,32세,상해없음
2020082500100448,2020년 8월 25일 17시,화요일,강원도 강릉시 강문동,경상사고,0,0,2,0,차대차 - 후진중충돌,안전운전불이행,건조,맑음,교차로 - 교차로부근,승용,여,59세,상해없음,승용,여,24세,경상
2020082500100449,2020년 8월 25일 17시,화요일,강원도 원주시 반곡동,경상사고,0,0,1,0,차대차 - 측면충돌,안전운전불이행,건조,맑음,교차로 - 교차로부근,승용,여,47세,상해없음,승용,여,43세,경상
2020082500100489,2020년 8월 25일 18시,화요일,강원도 원주시 명륜동,경상사고,0,0,2,0,차대차 - 정면충돌,중앙선침범,건조,맑음,교차로 - 교차로부근,승용,남,68세,상해없음,화물,남,47세,경상
2020082500100562,2020년 8월 25일 20시,화요일,강원도 원주시 반곡동,경상사고,0,0,1,0,차대차 - 측면충돌,안전운전불이행,건조,맑음,단일로 - 기타,승용,남,46세,상해없음,이륜,남,18세,경상
2020082500100598,2020년 8월 25일 21시,화요일,강원도 춘천시 후평동,부상신고사고,0,0,0,1,차대사람 - 횡단중,안전운전불이행,건조,맑음,단일로 - 기타,기타불명,기타불명,미분류,기타불명,보행자,남,37세,부상신고
2020082500100599,2020년 8월 25일 21시,화요일,강원도 원주시 명륜동,경상사고,0,0,1,0,차대차 - 기타,안전운전불이행,건조,맑음,단일로 - 기타,승용,남,54세,상해없음,이륜,남,27세,경상
2020082600100022,2020년 8월 26일 02시,수요일,강원도 춘천시 효자동,경상사고,0,0,1,0,차대차 - 후진중충돌,안전운전불이행,건조,맑음,단일로 - 기타,승용,남,53세,상해없음,승용,남,29세,경상
2020082600100048,2020년 8월 26일 06시,수요일,강원도 춘천시 근화동,경상사고,0,0,1,0,차대차 - 측면충돌,교차로운행방법위반,건조,맑음,교차로 - 교차로안,승합,남,63세,상해없음,승용,남,54세,경상
2020082600100049,2020년 8월 26일 06시,수요일,강원도 양양군 양양읍,중상사고,0,1,0,0,차대차 - 정면충돌,중앙선침범,건조,맑음,교차로 - 교차로부근,승용,여,59세,상해없음,이륜,남,74세,중상
2020082600100069,2020년 8월 26일 07시,수요일,강원도 화천군 상서면,경상사고,0,0,3,0,차대차 - 측면충돌,안전운전불이행,건조,맑음,교차로 - 교차로부근,화물,남,53세,상해없음,승용,남,40세,경상
2020082600100122,2020년 8월 26일 09시,수요일,강원도 삼척시 원덕읍,경상사고,0,0,1,0,차대차 - 기타,안전운전불이행,건조,맑음,교차로 - 교차로안,원동기,남,41세,경상,화물,남,56세,상해없음
2020082600100174,2020년 8월 26일 11시,수요일,강원도 강릉시 노암동,경상사고,0,0,2,0,차대차 - 측면충돌,안전운전불이행,건조,맑음,교차로 - 교차로안,승용,남,73세,상해없음,승용,남,25세,경상
2020082600100175,2020년 8월 26일 11시,수요일,강원도 양구군 양구읍,중상사고,0,1,4,0,차대차 - 추돌,신호위반,건조,맑음,교차로 - 교차로안,이륜,남,37세,중상,승용,남,43세,경상
2020082600100241,2020년 8월 26일 13시,수요일,강원도 원주시 지정면,중상사고,0,1,0,0,차대차 - 추돌,안전운전불이행,건조,맑음,단일로 - 터널,화물,남,64세,상해없음,화물,남,62세,중상
2020082600100242,2020년 8월 26일 13시,수요일,강원도 원주시 지정면,중상사고,0,2,0,0,차대차 - 추돌,안전거리미확보,건조,맑음,단일로 - 터널,승용,여,22세,기타불명,승용,남,21세,상해없음
2020082600100305,2020년 8월 26일 15시,수요일,강원도 철원군 동송읍,경상사고,0,0,1,0,차대차 - 기타,안전운전불이행,건조,맑음,단일로 - 기타,이륜,남,77세,상해없음,승용,여,60세,경상
2020082600100336,2020년 8월 26일 16시,수요일,강원도 원주시 반곡동,경상사고,0,0,2,0,차대차 - 측면충돌,안전운전불이행,건조,맑음,단일로 - 기타,이륜,남,16세,경상,화물,남,41세,상해없음
2020082600100368,2020년 8월 26일 17시,수요일,강원도 삼척시 근덕면,경상사고,0,0,1,0,차대차 - 기타,안전운전불이행,건조,흐림,단일로 - 기타,화물,남,51세,상해없음,승용,여,59세,경상
2020082600100369,2020년 8월 26일 17시,수요일,강원도 홍천군 홍천읍,경상사고,0,0,2,0,차대차 - 측면충돌,안전거리미확보,건조,맑음,단일로 - 지하차도(도로)내,승용,남,79세,상해없음,승용,여,68세,경상
2020082600100409,2020년 8월 26일 18시,수요일,강원도 원주시 우산동,경상사고,0,0,1,0,차대사람 - 기타,보행자보호의무위반,건조,맑음,단일로 - 기타,승용,남,43세,상해없음,보행자,남,61세,경상
2020082600100435,2020년 8월 26일 19시,수요일,강원도 춘천시 퇴계동,경상사고,0,0,3,0,차대차 - 기타,신호위반,건조,맑음,교차로 - 교차로안,승용,여,22세,상해없음,승용,여,49세,경상
2020082600100436,2020년 8월 26일 19시,수요일,강원도 원주시 일산동,경상사고,0,0,2,0,차대차 - 측면충돌,안전운전불이행,건조,맑음,교차로 - 교차로안,승용,남,29세,경상,원동기,남,43세,경상
2020082600100437,2020년 8월 26일 19시,수요일,강원도 속초시 교동,경상사고,0,0,4,0,차대차 - 측면충돌,교차로운행방법위반,젖음/습기,비,교차로 - 교차로안,승용,남,75세,상해없음,승용,남,25세,경상
2020082700100063,2020년 8월 27일 07시,목요일,강원도 화천군 하남면,경상사고,0,0,3,0,차량단독 - 공작물충돌,안전운전불이행,건조,맑음,단일로 - 기타,승합,남,52세,경상,,,,
2020082700100186,2020년 8월 27일 11시,목요일,강원도 홍천군 화촌면,중상사고,0,1,0,0,차대차 - 측면충돌,안전운전불이행,건조,맑음,단일로 - 기타,화물,남,56세,상해없음,승용,남,57세,중상
2020082700100213,2020년 8월 27일 12시,목요일,강원도 원주시 개운동,경상사고,0,0,1,0,차대차 - 측면충돌,안전거리미확보,건조,흐림,교차로 - 교차로안,화물,남,62세,상해없음,승용,여,41세,경상
2020082700100241,2020년 8월 27일 13시,목요일,강원도 속초시 조양동,중상사고,0,2,1,0,차대차 - 측면충돌,신호위반,건조,맑음,교차로 - 교차로안,승합,남,49세,상해없음,승용,여,49세,중상
2020082700100266,2020년 8월 27일 14시,목요일,강원도 삼척시 정상동,경상사고,0,0,1,0,차대사람 - 기타,안전운전불이행,건조,흐림,단일로 - 기타,승용,여,69세,상해없음,보행자,여,48세,경상