사고번호,사고일시,요일,시군구,사고내용,사망자수,중상자수,경상자수,부상신고자수,사고유형,법규위반,노면상태,기상상태,도로형태,가해운전자 차종,가해운전자 성별,가해운전자 연령,가해운전자 상해정도,피해운전자 차종,피해운전자 성별,피해운전자 연령,피해운전자 상해정도
2020082700100345,2020년 8월 27일 16시,목요일,강원도 고성군 거진읍,중상사고,0,1,0,0,차대차 - 측면충돌,안전운전불이행,건조,맑음,교차로 - 교차로안,승용,남,65세,상해없음,자전거,여,61세,중상
2020082700100422,2020년 8월 27일 18시,목요일,강원도 홍천군 홍천읍,경상사고,0,0,1,0,차대차 - 측면충돌,교차로운행방법위반,젖음/습기,비,교차로 - 교차로안,승용,여,33세,상해없음,승용,남,44세,상해없음
2020082700100451,2020년 8월 27일 19시,목요일,강원도 강릉시 남문동,경상사고,0,0,1,0,차대차 - 측면충돌,중앙선침범,건조,흐림,단일로 - 교량,승용,남,48세,상해없음,승용,남,44세,경상
2020082700100452,2020년 8월 27일 19시,목요일,강원도 횡성군 갑천면,사망사고,1,0,0,0,차량단독 - 공작물충돌,안전운전불이행,건조,맑음,단일로 - 기타,이륜,남,61세,사망,,,,
2020082700100491,2020년 8월 27일 20시,목요일,강원도 원주시 단계동,경상사고,0,0,3,0,차대차 - 측면충돌,신호위반,건조,맑음,교차로 - 교차로안,승용,여,25세,상해없음,승용,남,28세,경상
2020082700100516,2020년 8월 27일 21시,목요일,강원도 원주시 무실동,경상사고,0,0,1,0,차대차 - 추돌,안전운전불이행,젖음/습기,비,단일로 - 기타,승용,남,58세,상해없음,승용,남,23세,경상
2020082800100039,2020년 8월 28일 03시,금요일,강원도 홍천군 내촌면,중상사고,0,1,0,1,차량단독 - 기타,안전운전불이행,젖음/습기,기타,단일로 - 터널,승용,남,31세,상해없음,,,,
2020082800100076,2020년 8월 28일 07시,금요일,강원도 원주시 흥업면,경상사고,0,0,1,0,차대사람 - 기타,안전운전불이행,건조,맑음,단일로 - 기타,화물,남,58세,상해없음,보행자,남,59세,경상
2020082800100128,2020년 8월 28일 09시,금요일,강원도 속초시 조양동,중상사고,0,1,0,0,차대사람 - 횡단중,안전운전불이행,건조,맑음,교차로 - 교차로안,승용,남,78세,상해없음,보행자,여,84세,중상
2020082800100157,2020년 8월 28일 10시,금요일,강원도 강릉시 교동,경상사고,0,0,1,0,차대차 - 측면충돌,안전운전불이행,건조,맑음,교차로 - 교차로안,승용,남,61세,상해없음,승용,남,21세,경상
2020082800100187,2020년 8월 28일 11시,금요일,강원도 평창군 평창읍,중상사고,0,1,0,0,차대차 - 측면충돌,직진우회전진행방해,건조,맑음,교차로 - 교차로부근,승용,여,51세,상해없음,승용,여,72세,중상
2020082800100222,2020년 8월 28일 12시,금요일,강원도 홍천군 홍천읍,경상사고,0,0,1,0,차대차 - 후진중충돌,안전운전불이행,건조,맑음,단일로 - 지하차도(도로)내,승용,남,68세,상해없음,특수,남,29세,경상
2020082800100252,2020년 8월 28일 13시,금요일,강원도 원주시 명륜동,중상사고,0,1,0,0,차대차 - 측면충돌,신호위반,건조,맑음,교차로 - 교차로안,이륜,남,63세,중상,승합,남,47세,상해없음
2020082800100253,2020년 8월 28일 13시,금요일,강원도 영월군 중동면,중상사고,0,1,0,0,차대차 - 측면충돌,교차로운행방법위반,건조,맑음,교차로 - 교차로안,승용,남,68세,상해없음,승용,여,69세,중상
2020082800100254,2020년 8월 28일 13시,금요일,강원도 영월군 영월읍,경상사고,0,0,3,0,차대차 - 측면충돌,안전거리미확보,건조,흐림,단일로 - 고가도로위,건설기계,남,63세,상해없음,승용,여,27세,경상
2020082800100293,2020년 8월 28일 14시,금요일,강원도 화천군 하남면,중상사고,0,1,0,0,차대차 - 추돌,교차로운행방법위반,건조,맑음,교차로 - 교차로안,건설기계,남,58세,상해없음,승용,여,48세,중상
2020082800100294,2020년 8월 28일 14시,금요일,강원도 인제군 인제읍,중상사고,0,1,1,0,차대차 - 측면충돌,과속,건조,맑음,교차로 - 교차로안,승용,남,27세,중상,승합,남,29세,경상
2020082800100329,2020년 8월 28일 15시,금요일,강원도 강릉시 교동,경상사고,0,0,2,0,차대차 - 측면충돌,안전운전불이행,건조,맑음,교차로 - 교차로안,승용,남,53세,상해없음,화물,남,69세,경상
2020082800100375,2020년 8월 28일 16시,금요일,강원도 춘천시 서면,경상사고,0,0,1,0,차량단독 - 기타,안전운전불이행,건조,맑음,단일로 - 기타,이륜,남,54세,경상,,,,
2020082800100376,2020년 8월 28일 16시,금요일,강원도 원주시 무실동,경상사고,0,0,4,0,차대차 - 측면충돌,직진우회전진행방해,건조,맑음,교차로 - 교차로안,승용,남,64세,경상,승용,여,42세,경상
2020082800100516,2020년 8월 28일 19시,금요일,강원도 원주시 단구동,중상사고,0,2,0,0,차대차 - 측면충돌,안전운전불이행,건조,맑음,교차로 - 교차로안,승용,남,63세,상해없음,승용,남,40세,중상
2020082800100554,2020년 8월 28일 20시,금요일,강원도 강릉시 포남동,중상사고,0,1,0,0,차대차 - 정면충돌,안전운전불이행,건조,맑음,교차로 - 교차로부근,승용,남,60세,상해없음,승용,남,52세,중상
2020082800100620,2020년 8월 28일 22시,금요일,강원도 원주시 명륜동,경상사고,0,0,1,0,차대차 - 측면충돌,신호위반,젖음/습기,비,교차로 - 교차로안,승합,남,51세,상해없음,승용,여,30세,경상
2020082800100648,2020년 8월 28일 23시,금요일,강원도 원주시 단구동,경상사고,0,0,2,0,차대차 - 추돌,안전운전불이행,젖음/습기,비,기타 - 기타,승용,남,35세,상해없음,승용,남,30세,경상
2020082900100030,2020년 8월 29일 01시,토요일,강원도 춘천시 석사동,경상사고,0,0,2,0,차대차 - 측면충돌,교차로운행방법위반,건조,맑음,교차로 - 교차로안,승용,남,37세,상해없음,승용,남,57세,경상
2020082900100031,2020년 8월 29일 01시,토요일,강원도 속초시 교동,중상사고,0,1,0,0,차대차 - 측면충돌,안전운전불이행,젖음/습기,비,단일로 - 기타,승용,남,21세,상해없음,이륜,남,23세,중상
2020082900100041,2020년 8월 29일 02시,토요일,강원도 원주시 단계동,경상사고,0,0,1,0,차량단독 - 기타,안전운전불이행,젖음/습기,비,교차로 - 교차로안,승용,남,69세,상해없음,,,,
2020082900100069,2020년 8월 29일 05시,토요일,강원도 강릉시 노암동,사망사고,1,0,0,1,차량단독 - 공작물충돌,안전운전불이행,건조,맑음,단일로 - 기타,승용,남,46세,부상신고,,,,
2020082900100084,2020년 8월 29일 06시,토요일,강원도 강릉시 교동,중상사고,0,1,0,0,차대사람 - 기타,안전운전불이행,건조,맑음,기타 - 기타,승용,여,66세,상해없음,보행자,남,77세,중상
2020082900100100,2020년 8월 29일 07시,토요일,강원도 양구군 양구읍,중상사고,0,1,1,0,차대차 - 측면충돌,직진우회전진행방해,젖음/습기,흐림,교차로 - 교차로안,승합,남,62세,상해없음,화물,남,61세,중상
2020082900100113,2020년 8월 29일 08시,토요일,강원도 양양군 양양읍,중상사고,0,2,0,0,차대차 - 측면충돌,안전거리미확보,건조,맑음,교차로 - 교차로부근,이륜,남,79세,중상,승용,여,54세,상해없음
2020082900100136,2020년 8월 29일 09시,토요일,강원도 양양군 양양읍,경상사고,0,0,1,0,차대차 - 측면충돌,안전운전불이행,건조,맑음,교차로 - 교차로안,승용,남,62세,상해없음,승용,여,62세,경상
2020082900100233,2020년 8월 29일 12시,토요일,강원도 강릉시 노암동,경상사고,0,0,1,0,차대차 - 기타,안전운전불이행,건조,맑음,교차로 - 교차로안,승용,남,65세,상해없음,이륜,남,41세,경상
2020082900100234,2020년 8월 29일 12시,토요일,강원도 강릉시 옥계면,경상사고,0,0,1,0,차대차 - 기타,안전운전불이행,건조,맑음,단일로 - 기타,화물,남,34세,상해없음,승용,남,41세,상해없음
2020082900100271,2020년 8월 29일 13시,토요일,강원도 원주시 부론면,중상사고,0,1,0,0,차대차 - 추돌,안전운전불이행,건조,맑음,기타 - 기타,승용,여,52세,상해없음,승용,여,26세,기타불명
2020082900100300,2020년 8월 29일 14시,토요일,강원도 횡성군 횡성읍,경상사고,0,0,1,0,차대차 - 후진중충돌,안전운전불이행,건조,맑음,주차장 - 주차장,승용,남,57세,상해없음,화물,남,41세,경상
2020082900100394,2020년 8월 29일 17시,토요일,강원도 태백시 황지동,경상사고,0,0,1,0,차대차 - 측면충돌,안전운전불이행,건조,흐림,교차로 - 교차로안,화물,남,71세,상해없음,승용,남,52세,경상
2020082900100395,2020년 8월 29일 17시,토요일,강원도 고성군 간성읍,중상사고,0,2,0,0,차대차 - 정면충돌,안전운전불이행,건조,맑음,교차로 - 교차로안,승용,남,24세,상해없음,승용,여,61세,중상
2020082900100420,2020년 8월 29일 18시,토요일,강원도 강릉시 포남동,경상사고,0,0,3,0,차대차 - 기타,신호위반,건조,맑음,교차로 - 교차로안,화물,남,79세,상해없음,화물,남,21세,경상
2020082900100421,2020년 8월 29일 18시,토요일,강원도 홍천군 홍천읍,경상사고,0,0,1,0,차대차 - 정면충돌,중앙선침범,젖음/습기,비,단일로 - 교량,승용,남,52세,상해없음,승용,남,55세,경상
2020082900100492,2020년 8월 29일 20시,토요일,강원도 동해시 대구동,경상사고,0,0,2,0,차대차 - 측면충돌,안전거리미확보,젖음/습기,비,단일로 - 기타,승용,남,57세,상해없음,승용,남,21세,경상
2020082900100528,2020년 8월 29일 21시,토요일,강원도 인제군 북면,중상사고,0,4,0,0,차대차 - 기타,안전운전불이행,젖음/습기,비,교차로 - 교차로안,승용,남,39세,상해없음,승용,남,50세,중상
2020082900100547,2020년 8월 29일 22시,토요일,강원도 원주시 우산동,경상사고,0,0,4,0,차대차 - 추돌,안전운전불이행,젖음/습기,비,교차로 - 교차로부근,승용,여,44세,상해없음,승용,남,31세,경상
2020082900100568,2020년 8월 29일 23시,토요일,강원도 원주시 개운동,경상사고,0,0,2,0,차대차 - 추돌,안전운전불이행,젖음/습기,비,교차로 - 교차로부근,승용,여,48세,기타불명,승용,여,50세,경상
2020083000100010,2020년 8월 30일 00시,일요일,강원도 원주시 태장동,중상사고,0,1,0,0,차대차 - 추돌,안전운전불이행,젖음/습기,비,단일로 - 기타,승용,남,31세,상해없음,승용,여,42세,중상
2020083000100056,2020년 8월 30일 05시,일요일,강원도 동해시 천곡동,중상사고,0,1,1,0,차대차 - 측면충돌,신호위반,건조,맑음,교차로 - 교차로안,화물,남,62세,상해없음,화물,남,81세,중상
2020083000100063,2020년 8월 30일 06시,일요일,강원도 철원군 갈말읍,중상사고,0,2,0,0,차량단독 - 기타,안전운전불이행,건조,맑음,단일로 - 기타,승합,남,60세,상해없음,,,,
2020083000100074,2020년 8월 30일 07시,일요일,강원도 춘천시 효자동,중상사고,0,1,1,0,차대차 - 측면충돌,신호위반,건조,맑음,교차로 - 교차로안,이륜,남,43세,중상,승용,남,35세,경상
2020083000100075,2020년 8월 30일 07시,일요일,강원도 춘천시 신동면,경상사고,0,0,1,0,차량단독 - 공작물충돌,안전운전불이행,젖음/습기,흐림,단일로 - 기타,승용,남,24세,상해없음,,,,
2020083000100149,2020년 8월 30일 12시,일요일,강원도 원주시 무실동,경상사고,0,0,1,0,차대차 - 추돌,안전운전불이행,건조,맑음,교차로 - 교차로안,승용,남,30세,상해없음,승용,남,28세,경상
2020083000100150,2020년 8월 30일 12시,일요일,강원도 고성군 거진읍,경상사고,0,0,2,0,차대차 - 측면충돌,안전운전불이행,건조,맑음,단일로 - 기타,승용,남,53세,상해없음,승용,여,35세,경상
2020083000100206,2020년 8월 30일 14시,일요일,강원도 원주시 소초면,중상사고,0,1,0,0,차대차 - 측면충돌,안전운전불이행,건조,흐림,단일로 - 기타,승용,여,74세,상해없음,이륜,남,57세,중상
2020083000100207,2020년 8월 30일 14시,일요일,강원도 원주시 태장동,경상사고,0,0,1,0,차대사람 - 횡단중,보행자보호의무위반,젖음/습기,비,교차로 - 교차로횡단보도내,승용,남,24세,상해없음,보행자,여,15세,경상
2020083000100208,2020년 8월 30일 14시,일요일,강원도 평창군 진부면,사망사고,1,0,0,0,차량단독 - 도로외이탈 - 추락,안전거리미확보,건조,기타,기타 - 기타,승용,남,67세,사망,,,,
2020083000100240,2020년 8월 30일 15시,일요일,강원도 원주시 중앙동,경상사고,0,0,1,0,차대사람 - 차도통행중,안전운전불이행,젖음/습기,맑음,단일로 - 기타,승용,여,49세,상해없음,보행자,남,62세,경상
2020083000100346,2020년 8월 30일 19시,일요일,강원도 원주시 우산동,경상사고,0,0,1,0,차대차 - 측면충돌,안전운전불이행,건조,흐림,기타 - 기타,승용,남,75세,상해없음,이륜,남,45세,경상
2020083000100347,2020년 8월 30일 19시,일요일,강원도 태백시 문곡동,경상사고,0,0,2,0,차대차 - 추돌,안전운전불이행,건조,맑음,단일로 - 기타,화물,남,73세,상해없음,승용,남,57세,경상
2020083000100417,2020년 8월 30일 22시,일요일,강원도 원주시 개운동,경상사고,0,0,2,1,차대차 - 추돌,직진우회전진행방해,건조,맑음,교차로 - 교차로안,승용,남,18세,부상신고,화물,남,48세,경상
2020083000100418,2020년 8월 30일 22시,일요일,강원도 양양군 강현면,중상사고,0,1,0,0,차대사람 - 차도통행중,안전운전불이행,젖음/습기,비,단일로 - 기타,승용,남,60세,상해없음,보행자,남,57세,중상
2020083100100122,2020년 8월 31일 09시,월요일,강원도 영월군 영월읍,중상사고,0,1,0,0,차대차 - 추돌,안전거리미확보,건조,맑음,단일로 - 고가도로위,승용,여,38세,상해없음,승용,여,27세,중상
2020083100100177,2020년 8월 31일 11시,월요일,강원도 원주시 지정면,중상사고,0,2,1,0,차대차 - 측면충돌,신호위반,건조,맑음,교차로 - 교차로안,승용,남,30세,상해없음,화물,남,57세,중상
2020083100100178,2020년 8월 31일 11시,월요일,강원도 원주시 태장동,경상사고,0,0,3,0,차대차 - 측면충돌,안전운전불이행,건조,맑음,교차로 - 교차로안,승용,남,68세,상해없음,승용,남,40세,경상
2020083100100179,2020년 8월 31일 11시,월요일,강원도 영월군 영월읍,부상신고사고,0,0,0,1,차대사람 - 차도통행중,교차로운행방법위반,건조,맑음,교차로 - 교차로안,승용,여,59세,상해없음,보행자,여,45세,부상신고
2020083100100180,2020년 8월 31일 11시,월요일,강원도 태백시 황지동,경상사고,0,0,2,0,차대차 - 측면충돌,교차로운행방법위반,젖음/습기,흐림,교차로 - 교차로안,사륜오토바이(ATV),남,75세,경상,승용,여,58세,경상
2020083100100208,2020년 8월 31일 12시,월요일,강원도 춘천시 후평동,중상사고,0,1,0,0,차대차 - 측면충돌,직진우회전진행방해,건조,맑음,교차로 - 교차로안,화물,남,61세,상해없음,이륜,남,48세,중상
2020083100100238,2020년 8월 31일 13시,월요일,강원도 춘천시 후평동,경상사고,0,0,1,0,차대차 - 측면충돌,안전운전불이행,건조,흐림,교차로 - 교차로안,승용,여,31세,상해없음,승용,여,63세,경상
2020083100100266,2020년 8월 31일 14시,월요일,강원도 춘천시 효자동,경상사고,0,0,2,0,차대차 - 기타,차로위반,건조,맑음,단일로 - 기타,화물,남,49세,상해없음,승용,남,39세,경상
2020083100100267,2020년 8월 31일 14시,월요일,강원도 동해시 발한동,중상사고,0,1,0,0,차대사람 - 기타,안전운전불이행,건조,맑음,단일로 - 기타,승용,남,52세,상해없음,보행자,남,66세,중상
2020083100100312,2020년 8월 31일 15시,월요일,강원도 춘천시 운교동,경상사고,0,0,1,0,차대차 - 측면충돌,안전운전불이행,건조,맑음,교차로 - 교차로안,승용,여,58세,상해없음,승용,여,57세,경상
2020083100100348,2020년 8월 31일 16시,월요일,강원도 강릉시 포남동,경상사고,0,0,1,0,차대사람 - 기타,신호위반,건조,맑음,교차로 - 교차로횡단보도내,자전거,남,36세,기타불명,보행자,여,72세,경상
2020083100100349,2020년 8월 31일 16시,월요일,강원도 홍천군 홍천읍,경상사고,0,0,3,0,차대차 - 추돌,안전운전불이행,건조,맑음,교차로 - 교차로안,화물,남,38세,상해없음,승용,남,54세,경상
2020083100100350,2020년 8월 31일 16시,월요일,강원도 횡성군 공근면,중상사고,0,1,0,0,차대차 - 측면충돌,안전운전불이행,건조,맑음,교차로 - 교차로안,화물,남,51세,상해없음,자전거,남,81세,중상
2020083100100385,2020년 8월 31일 17시,월요일,강원도 춘천시 효자동,경상사고,0,0,1,0,차대차 - 측면충돌,안전운전불이행,건조,맑음,단일로 - 기타,화물,남,66세,상해없음,승용,남,60세,경상
2020083100100421,2020년 8월 31일 18시,월요일,강원도 원주시 개운동,중상사고,0,1,2,0,차대차 - 측면충돌,신호위반,건조,맑음,교차로 - 교차로안,이륜,남,41세,중상,승용,남,53세,경상
2020083100100422,2020년 8월 31일 18시,월요일,강원도 속초시 도문동,경상사고,0,0,3,0,차대차 - 기타,교차로운행방법위반,건조,맑음,교차로 - 교차로안,승용,남,36세,상해없음,승용,남,21세,경상
2020083100100423,2020년 8월 31일 18시,월요일,강원도 횡성군 우천면,경상사고,0,0,1,0,차대차 - 정면충돌,안전운전불이행,건조,맑음,교차로 - 교차로안,승용,남,44세,상해없음,화물,여,63세,경상
2020083100100424,2020년 8월 31일 18시,월요일,강원도 동해시 발한동,경상사고,0,0,1,0,차대차 - 측면충돌,교차로운행방법위반,건조,흐림,교차로 - 교차로안,승용,남,63세,상해없음,승용,남,44세,경상
2020083100100467,2020년 8월 31일 19시,월요일,강원도 원주시 반곡동,중상사고,0,1,0,0,차대차 - 측면충돌,신호위반,건조,맑음,교차로 - 교차로안,승용,남,72세,상해없음,자전거,여,65세,중상
2020083100100468,2020년 8월 31일 19시,월요일,강원도 동해시 동회동,중상사고,0,1,0,0,차대사람 - 기타,안전운전불이행,건조,흐림,단일로 - 기타,승용,남,28세,상해없음,보행자,남,51세,중상
2020083100100511,2020년 8월 31일 20시,월요일,강원도 원주시 소초면,중상사고,0,1,0,0,차대차 - 후진중충돌,안전운전불이행,건조,흐림,단일로 - 기타,화물,남,61세,상해없음,이륜,남,45세,중상
2020083100100544,2020년 8월 31일 21시,월요일,강원도 삼척시 남양동,경상사고,0,0,1,0,차대사람 - 횡단중,안전운전불이행,건조,맑음,교차로 - 교차로횡단보도내,승용,남,67세,상해없음,보행자,남,74세,경상
2020083100100555,2020년 8월 31일 22시,월요일,강원도 속초시 교동,경상사고,0,0,5,0,차대차 - 추돌,안전운전불이행,젖음/습기,흐림,단일로 - 기타,승용,여,66세,상해없음,승용,여,55세,경상
2020083100100572,2020년 8월 31일 23시,월요일,강원도 홍천군 홍천읍,경상사고,0,0,2,0,차대차 - 추돌,안전거리미확보,건조,맑음,단일로 - 기타,화물,남,55세,상해없음,승용,여,53세,경상
2020090100100020,2020년 9월 1일 03시,화요일,강원도 원주시 관설동,중상사고,0,1,0,0,차량단독 - 기타,안전운전불이행,건조,맑음,교차로 - 교차로안,승용,남,34세,상해없음,,,,
2020090100100087,2020년 9월 1일 08시,화요일,강원도 춘천시 온의동,경상사고,0,0,1,0,차대차 - 기타,신호위반,건조,맑음,교차로 - 교차로안,승용,여,31세,상해없음,자전거,남,12세,경상
2020090100100117,2020년 9월 1일 09시,화요일,강원도 원주시 단계동,경상사고,0,0,3,0,차대차 - 추돌,안전운전불이행,건조,맑음,교차로 - 교차로안,화물,남,35세,상해없음,승용,남,18세,경상
2020090100100118,2020년 9월 1일 09시,화요일,강원도 속초시 교동,중상사고,0,1,0,0,차대사람 - 길가장자리구역통행중,안전운전불이행,건조,맑음,교차로 - 교차로부근,승용,남,74세,상해없음,보행자,여,61세,중상
2020090100100119,2020년 9월 1일 09시,화요일,강원도 삼척시 교동,경상사고,0,0,1,0,차대차 - 측면충돌,안전운전불이행,건조,맑음,단일로 - 기타,승용,남,70세,상해없음,승용,여,58세,경상
2020090100100144,2020년 9월 1일 10시,화요일,강원도 강릉시 포남동,경상사고,0,0,2,0,차대차 - 측면충돌,안전운전불이행,건조,맑음,교차로 - 교차로안,승용,남,77세,상해없음,승용,남,78세,경상
2020090100100145,2020년 9월 1일 10시,화요일,강원도 속초시 교동,경상사고,0,0,1,0,차대차 - 측면충돌,안전운전불이행,건조,맑음,교차로 - 교차로안,화물,남,49세,상해없음,승용,남,82세,경상
2020090100100167,2020년 9월 1일 11시,화요일,강원도 인제군 상남면,중상사고,0,1,1,0,차대차 - 추돌,안전운전불이행,건조,맑음,단일로 - 기타,승용,남,50세,상해없음,승용,남,38세,중상
2020090100100190,2020년 9월 1일 12시,화요일,강원도 원주시 소초면,경상사고,0,0,2,0,차대차 - 추돌,안전거리미확보,건조,맑음,단일로 - 기타,화물,남,61세,상해없음,승용,남,51세,경상
2020090100100218,2020년 9월 1일 13시,화요일,강원도 춘천시 효자동,경상사고,0,0,1,0,차대차 - 측면충돌,안전운전불이행,건조,맑음,교차로 - 교차로안,개인형이동수단(PM),남,21세,상해없음,이륜,남,32세,경상
2020090100100258,2020년 9월 1일 14시,화요일,강원도 홍천군 북방면,경상사고,0,0,1,0,차대차 - 정면충돌,안전운전불이행,건조,맑음,단일로 - 지하차도(도로)내,화물,남,53세,상해없음,건설기계,남,51세,경상
2020090100100287,2020년 9월 1일 15시,화요일,강원도 동해시 발한동,경상사고,0,0,1,0,차대차 - 추돌,안전운전불이행,건조,맑음,단일로 - 기타,화물,남,79세,상해없음,승용,남,66세,경상
2020090100100322,2020년 9월 1일 16시,화요일,강원도 춘천시 온의동,경상사고,0,0,1,0,차대차 - 측면충돌,기타,건조,맑음,단일로 - 기타,승용,여,19세,상해없음,이륜,남,24세,경상
2020090100100323,2020년 9월 1일 16시,화요일,강원도 횡성군 안흥면,경상사고,0,0,2,0,차대차 - 정면충돌,안전운전불이행,건조,맑음,교차로 - 교차로안,승용,남,75세,상해없음,승용,여,33세,경상
2020090100100366,2020년 9월 1일 17시,화요일,강원도 춘천시 효자동,중상사고,0,1,0,0,차대차 - 기타,직진우회전진행방해,건조,맑음,교차로 - 교차로안,승용,남,23세,상해없음,승용,여,24세,중상
2020090100100367,2020년 9월 1일 17시,화요일,강원도 강릉시 입암동,경상사고,0,0,1,0,차대차 - 측면충돌,안전운전불이행,건조,맑음,교차로 - 교차로안,승용,남,61세,상해없음,승용,남,45세,경상
2020090100100368,2020년 9월 1일 17시,화요일,강원도 원주시 태장동,중상사고,0,1,0,0,차대차 - 정면충돌,중앙선침범,건조,흐림,단일로 - 기타,승용,남,65세,상해없음,이륜,남,28세,중상
2020090100100369,2020년 9월 1일 17시,화요일,강원도 양양군 강현면,경상사고,0,0,1,0,차대차 - 측면충돌,안전운전불이행,건조,맑음,교차로 - 교차로안,승용,남,50세,상해없음,이륜,남,59세,경상
2020090100100410,2020년 9월 1일 18시,화요일,강원도 원주시 태장동,중상사고,0,1,1,0,차대차 - 추돌,안전거리미확보,건조,맑음,단일로 - 기타,승합,남,62세,상해없음,승용,남,39세,경상
2020090100100411,2020년 9월 1일 18시,화요일,강원도 원주시 반곡동,경상사고,0,0,1,0,차대차 - 측면충돌,교차로운행방법위반,건조,맑음,단일로 - 기타,승용,여,29세,상해없음,승합,남,45세,경상
2020090100100481,2020년 9월 1일 20시,화요일,강원도 원주시 학성동,경상사고,0,0,1,0,차대차 - 후진중충돌,안전운전불이행,건조,맑음,교차로 - 교차로부근,화물,여,59세,상해없음,승용,여,33세,경상
2020090100100546,2020년 9월 1일 23시,화요일,강원도 강릉시 용강동,경상사고,0,0,2,0,차대차 - 측면충돌,안전운전불이행,건조,흐림,단일로 - 기타,승용,남,33세,상해없음,원동기,남,56세,경상
2020090200100020,2020년 9월 2일 02시,수요일,강원도 원주시 명륜동,경상사고,0,0,1,0,차대차 - 측면충돌,안전거리미확보,젖음/습기,비,기타 - 기타,승용,남,31세,상해없음,승용,남,39세,상해없음
2020090200100084,2020년 9월 2일 08시,수요일,강원도 평창군 대관령면,경상사고,0,0,1,0,차대차 - 측면충돌,안전운전불이행,젖음/습기,비,단일로 - 기타,화물,남,65세,상해없음,승용,남,52세,경상
2020090200100133,2020년 9월 2일 10시,수요일,강원도 원주시 봉산동,부상신고사고,0,0,0,1,차대차 - 측면충돌,직진우회전진행방해,젖음/습기,비,교차로 - 교차로안,이륜,남,44세,기타불명,승용,남,62세,부상신고
2020090200100134,2020년 9월 2일 10시,수요일,강원도 원주시 학성동,중상사고,0,1,0,0,차대사람 - 횡단중,신호위반,건조,맑음,단일로 - 기타,승용,여,72세,상해없음,보행자,남,66세,중상
2020090200100135,2020년 9월 2일 10시,수요일,강원도 홍천군 북방면,중상사고,0,2,0,0,차대차 - 측면충돌,안전운전불이행,젖음/습기,비,단일로 - 지하차도(도로)내,승합,남,47세,상해없음,농기계,남,80세,중상
2020090200100136,2020년 9월 2일 10시,수요일,강원도 철원군 근남면,중상사고,0,2,0,0,차대차 - 기타,중앙선침범,건조,맑음,기타 - 기타,화물,남,53세,상해없음,승용,남,54세,중상
2020090200100158,2020년 9월 2일 11시,수요일,강원도 춘천시 효자동,중상사고,0,1,0,0,차대사람 - 보도통행중,기타,젖음/습기,비,교차로 - 교차로안,승용,여,56세,상해없음,보행자,여,36세,중상
2020090200100159,2020년 9월 2일 11시,수요일,강원도 평창군 방림면,경상사고,0,0,1,0,차대차 - 정면충돌,중앙선침범,젖음/습기,비,기타 - 기타,화물,남,40세,상해없음,승용,여,29세,경상
2020090200100172,2020년 9월 2일 12시,수요일,강원도 춘천시 석사동,경상사고,0,0,1,0,차대차 - 측면충돌,교차로운행방법위반,젖음/습기,비,교차로 - 교차로안,승용,남,63세,상해없음,승용,여,46세,경상
2020090200100173,2020년 9월 2일 12시,수요일,강원도 동해시 이도동,경상사고,0,0,1,0,차대차 - 측면충돌,교차로운행방법위반,젖음/습기,비,교차로 - 교차로안,화물,남,53세,상해없음,승합,남,52세,경상
2020090200100195,2020년 9월 2일 13시,수요일,강원도 강릉시 교동,중상사고,0,1,0,0,차대차 - 기타,안전운전불이행,건조,맑음,교차로 - 교차로안,승용,남,29세,상해없음,화물,남,45세,중상
2020090200100249,2020년 9월 2일 15시,수요일,강원도 동해시 발한동,중상사고,0,1,2,0,차대차 - 측면충돌,중앙선침범,젖음/습기,비,단일로 - 기타,승용,여,34세,상해없음,승용,여,40세,경상
2020090200100280,2020년 9월 2일 16시,수요일,강원도 동해시 부곡동,경상사고,0,0,1,0,차대차 - 측면충돌,안전운전불이행,젖음/습기,비,교차로 - 교차로안,승용,남,48세,상해없음,이륜,남,40세,경상
2020090200100348,2020년 9월 2일 18시,수요일,강원도 춘천시 효자동,경상사고,0,0,1,0,차대차 - 기타,안전운전불이행,젖음/습기,비,단일로 - 기타,승용,남,61세,상해없음,이륜,남,20세,경상
2020090200100349,2020년 9월 2일 18시,수요일,강원도 원주시 단구동,경상사고,0,0,1,0,차대사람 - 기타,보행자보호의무위반,젖음/습기,비,교차로 - 교차로횡단보도내,승용,남,21세,상해없음,보행자,여,47세,경상
2020090200100350,2020년 9월 2일 18시,수요일,강원도 평창군 봉평면,중상사고,0,1,1,0,차대차 - 기타,안전운전불이행,건조,맑음,교차로 - 교차로안,승용,남,65세,경상,화물,남,49세,중상
2020090200100387,2020년 9월 2일 19시,수요일,강원도 철원군 동송읍,경상사고,0,0,1,0,차대차 - 추돌,안전운전불이행,건조,맑음,교차로 - 교차로부근,승용,여,49세,상해없음,승용,남,50세,경상
2020090200100447,2020년 9월 2일 20시,수요일,강원도 원주시 단구동,경상사고,0,0,2,0,차대차 - 측면충돌,신호위반,젖음/습기,비,교차로 - 교차로안,승용,여,68세,상해없음,승용,남,24세,경상
2020090300100027,2020년 9월 3일 02시,목요일,강원도 춘천시 효자동,중상사고,0,1,0,0,차대사람 - 기타,안전운전불이행,젖음/습기,비,단일로 - 기타,승용,남,28세,상해없음,보행자,남,47세,중상