사고번호,사고일시,요일,시군구,사고내용,사망자수,중상자수,경상자수,부상신고자수,사고유형,법규위반,노면상태,기상상태,도로형태,가해운전자 차종,가해운전자 성별,가해운전자 연령,가해운전자 상해정도,피해운전자 차종,피해운전자 성별,피해운전자 연령,피해운전자 상해정도
2020091000100202,2020년 9월 10일 12시,목요일,강원도 원주시 태장동,중상사고,0,1,0,0,차대차 - 기타,교차로운행방법위반,건조,맑음,교차로 - 교차로횡단보도내,승용,남,61세,상해없음,자전거,여,55세,중상
2020091000100232,2020년 9월 10일 13시,목요일,강원도 원주시 반곡동,중상사고,0,1,0,0,차대차 - 추돌,교차로운행방법위반,건조,맑음,교차로 - 교차로부근,승용,남,55세,상해없음,이륜,남,27세,중상
2020091000100233,2020년 9월 10일 13시,목요일,강원도 원주시 신림면,중상사고,0,1,0,0,차대차 - 정면충돌,중앙선침범,건조,맑음,단일로 - 기타,승용,여,71세,상해없음,승용,남,68세,중상
2020091000100258,2020년 9월 10일 14시,목요일,강원도 삼척시 정상동,경상사고,0,0,1,0,차대차 - 측면충돌,안전운전불이행,건조,맑음,교차로 - 교차로안,승용,남,31세,상해없음,승용,여,50세,경상
2020091000100259,2020년 9월 10일 14시,목요일,강원도 철원군 갈말읍,경상사고,0,0,1,0,차대차 - 기타,기타,건조,맑음,교차로 - 교차로부근,승용,여,54세,상해없음,승합,남,52세,경상
2020091000100325,2020년 9월 10일 16시,목요일,강원도 삼척시 교동,경상사고,0,0,1,0,차대차 - 추돌,안전거리미확보,건조,맑음,교차로 - 교차로안,건설기계,남,38세,상해없음,화물,남,56세,경상
2020091000100326,2020년 9월 10일 16시,목요일,강원도 정선군 임계면,중상사고,0,1,0,0,차대사람 - 기타,안전운전불이행,건조,맑음,단일로 - 기타,승용,남,72세,상해없음,보행자,남,56세,중상
2020091000100433,2020년 9월 10일 18시,목요일,강원도 춘천시 근화동,경상사고,0,0,3,0,차대차 - 추돌,안전거리미확보,건조,맑음,교차로 - 교차로부근,승용,여,64세,경상,승용,여,23세,경상
2020091000100434,2020년 9월 10일 18시,목요일,강원도 홍천군 홍천읍,경상사고,0,0,2,0,차대차 - 측면충돌,직진우회전진행방해,건조,맑음,교차로 - 교차로안,승용,남,24세,상해없음,승용,여,53세,경상
2020091000100472,2020년 9월 10일 19시,목요일,강원도 원주시 중앙동,경상사고,0,0,1,0,차대사람 - 길가장자리구역통행중,안전운전불이행,건조,맑음,단일로 - 기타,승합,남,59세,상해없음,보행자,여,21세,경상
2020091000100474,2020년 9월 10일 19시,목요일,강원도 평창군 평창읍,경상사고,0,0,2,0,차대차 - 추돌,안전운전불이행,건조,맑음,기타 - 기타,화물,남,73세,상해없음,승용,여,30세,경상
2020091000100539,2020년 9월 10일 21시,목요일,강원도 춘천시 신북읍,경상사고,0,0,4,0,차대차 - 추돌,안전운전불이행,건조,맑음,단일로 - 기타,승용,여,43세,상해없음,승용,남,21세,경상
2020091000100540,2020년 9월 10일 21시,목요일,강원도 속초시 조양동,경상사고,0,0,1,0,차대차 - 측면충돌,기타,건조,맑음,교차로 - 교차로부근,이륜,남,32세,상해없음,승용,여,49세,경상
2020091100100014,2020년 9월 11일 01시,금요일,강원도 춘천시 신북읍,사망사고,1,1,0,0,차량단독 - 공작물충돌,안전운전불이행,건조,맑음,교차로 - 교차로안,승용,남,21세,상해없음,,,,
2020091100100095,2020년 9월 11일 08시,금요일,강원도 원주시 흥업면,부상신고사고,0,0,0,1,차대사람 - 기타,안전운전불이행,기타,맑음,기타 - 기타,화물,남,70세,상해없음,보행자,여,65세,부상신고
2020091100100204,2020년 9월 11일 12시,금요일,강원도 홍천군 홍천읍,중상사고,0,1,0,0,차대차 - 측면충돌,교차로운행방법위반,건조,맑음,교차로 - 교차로안,자전거,여,55세,중상,승용,남,55세,상해없음
2020091100100232,2020년 9월 11일 13시,금요일,강원도 철원군 동송읍,경상사고,0,0,1,0,차대차 - 측면충돌,직진우회전진행방해,건조,맑음,교차로 - 교차로안,승합,남,37세,상해없음,승용,남,57세,경상
2020091100100283,2020년 9월 11일 15시,금요일,강원도 삼척시 오분동,경상사고,0,0,1,0,차대차 - 추돌,안전운전불이행,건조,맑음,단일로 - 기타,화물,남,80세,상해없음,화물,남,43세,경상
2020091100100319,2020년 9월 11일 16시,금요일,강원도 원주시 명륜동,경상사고,0,0,3,0,차대차 - 기타,신호위반,건조,맑음,교차로 - 교차로안,승용,여,52세,상해없음,승용,남,60세,상해없음
2020091100100365,2020년 9월 11일 17시,금요일,강원도 강릉시 성산면,경상사고,0,0,1,0,차대차 - 측면충돌,중앙선침범,건조,맑음,단일로 - 기타,화물,남,63세,상해없음,승합,남,34세,경상
2020091100100366,2020년 9월 11일 17시,금요일,강원도 원주시 반곡동,경상사고,0,0,1,0,차대차 - 측면충돌,교차로운행방법위반,건조,맑음,교차로 - 교차로부근,승용,여,46세,상해없음,승용,남,44세,경상
2020091100100367,2020년 9월 11일 17시,금요일,강원도 동해시 동회동,경상사고,0,0,1,0,차대차 - 측면충돌,안전운전불이행,건조,맑음,교차로 - 교차로안,화물,남,72세,상해없음,승용,여,50세,경상
2020091100100480,2020년 9월 11일 19시,금요일,강원도 원주시 판부면,사망사고,1,0,0,0,차대사람 - 차도통행중,보행자보호의무위반,젖음/습기,비,단일로 - 기타,승용,남,28세,상해없음,보행자,남,65세,사망
2020091100100481,2020년 9월 11일 19시,금요일,강원도 동해시 발한동,중상사고,0,1,0,0,차대사람 - 횡단중,보행자보호의무위반,건조,맑음,교차로 - 교차로횡단보도내,승용,여,52세,상해없음,보행자,남,57세,중상
2020091100100548,2020년 9월 11일 20시,금요일,강원도 횡성군 횡성읍,경상사고,0,0,1,0,차대차 - 기타,중앙선침범,젖음/습기,비,기타 - 기타,승용,남,22세,상해없음,이륜,남,38세,경상
2020091100100549,2020년 9월 11일 20시,금요일,강원도 인제군 북면,중상사고,0,1,0,0,차대차 - 기타,안전운전불이행,젖음/습기,비,교차로 - 교차로안,승용,여,50세,상해없음,이륜,남,25세,중상
2020091100100600,2020년 9월 11일 21시,금요일,강원도 춘천시 후평동,경상사고,0,0,1,0,차대사람 - 차도통행중,안전운전불이행,건조,맑음,교차로 - 교차로부근,승용,남,50세,상해없음,보행자,여,24세,경상
2020091100100601,2020년 9월 11일 21시,금요일,강원도 속초시 교동,경상사고,0,0,1,0,차대차 - 추돌,안전운전불이행,건조,맑음,교차로 - 교차로안,승용,남,42세,상해없음,이륜,남,23세,경상
2020091100100602,2020년 9월 11일 21시,금요일,강원도 홍천군 홍천읍,경상사고,0,0,1,0,차대차 - 측면충돌,안전거리미확보,건조,맑음,단일로 - 지하차도(도로)내,화물,남,63세,상해없음,승용,남,47세,경상
2020091100100644,2020년 9월 11일 22시,금요일,강원도 춘천시 우두동,경상사고,0,0,1,0,차대차 - 정면충돌,교차로운행방법위반,젖음/습기,비,교차로 - 교차로안,승합,남,49세,상해없음,이륜,남,20세,경상
2020091100100645,2020년 9월 11일 22시,금요일,강원도 원주시 일산동,경상사고,0,0,2,0,차대차 - 추돌,안전거리미확보,건조,흐림,단일로 - 기타,화물,남,63세,상해없음,승용,남,59세,경상
2020091200100031,2020년 9월 12일 01시,토요일,강원도 춘천시 효자동,중상사고,0,1,0,0,차대사람 - 횡단중,신호위반,젖음/습기,비,교차로 - 교차로횡단보도내,승합,남,63세,상해없음,보행자,남,37세,중상
2020091200100062,2020년 9월 12일 04시,토요일,강원도 원주시 단구동,경상사고,0,0,3,0,차대차 - 추돌,안전운전불이행,젖음/습기,비,교차로 - 교차로부근,승용,여,52세,상해없음,승용,남,21세,경상
2020091200100063,2020년 9월 12일 04시,토요일,강원도 횡성군 횡성읍,사망사고,1,0,0,0,차량단독 - 공작물충돌,안전운전불이행,젖음/습기,비,교차로 - 교차로안,승용,남,54세,사망,,,,
2020091200100078,2020년 9월 12일 05시,토요일,강원도 영월군 영월읍,중상사고,0,1,0,0,차대사람 - 횡단중,보행자보호의무위반,젖음/습기,비,교차로 - 교차로횡단보도내,화물,남,67세,상해없음,보행자,여,36세,중상
2020091200100112,2020년 9월 12일 08시,토요일,강원도 원주시 판부면,중상사고,0,1,1,0,차대차 - 측면충돌,과속,젖음/습기,비,기타 - 기타,승용,남,35세,상해없음,승용,남,55세,경상
2020091200100160,2020년 9월 12일 10시,토요일,강원도 춘천시 퇴계동,경상사고,0,0,1,0,차대차 - 기타,안전운전불이행,건조,맑음,단일로 - 기타,승용,남,49세,상해없음,승용,여,44세,경상
2020091200100161,2020년 9월 12일 10시,토요일,강원도 홍천군 홍천읍,경상사고,0,0,1,0,차대사람 - 횡단중,보행자보호의무위반,건조,흐림,교차로 - 교차로횡단보도내,승용,여,44세,상해없음,보행자,여,70세,경상
2020091200100232,2020년 9월 12일 12시,토요일,강원도 춘천시 우두동,경상사고,0,0,2,0,차대차 - 측면충돌,안전운전불이행,젖음/습기,비,교차로 - 교차로안,승용,여,66세,상해없음,화물,여,58세,경상
2020091200100276,2020년 9월 12일 13시,토요일,강원도 인제군 기린면,경상사고,0,0,1,0,차대차 - 추돌,안전거리미확보,건조,기타,단일로 - 터널,화물,남,68세,상해없음,승용,남,61세,경상
2020091200100277,2020년 9월 12일 13시,토요일,강원도 인제군 상남면,경상사고,0,0,2,0,차대차 - 측면충돌,안전운전불이행,젖음/습기,비,단일로 - 기타,승용,여,24세,상해없음,승용,남,47세,경상
2020091200100311,2020년 9월 12일 14시,토요일,강원도 속초시 교동,경상사고,0,0,1,0,차대차 - 추돌,안전운전불이행,건조,맑음,교차로 - 교차로부근,승용,남,46세,상해없음,승용,여,36세,경상
2020091200100354,2020년 9월 12일 15시,토요일,강원도 춘천시 효자동,경상사고,0,0,2,0,차량단독 - 기타,안전운전불이행,젖음/습기,비,단일로 - 기타,이륜,남,80세,경상,,,,
2020091200100394,2020년 9월 12일 16시,토요일,강원도 양양군 현북면,경상사고,0,0,1,0,차대차 - 기타,교차로운행방법위반,건조,맑음,교차로 - 교차로부근,승용,남,47세,상해없음,승용,남,25세,경상
2020091200100561,2020년 9월 12일 21시,토요일,강원도 속초시 교동,중상사고,0,1,0,0,차대차 - 측면충돌,안전운전불이행,젖음/습기,비,교차로 - 교차로부근,승용,남,57세,상해없음,이륜,남,56세,중상
2020091200100562,2020년 9월 12일 21시,토요일,강원도 정선군 북평면,중상사고,0,1,0,0,차대차 - 기타,안전운전불이행,젖음/습기,비,교차로 - 교차로안,승용,여,57세,중상,화물,남,54세,상해없음
2020091300100003,2020년 9월 13일 00시,일요일,강원도 강릉시 교동,경상사고,0,0,1,0,차대사람 - 횡단중,보행자보호의무위반,젖음/습기,비,단일로 - 기타,이륜,남,40세,상해없음,보행자,남,22세,경상
2020091300100012,2020년 9월 13일 01시,일요일,강원도 동해시 초구동,중상사고,0,3,1,0,차량단독 - 공작물충돌,과속,젖음/습기,비,단일로 - 기타,승용,남,22세,상해없음,,,,
2020091300100028,2020년 9월 13일 03시,일요일,강원도 동해시 효가동,사망사고,1,0,0,0,차대사람 - 횡단중,보행자보호의무위반,젖음/습기,비,교차로 - 교차로횡단보도내,화물,남,61세,상해없음,보행자,남,21세,사망
2020091300100045,2020년 9월 13일 05시,일요일,강원도 원주시 문막읍,부상신고사고,0,0,0,1,차량단독 - 기타,안전운전불이행,건조,맑음,단일로 - 기타,승용,여,38세,부상신고,,,,
2020091300100108,2020년 9월 13일 10시,일요일,강원도 동해시 북평동,경상사고,0,0,1,0,차대사람 - 보도통행중,안전운전불이행,젖음/습기,흐림,교차로 - 교차로부근,승용,남,30세,상해없음,보행자,여,74세,경상
2020091300100128,2020년 9월 13일 11시,일요일,강원도 춘천시 서면,경상사고,0,0,3,0,차대차 - 추돌,안전거리미확보,건조,맑음,교차로 - 교차로부근,승용,여,22세,상해없음,승용,여,23세,경상
2020091300100129,2020년 9월 13일 11시,일요일,강원도 속초시 교동,경상사고,0,0,7,0,차대차 - 측면충돌,안전운전불이행,건조,맑음,단일로 - 기타,승용,남,23세,상해없음,승용,남,62세,경상
2020091300100166,2020년 9월 13일 12시,일요일,강원도 횡성군 둔내면,경상사고,0,0,1,0,차대차 - 측면충돌,안전운전불이행,건조,맑음,교차로 - 교차로부근,이륜,남,52세,기타불명,승용,남,63세,상해없음
2020091300100235,2020년 9월 13일 14시,일요일,강원도 춘천시 동면,경상사고,0,0,1,0,차대차 - 기타,안전운전불이행,건조,맑음,단일로 - 기타,승용,여,26세,상해없음,이륜,남,38세,경상
2020091300100236,2020년 9월 13일 14시,일요일,강원도 원주시 태장동,사망사고,1,0,0,0,차대사람 - 횡단중,보행자보호의무위반,건조,맑음,교차로 - 교차로횡단보도내,승용,남,47세,상해없음,보행자,여,68세,사망
2020091300100237,2020년 9월 13일 14시,일요일,강원도 평창군 평창읍,사망사고,1,2,0,0,차대차 - 기타,안전운전불이행,건조,맑음,단일로 - 기타,이륜,남,42세,사망,승용,남,46세,중상
2020091300100238,2020년 9월 13일 14시,일요일,강원도 철원군 갈말읍,경상사고,0,0,1,0,차대차 - 정면충돌,중앙선침범,건조,맑음,단일로 - 기타,승용,여,59세,상해없음,승용,남,51세,경상
2020091300100265,2020년 9월 13일 15시,일요일,강원도 강릉시 포남동,경상사고,0,0,1,0,차대차 - 기타,안전운전불이행,건조,맑음,단일로 - 기타,승용,남,30세,상해없음,이륜,남,20세,경상
2020091300100266,2020년 9월 13일 15시,일요일,강원도 원주시 명륜동,경상사고,0,0,2,0,차대차 - 측면충돌,신호위반,건조,맑음,교차로 - 교차로안,승용,남,86세,상해없음,승용,남,37세,경상
2020091300100338,2020년 9월 13일 17시,일요일,강원도 춘천시 효자동,경상사고,0,0,2,0,차대차 - 추돌,안전거리미확보,건조,맑음,단일로 - 기타,승용,남,62세,상해없음,승용,여,21세,경상
2020091300100339,2020년 9월 13일 17시,일요일,강원도 강릉시 사천면,중상사고,0,1,0,0,차대사람 - 기타,안전운전불이행,건조,맑음,단일로 - 기타,승용,남,30세,상해없음,보행자,여,74세,중상
2020091300100340,2020년 9월 13일 17시,일요일,강원도 원주시 단계동,경상사고,0,0,1,0,차대차 - 추돌,안전운전불이행,건조,맑음,기타 - 기타,화물,남,75세,상해없음,승용,남,52세,경상
2020091300100341,2020년 9월 13일 17시,일요일,강원도 속초시 교동,경상사고,0,0,4,0,차대차 - 추돌,안전운전불이행,건조,맑음,기타 - 기타,화물,남,56세,상해없음,승용,남,37세,경상
2020091300100342,2020년 9월 13일 17시,일요일,강원도 홍천군 북방면,경상사고,0,0,1,0,차대차 - 정면충돌,중앙선침범,건조,맑음,단일로 - 지하차도(도로)내,화물,남,58세,상해없음,승합,남,64세,경상
2020091300100382,2020년 9월 13일 18시,일요일,강원도 원주시 호저면,경상사고,0,0,2,0,차대차 - 기타,신호위반,건조,맑음,단일로 - 기타,승용,여,51세,상해없음,승용,남,33세,경상
2020091300100408,2020년 9월 13일 19시,일요일,강원도 평창군 대화면,경상사고,0,0,3,0,차대차 - 측면충돌,안전운전불이행,건조,맑음,교차로 - 교차로안,승용,남,59세,상해없음,승용,남,40세,경상
2020091300100436,2020년 9월 13일 20시,일요일,강원도 춘천시 교동,경상사고,0,0,2,0,차대차 - 측면충돌,직진우회전진행방해,건조,맑음,교차로 - 교차로안,승용,여,20세,상해없음,승용,남,62세,경상
2020091400100011,2020년 9월 14일 01시,월요일,강원도 원주시 명륜동,중상사고,0,1,0,0,차대사람 - 횡단중,안전운전불이행,건조,맑음,단일로 - 기타,승용,남,46세,상해없음,보행자,남,52세,중상
2020091400100041,2020년 9월 14일 06시,월요일,강원도 양양군 양양읍,경상사고,0,0,1,0,차대차 - 측면충돌,신호위반,건조,맑음,교차로 - 교차로안,승용,여,40세,상해없음,화물,남,61세,경상
2020091400100042,2020년 9월 14일 06시,월요일,강원도 양양군 손양면,경상사고,0,0,1,0,차대차 - 측면충돌,안전운전불이행,건조,맑음,교차로 - 교차로부근,승용,남,50세,상해없음,자전거,남,75세,경상
2020091400100111,2020년 9월 14일 08시,월요일,강원도 춘천시 신동면,사망사고,1,0,1,0,차대차 - 정면충돌,중앙선침범,건조,맑음,단일로 - 기타,승용,여,32세,경상,승용,여,73세,사망
2020091400100152,2020년 9월 14일 09시,월요일,강원도 화천군 하남면,경상사고,0,0,1,0,차대차 - 측면충돌,교차로운행방법위반,건조,맑음,교차로 - 교차로안,승용,남,59세,상해없음,승합,남,42세,경상
2020091400100187,2020년 9월 14일 10시,월요일,강원도 춘천시 효자동,경상사고,0,0,3,0,차대차 - 기타,교차로운행방법위반,건조,맑음,교차로 - 교차로안,승용,여,58세,상해없음,승용,여,40세,경상
2020091400100188,2020년 9월 14일 10시,월요일,강원도 강릉시 주문진읍,경상사고,0,0,3,0,차대차 - 측면충돌,안전운전불이행,건조,맑음,단일로 - 기타,화물,남,75세,상해없음,승용,남,37세,경상
2020091400100217,2020년 9월 14일 11시,월요일,강원도 춘천시 조양동,경상사고,0,0,1,0,차대차 - 기타,교차로운행방법위반,건조,맑음,교차로 - 교차로안,승용,남,65세,상해없음,승용,남,60세,경상
2020091400100218,2020년 9월 14일 11시,월요일,강원도 원주시 단구동,경상사고,0,0,1,0,차대차 - 추돌,안전운전불이행,건조,맑음,단일로 - 기타,승용,남,48세,상해없음,자전거,남,68세,경상
2020091400100219,2020년 9월 14일 11시,월요일,강원도 원주시 관설동,경상사고,0,0,1,0,차대사람 - 차도통행중,안전운전불이행,건조,맑음,단일로 - 기타,승용,여,53세,상해없음,보행자,남,60세,경상
2020091400100220,2020년 9월 14일 11시,월요일,강원도 원주시 명륜동,경상사고,0,0,3,0,차대차 - 추돌,안전운전불이행,기타,맑음,단일로 - 기타,승용,여,52세,상해없음,승용,여,30세,경상
2020091400100256,2020년 9월 14일 12시,월요일,강원도 강릉시 내곡동,경상사고,0,0,3,0,차대차 - 측면충돌,신호위반,건조,맑음,교차로 - 교차로안,원동기,남,23세,상해없음,승용,여,45세,경상
2020091400100289,2020년 9월 14일 13시,월요일,강원도 강릉시 연곡면,중상사고,0,1,0,0,차대차 - 정면충돌,안전운전불이행,건조,맑음,단일로 - 기타,자전거,남,31세,상해없음,자전거,여,31세,중상
2020091400100322,2020년 9월 14일 14시,월요일,강원도 원주시 무실동,경상사고,0,0,1,0,차대차 - 측면충돌,안전거리미확보,건조,맑음,교차로 - 교차로부근,화물,남,68세,기타불명,화물,남,29세,경상
2020091400100353,2020년 9월 14일 15시,월요일,강원도 정선군 임계면,경상사고,0,0,1,0,차대차 - 정면충돌,중앙선침범,건조,맑음,단일로 - 기타,화물,남,61세,상해없음,화물,남,43세,경상
2020091400100436,2020년 9월 14일 17시,월요일,강원도 춘천시 효자동,중상사고,0,3,0,0,차대차 - 측면충돌,안전운전불이행,건조,맑음,단일로 - 기타,승용,남,78세,상해없음,승용,남,25세,상해없음
2020091400100437,2020년 9월 14일 17시,월요일,강원도 원주시 태장동,경상사고,0,0,1,0,차대사람 - 횡단중,보행자보호의무위반,건조,맑음,기타 - 기타,승용,남,77세,상해없음,보행자,여,35세,경상
2020091400100438,2020년 9월 14일 17시,월요일,강원도 평창군 진부면,중상사고,0,1,0,0,차대차 - 측면충돌,안전운전불이행,건조,맑음,교차로 - 교차로부근,화물,남,70세,상해없음,화물,남,26세,중상
2020091400100488,2020년 9월 14일 18시,월요일,강원도 춘천시 동면,경상사고,0,0,4,0,차대차 - 추돌,안전거리미확보,건조,맑음,단일로 - 기타,승용,여,58세,경상,승용,남,25세,경상
2020091400100489,2020년 9월 14일 18시,월요일,강원도 춘천시 온의동,경상사고,0,0,1,0,차대차 - 추돌,안전거리미확보,건조,맑음,단일로 - 기타,승용,남,23세,상해없음,화물,남,36세,경상
2020091400100525,2020년 9월 14일 19시,월요일,강원도 원주시 문막읍,경상사고,0,0,1,0,차대차 - 측면충돌,중앙선침범,건조,맑음,단일로 - 기타,승용,남,59세,상해없음,승용,남,48세,경상
2020091400100526,2020년 9월 14일 19시,월요일,강원도 정선군 고한읍,경상사고,0,0,1,0,차대사람 - 횡단중,보행자보호의무위반,건조,맑음,교차로 - 교차로안,승용,남,49세,상해없음,보행자,남,49세,경상
2020091400100561,2020년 9월 14일 20시,월요일,강원도 원주시 명륜동,중상사고,0,1,0,0,차대차 - 측면충돌,안전운전불이행,건조,맑음,교차로 - 교차로부근,화물,남,66세,상해없음,이륜,남,21세,중상
2020091400100582,2020년 9월 14일 21시,월요일,강원도 원주시 지정면,경상사고,0,0,2,0,차대사람 - 횡단중,보행자보호의무위반,건조,맑음,교차로 - 교차로횡단보도내,승용,남,46세,상해없음,보행자,남,36세,경상
2020091500100050,2020년 9월 15일 06시,화요일,강원도 원주시 명륜동,경상사고,0,0,1,0,차대차 - 측면충돌,신호위반,건조,맑음,교차로 - 교차로안,승용,남,39세,상해없음,승용,여,54세,경상
2020091500100051,2020년 9월 15일 06시,화요일,강원도 원주시 개운동,경상사고,0,0,1,0,차대사람 - 보도통행중,안전운전불이행,건조,맑음,단일로 - 기타,개인형이동수단(PM),남,25세,상해없음,보행자,여,62세,경상
2020091500100067,2020년 9월 15일 07시,화요일,강원도 평창군 용평면,경상사고,0,0,1,0,차대차 - 추돌,안전운전불이행,건조,맑음,단일로 - 기타,농기계,남,75세,상해없음,승용,여,51세,경상
2020091500100224,2020년 9월 15일 12시,화요일,강원도 강릉시 옥계면,경상사고,0,0,1,0,차대차 - 측면충돌,신호위반,건조,맑음,교차로 - 교차로안,승용,남,68세,상해없음,승용,남,49세,경상
2020091500100252,2020년 9월 15일 13시,화요일,강원도 춘천시 우두동,중상사고,0,1,0,0,차량단독 - 기타,기타,건조,맑음,단일로 - 기타,승합,남,56세,상해없음,,,,
2020091500100253,2020년 9월 15일 13시,화요일,강원도 원주시 일산동,경상사고,0,0,3,0,차대차 - 추돌,안전거리미확보,건조,맑음,단일로 - 기타,승용,남,58세,상해없음,승용,남,63세,경상
2020091500100254,2020년 9월 15일 13시,화요일,강원도 태백시 황지동,중상사고,0,1,0,0,차대차 - 추돌,안전운전불이행,건조,맑음,단일로 - 기타,건설기계,남,47세,상해없음,이륜,남,76세,중상
2020091500100293,2020년 9월 15일 14시,화요일,강원도 고성군 토성면,중상사고,0,1,0,0,차대차 - 추돌,안전운전불이행,건조,맑음,교차로 - 교차로안,승용,남,54세,기타불명,승용,여,29세,중상
2020091500100371,2020년 9월 15일 16시,화요일,강원도 원주시 신림면,경상사고,0,0,1,0,차대차 - 측면충돌,기타,건조,맑음,단일로 - 기타,승용,남,74세,상해없음,특수,남,49세,경상
2020091500100372,2020년 9월 15일 16시,화요일,강원도 철원군 동송읍,중상사고,0,1,0,0,차대차 - 측면충돌,안전운전불이행,건조,맑음,단일로 - 기타,승용,남,54세,상해없음,화물,남,58세,중상
2020091500100405,2020년 9월 15일 17시,화요일,강원도 원주시 학성동,중상사고,0,1,1,0,차대차 - 기타,안전운전불이행,건조,맑음,단일로 - 기타,승용,남,83세,상해없음,승용,남,68세,경상
2020091500100406,2020년 9월 15일 17시,화요일,강원도 태백시 혈동,중상사고,0,2,2,0,차대차 - 정면충돌,중앙선침범,건조,맑음,단일로 - 기타,화물,남,71세,경상,승용,여,61세,중상
2020091500100445,2020년 9월 15일 18시,화요일,강원도 강릉시 회산동,중상사고,0,1,0,0,차대차 - 측면충돌,안전운전불이행,건조,맑음,단일로 - 기타,승용,남,26세,상해없음,승용,여,53세,중상
2020091500100446,2020년 9월 15일 18시,화요일,강원도 삼척시 우지동,경상사고,0,0,1,0,차대차 - 추돌,안전거리미확보,건조,맑음,교차로 - 교차로안,승용,남,24세,상해없음,승용,남,61세,경상
2020091500100447,2020년 9월 15일 18시,화요일,강원도 태백시 철암동,경상사고,0,0,1,0,차대사람 - 차도통행중,안전운전불이행,건조,맑음,단일로 - 기타,승용,여,57세,상해없음,보행자,남,21세,경상
2020091500100487,2020년 9월 15일 19시,화요일,강원도 원주시 무실동,중상사고,0,1,0,0,차대차 - 추돌,신호위반,건조,맑음,교차로 - 교차로안,이륜,남,45세,상해없음,승용,남,61세,중상
2020091500100488,2020년 9월 15일 19시,화요일,강원도 홍천군 홍천읍,경상사고,0,0,1,0,차대사람 - 횡단중,보행자보호의무위반,건조,맑음,교차로 - 교차로부근,이륜,남,31세,상해없음,보행자,여,61세,경상
2020091500100559,2020년 9월 15일 22시,화요일,강원도 원주시 태장동,경상사고,0,0,1,0,차대차 - 추돌,안전운전불이행,건조,맑음,단일로 - 기타,승용,남,44세,상해없음,자전거,남,66세,경상
2020091600100086,2020년 9월 16일 08시,수요일,강원도 춘천시 퇴계동,경상사고,0,0,1,0,차대차 - 추돌,안전운전불이행,젖음/습기,비,단일로 - 기타,승용,여,59세,상해없음,승용,여,34세,경상
2020091600100124,2020년 9월 16일 09시,수요일,강원도 춘천시 온의동,경상사고,0,0,1,0,차대사람 - 기타,기타,건조,맑음,단일로 - 기타,승용,남,60세,상해없음,보행자,여,67세,경상
2020091600100225,2020년 9월 16일 12시,수요일,강원도 횡성군 둔내면,경상사고,0,0,1,1,차대차 - 기타,안전운전불이행,건조,맑음,주차장 - 주차장,승용,남,55세,상해없음,승용,남,28세,경상
2020091600100249,2020년 9월 16일 13시,수요일,강원도 강릉시 강문동,중상사고,0,1,0,0,차대차 - 측면충돌,신호위반,건조,맑음,교차로 - 교차로안,승용,여,48세,상해없음,승용,남,29세,중상
2020091600100272,2020년 9월 16일 14시,수요일,강원도 원주시 개운동,경상사고,0,0,2,0,차대차 - 측면충돌,신호위반,젖음/습기,비,교차로 - 교차로안,승용,남,73세,상해없음,승용,남,75세,경상
2020091600100299,2020년 9월 16일 15시,수요일,강원도 삼척시 교동,경상사고,0,0,2,0,차대차 - 추돌,안전거리미확보,젖음/습기,비,교차로 - 교차로부근,화물,남,56세,상해없음,승용,여,52세,경상
2020091600100339,2020년 9월 16일 16시,수요일,강원도 춘천시 후평동,경상사고,0,0,1,0,차대차 - 측면충돌,불법유턴,젖음/습기,비,단일로 - 기타,승용,남,61세,상해없음,이륜,남,46세,경상
2020091600100340,2020년 9월 16일 16시,수요일,강원도 평창군 방림면,경상사고,0,0,2,0,차대차 - 측면충돌,중앙선침범,젖음/습기,비,기타 - 기타,승합,여,44세,상해없음,승용,여,44세,경상
2020091600100415,2020년 9월 16일 18시,수요일,강원도 춘천시 퇴계동,경상사고,0,0,1,0,차대차 - 측면충돌,안전운전불이행,건조,맑음,단일로 - 기타,승용,남,59세,상해없음,승용,여,55세,경상
2020091600100416,2020년 9월 16일 18시,수요일,강원도 원주시 단계동,중상사고,0,1,0,0,차대차 - 측면충돌,안전운전불이행,건조,맑음,단일로 - 기타,승용,남,21세,상해없음,이륜,남,43세,중상
2020091600100417,2020년 9월 16일 18시,수요일,강원도 원주시 태장동,중상사고,0,1,1,0,차대차 - 추돌,안전운전불이행,건조,맑음,단일로 - 기타,승용,여,64세,상해없음,승용,남,63세,경상
2020091600100502,2020년 9월 16일 20시,수요일,강원도 삼척시 당저동,경상사고,0,0,2,0,차대차 - 측면충돌,직진우회전진행방해,건조,맑음,교차로 - 교차로안,승용,남,35세,경상,승용,남,18세,경상
2020091700100067,2020년 9월 17일 07시,목요일,강원도 철원군 갈말읍,경상사고,0,0,1,0,차대차 - 측면충돌,교차로운행방법위반,건조,맑음,교차로 - 교차로안,승용,남,50세,상해없음,승용,여,54세,경상
2020091700100096,2020년 9월 17일 08시,목요일,강원도 춘천시 남산면,중상사고,0,1,1,0,차대차 - 기타,안전운전불이행,건조,맑음,교차로 - 교차로안,이륜,남,71세,상해없음,승용,남,24세,경상