사고번호,사고일시,요일,시군구,사고내용,사망자수,중상자수,경상자수,부상신고자수,사고유형,법규위반,노면상태,기상상태,도로형태,가해운전자 차종,가해운전자 성별,가해운전자 연령,가해운전자 상해정도,피해운전자 차종,피해운전자 성별,피해운전자 연령,피해운전자 상해정도
2020091700100098,2020년 9월 17일 08시,목요일,강원도 횡성군 우천면,경상사고,0,0,2,0,차대차 - 정면충돌,안전운전불이행,건조,맑음,교차로 - 교차로안,승용,남,29세,경상,승용,여,58세,경상
2020091700100126,2020년 9월 17일 09시,목요일,강원도 태백시 황지동,경상사고,0,0,2,0,차대차 - 추돌,안전운전불이행,건조,맑음,단일로 - 기타,승용,남,20세,상해없음,승용,여,66세,경상
2020091700100249,2020년 9월 17일 13시,목요일,강원도 춘천시 퇴계동,중상사고,0,1,1,0,차대차 - 기타,신호위반,건조,맑음,교차로 - 교차로안,승용,여,34세,상해없음,승용,남,50세,경상
2020091700100250,2020년 9월 17일 13시,목요일,강원도 삼척시 오분동,중상사고,0,1,0,0,차대차 - 기타,안전운전불이행,기타,맑음,단일로 - 기타,승용,여,54세,상해없음,자전거,남,58세,중상
2020091700100280,2020년 9월 17일 14시,목요일,강원도 원주시 단계동,경상사고,0,0,1,0,차대차 - 기타,교차로운행방법위반,건조,맑음,교차로 - 교차로부근,승용,여,31세,상해없음,승용,여,50세,경상
2020091700100346,2020년 9월 17일 16시,목요일,강원도 춘천시 효자동,경상사고,0,0,1,0,차대차 - 측면충돌,안전거리미확보,건조,맑음,단일로 - 기타,승합,남,79세,상해없음,이륜,남,30세,경상
2020091700100347,2020년 9월 17일 16시,목요일,강원도 원주시 단구동,경상사고,0,0,1,0,차대차 - 후진중충돌,안전운전불이행,건조,맑음,교차로 - 교차로부근,승용,남,68세,상해없음,승용,남,51세,경상
2020091700100348,2020년 9월 17일 16시,목요일,강원도 영월군 주천면,부상신고사고,0,0,0,1,차대차 - 측면충돌,안전운전불이행,건조,맑음,단일로 - 기타,이륜,남,37세,부상신고,승용,남,22세,상해없음
2020091700100387,2020년 9월 17일 17시,목요일,강원도 홍천군 홍천읍,경상사고,0,0,2,0,차대차 - 측면충돌,과속,건조,맑음,단일로 - 기타,이륜,남,22세,경상,승용,여,46세,경상
2020091700100388,2020년 9월 17일 17시,목요일,강원도 인제군 인제읍,중상사고,0,1,0,0,차대차 - 측면충돌,안전운전불이행,건조,맑음,교차로 - 교차로안,승용,남,36세,상해없음,원동기,남,40세,중상
2020091700100429,2020년 9월 17일 18시,목요일,강원도 동해시 천곡동,경상사고,0,0,1,0,차대차 - 측면충돌,안전운전불이행,건조,맑음,교차로 - 교차로안,승용,남,59세,상해없음,이륜,남,60세,경상
2020091700100467,2020년 9월 17일 19시,목요일,강원도 원주시 호저면,중상사고,0,1,3,0,차대차 - 측면충돌,교차로운행방법위반,건조,맑음,교차로 - 교차로안,승용,남,26세,상해없음,승용,남,33세,중상
2020091700100572,2020년 9월 17일 22시,목요일,강원도 평창군 진부면,중상사고,0,1,0,0,차대차 - 측면충돌,안전운전불이행,건조,맑음,교차로 - 교차로안,화물,남,34세,중상,승용,남,62세,상해없음
2020091800100046,2020년 9월 18일 05시,금요일,강원도 원주시 가현동,중상사고,0,1,0,0,차대사람 - 횡단중,보행자보호의무위반,건조,맑음,교차로 - 교차로횡단보도내,승용,여,39세,상해없음,보행자,여,85세,중상
2020091800100069,2020년 9월 18일 07시,금요일,강원도 횡성군 청일면,경상사고,0,0,1,0,차대차 - 측면충돌,안전운전불이행,건조,맑음,교차로 - 교차로안,승용,여,72세,상해없음,화물,남,29세,경상
2020091800100102,2020년 9월 18일 08시,금요일,강원도 춘천시 석사동,경상사고,0,0,3,0,차대차 - 추돌,안전운전불이행,건조,맑음,단일로 - 기타,승용,남,65세,상해없음,승용,여,44세,경상
2020091800100103,2020년 9월 18일 08시,금요일,강원도 원주시 관설동,경상사고,0,0,1,1,차대차 - 추돌,안전거리미확보,건조,맑음,교차로 - 교차로안,승용,남,53세,부상신고,승용,여,72세,경상
2020091800100174,2020년 9월 18일 10시,금요일,강원도 홍천군 화촌면,중상사고,0,1,0,0,차대사람 - 기타,안전운전불이행,건조,맑음,단일로 - 기타,승용,남,66세,상해없음,보행자,여,83세,중상
2020091800100175,2020년 9월 18일 10시,금요일,강원도 정선군 여량면,경상사고,0,0,1,0,차대차 - 정면충돌,안전운전불이행,건조,맑음,단일로 - 기타,화물,남,58세,상해없음,화물,여,50세,경상
2020091800100176,2020년 9월 18일 10시,금요일,강원도 동해시 구미동,경상사고,0,0,1,0,차대사람 - 횡단중,안전운전불이행,건조,맑음,단일로 - 기타,승용,남,62세,상해없음,보행자,남,69세,경상
2020091800100244,2020년 9월 18일 12시,금요일,강원도 강릉시 송정동,경상사고,0,0,2,1,차대차 - 측면충돌,신호위반,건조,맑음,교차로 - 교차로안,화물,남,76세,경상,승용,여,62세,경상
2020091800100245,2020년 9월 18일 12시,금요일,강원도 원주시 단계동,경상사고,0,0,3,0,차대차 - 추돌,안전운전불이행,건조,맑음,교차로 - 교차로안,승용,남,53세,기타불명,화물,남,33세,경상
2020091800100246,2020년 9월 18일 12시,금요일,강원도 원주시 중앙동,경상사고,0,0,1,0,차대사람 - 횡단중,안전운전불이행,건조,맑음,단일로 - 기타,자전거,남,21세,상해없음,보행자,여,58세,경상
2020091800100281,2020년 9월 18일 13시,금요일,강원도 속초시 교동,경상사고,0,0,1,0,차대사람 - 기타,안전운전불이행,건조,맑음,주차장 - 주차장,승용,여,53세,상해없음,보행자,여,64세,경상
2020091800100282,2020년 9월 18일 13시,금요일,강원도 횡성군 공근면,중상사고,0,1,0,0,차대사람 - 기타,안전운전불이행,건조,맑음,단일로 - 기타,화물,여,60세,상해없음,보행자,남,61세,중상
2020091800100324,2020년 9월 18일 14시,금요일,강원도 삼척시 남양동,중상사고,0,1,0,0,차대차 - 측면충돌,안전운전불이행,건조,맑음,교차로 - 교차로안,건설기계,남,56세,상해없음,화물,남,82세,중상
2020091800100325,2020년 9월 18일 14시,금요일,강원도 횡성군 횡성읍,경상사고,0,0,2,0,차대차 - 기타,안전운전불이행,건조,맑음,단일로 - 기타,농기계,남,80세,경상,승용,남,48세,경상
2020091800100362,2020년 9월 18일 15시,금요일,강원도 원주시 단구동,경상사고,0,0,4,0,차대차 - 추돌,안전운전불이행,건조,맑음,교차로 - 교차로안,승용,남,42세,상해없음,승용,여,44세,경상
2020091800100415,2020년 9월 18일 16시,금요일,강원도 원주시 개운동,경상사고,0,0,2,0,차대차 - 추돌,안전운전불이행,건조,맑음,교차로 - 교차로부근,승합,남,53세,상해없음,화물,남,21세,경상
2020091800100416,2020년 9월 18일 16시,금요일,강원도 원주시 단계동,경상사고,0,0,1,0,차량단독 - 기타,안전운전불이행,건조,맑음,단일로 - 기타,승합,남,56세,상해없음,,,,
2020091800100417,2020년 9월 18일 16시,금요일,강원도 홍천군 홍천읍,경상사고,0,0,1,0,차대사람 - 기타,안전운전불이행,건조,맑음,주차장 - 주차장,승용,여,61세,상해없음,보행자,남,52세,경상
2020091800100418,2020년 9월 18일 16시,금요일,강원도 고성군 간성읍,경상사고,0,0,2,0,차대사람 - 횡단중,안전운전불이행,건조,맑음,단일로 - 기타,화물,남,75세,상해없음,보행자,여,8세,경상
2020091800100478,2020년 9월 18일 17시,금요일,강원도 춘천시 신동면,중상사고,0,3,0,0,차대차 - 측면충돌,안전운전불이행,건조,맑음,단일로 - 기타,승합,남,74세,상해없음,승합,여,55세,중상
2020091800100479,2020년 9월 18일 17시,금요일,강원도 속초시 교동,중상사고,0,1,0,0,차대차 - 측면충돌,교차로운행방법위반,건조,맑음,교차로 - 교차로안,승용,여,60세,상해없음,승용,남,72세,중상
2020091800100480,2020년 9월 18일 17시,금요일,강원도 평창군 평창읍,경상사고,0,0,1,0,차대차 - 정면충돌,안전운전불이행,건조,맑음,단일로 - 기타,이륜,남,47세,상해없음,승용,남,35세,경상
2020091800100585,2020년 9월 18일 19시,금요일,강원도 횡성군 횡성읍,경상사고,0,0,1,0,차대차 - 측면충돌,안전운전불이행,건조,맑음,교차로 - 교차로안,승용,남,55세,상해없음,승용,여,56세,경상
2020091800100636,2020년 9월 18일 20시,금요일,강원도 원주시 단계동,경상사고,0,0,1,0,차대차 - 측면충돌,안전거리미확보,건조,맑음,교차로 - 교차로부근,승용,남,26세,상해없음,승용,여,40세,경상
2020091900100007,2020년 9월 19일 00시,토요일,강원도 춘천시 퇴계동,중상사고,0,1,0,0,차대차 - 기타,안전운전불이행,건조,맑음,교차로 - 교차로안,승용,남,57세,상해없음,이륜,남,26세,중상
2020091900100035,2020년 9월 19일 02시,토요일,강원도 춘천시 퇴계동,사망사고,1,0,0,0,차대차 - 측면충돌,신호위반,건조,맑음,교차로 - 교차로안,이륜,남,25세,사망,승용,남,66세,상해없음
2020091900100100,2020년 9월 19일 07시,토요일,강원도 동해시 송정동,경상사고,0,0,1,0,차대차 - 측면충돌,중앙선침범,건조,맑음,교차로 - 교차로부근,승용,여,38세,상해없음,승용,남,42세,경상
2020091900100148,2020년 9월 19일 09시,토요일,강원도 춘천시 삼천동,경상사고,0,0,1,0,차대차 - 기타,안전운전불이행,건조,맑음,단일로 - 기타,개인형이동수단(PM),남,33세,상해없음,자전거,여,42세,경상
2020091900100149,2020년 9월 19일 09시,토요일,강원도 춘천시 교동,경상사고,0,0,1,1,차대차 - 기타,직진우회전진행방해,건조,맑음,교차로 - 교차로안,화물,남,51세,상해없음,승용,남,77세,경상
2020091900100151,2020년 9월 19일 09시,토요일,강원도 횡성군 공근면,경상사고,0,0,1,0,차량단독 - 공작물충돌,기타,건조,맑음,단일로 - 기타,승용,남,29세,경상,,,,
2020091900100189,2020년 9월 19일 10시,토요일,강원도 원주시 일산동,경상사고,0,0,1,0,차대차 - 추돌,안전운전불이행,건조,맑음,단일로 - 기타,화물,남,25세,상해없음,승용,여,27세,경상
2020091900100230,2020년 9월 19일 11시,토요일,강원도 춘천시 퇴계동,부상신고사고,0,0,0,1,차대차 - 측면충돌,안전운전불이행,건조,맑음,단일로 - 기타,이륜,남,41세,상해없음,이륜,남,20세,부상신고
2020091900100232,2020년 9월 19일 11시,토요일,강원도 속초시 청학동,중상사고,0,1,0,0,차대차 - 측면충돌,차로위반,건조,맑음,단일로 - 기타,승용,남,53세,상해없음,이륜,남,30세,중상
2020091900100284,2020년 9월 19일 12시,토요일,강원도 춘천시 신북읍,경상사고,0,0,1,0,차대차 - 기타,차로위반,건조,맑음,단일로 - 기타,승용,남,43세,상해없음,승용,남,36세,상해없음
2020091900100285,2020년 9월 19일 12시,토요일,강원도 원주시 문막읍,중상사고,0,1,0,0,차대차 - 기타,신호위반,건조,맑음,교차로 - 교차로안,승용,여,27세,상해없음,승용,남,28세,중상
2020091900100286,2020년 9월 19일 12시,토요일,강원도 양양군 양양읍,경상사고,0,0,1,0,차대차 - 측면충돌,안전운전불이행,건조,맑음,교차로 - 교차로안,승용,남,77세,상해없음,자전거,남,43세,경상
2020091900100287,2020년 9월 19일 12시,토요일,강원도 속초시 교동,경상사고,0,0,1,0,차대차 - 측면충돌,교차로운행방법위반,건조,맑음,교차로 - 교차로부근,화물,남,52세,기타불명,화물,남,57세,경상
2020091900100332,2020년 9월 19일 13시,토요일,강원도 춘천시 동내면,경상사고,0,0,2,0,차대차 - 추돌,안전거리미확보,건조,맑음,단일로 - 기타,화물,남,48세,상해없음,승용,남,30세,경상
2020091900100333,2020년 9월 19일 13시,토요일,강원도 춘천시 후평동,경상사고,0,0,1,0,차대차 - 후진중충돌,안전운전불이행,건조,맑음,교차로 - 교차로안,승합,남,59세,상해없음,이륜,남,31세,경상
2020091900100334,2020년 9월 19일 13시,토요일,강원도 영월군 영월읍,부상신고사고,0,0,0,2,차대차 - 측면충돌,안전운전불이행,건조,맑음,주차장 - 주차장,화물,남,54세,부상신고,승용,여,62세,상해없음
2020091900100378,2020년 9월 19일 14시,토요일,강원도 춘천시 신북읍,중상사고,0,1,2,0,차대차 - 측면충돌,안전운전불이행,건조,맑음,교차로 - 교차로안,승용,여,61세,경상,이륜,남,44세,중상
2020091900100423,2020년 9월 19일 15시,토요일,강원도 원주시 일산동,경상사고,0,0,1,0,차대차 - 추돌,안전운전불이행,건조,맑음,단일로 - 기타,이륜,남,27세,상해없음,승용,남,67세,상해없음
2020091900100470,2020년 9월 19일 16시,토요일,강원도 춘천시 신동면,경상사고,0,0,1,0,차대차 - 추돌,안전운전불이행,건조,맑음,단일로 - 기타,화물,남,25세,상해없음,승용,여,67세,경상
2020091900100471,2020년 9월 19일 16시,토요일,강원도 강릉시 강동면,경상사고,0,0,1,0,차대사람 - 차도통행중,안전운전불이행,건조,맑음,단일로 - 기타,승용,남,38세,상해없음,보행자,남,42세,경상
2020091900100472,2020년 9월 19일 16시,토요일,강원도 원주시 일산동,경상사고,0,0,2,0,차대차 - 추돌,직진우회전진행방해,건조,맑음,교차로 - 교차로안,승용,남,52세,경상,승용,남,31세,상해없음
2020091900100518,2020년 9월 19일 17시,토요일,강원도 춘천시 석사동,중상사고,0,1,0,0,차대차 - 측면충돌,중앙선침범,건조,맑음,단일로 - 기타,자전거,남,53세,상해없음,이륜,남,22세,중상
2020091900100558,2020년 9월 19일 18시,토요일,강원도 춘천시 온의동,경상사고,0,0,1,1,차대차 - 기타,안전운전불이행,건조,맑음,교차로 - 교차로안,승용,남,38세,상해없음,승용,남,35세,경상
2020091900100603,2020년 9월 19일 19시,토요일,강원도 원주시 무실동,경상사고,0,0,1,0,차대차 - 기타,안전운전불이행,건조,맑음,단일로 - 기타,건설기계,남,59세,상해없음,이륜,남,34세,경상
2020091900100604,2020년 9월 19일 19시,토요일,강원도 횡성군 횡성읍,중상사고,0,1,0,0,차대사람 - 횡단중,안전운전불이행,건조,맑음,교차로 - 교차로부근,승용,남,61세,상해없음,보행자,여,76세,중상
2020091900100637,2020년 9월 19일 20시,토요일,강원도 강릉시 송정동,중상사고,0,1,0,0,차대사람 - 차도통행중,안전운전불이행,건조,맑음,교차로 - 교차로부근,승용,남,55세,상해없음,보행자,여,33세,중상
2020091900100638,2020년 9월 19일 20시,토요일,강원도 원주시 단계동,경상사고,0,0,2,0,차대차 - 측면충돌,신호위반,건조,맑음,교차로 - 교차로안,승용,남,55세,상해없음,승용,남,56세,경상
2020091900100687,2020년 9월 19일 22시,토요일,강원도 원주시 단계동,경상사고,0,0,1,0,차대사람 - 기타,보행자보호의무위반,건조,맑음,교차로 - 교차로부근,승용,남,27세,상해없음,보행자,남,20세,경상
2020091900100688,2020년 9월 19일 22시,토요일,강원도 횡성군 둔내면,경상사고,0,0,1,0,차대차 - 측면충돌,중앙선침범,건조,맑음,단일로 - 기타,승용,여,33세,상해없음,승용,남,55세,경상
2020092000100027,2020년 9월 20일 01시,일요일,강원도 원주시 명륜동,중상사고,0,1,0,0,차대차 - 기타,신호위반,건조,맑음,교차로 - 교차로부근,승용,남,62세,상해없음,이륜,남,23세,중상
2020092000100115,2020년 9월 20일 09시,일요일,강원도 원주시 단계동,경상사고,0,0,1,0,차대차 - 추돌,안전거리미확보,건조,맑음,교차로 - 교차로횡단보도내,승용,남,63세,상해없음,승용,남,42세,경상
2020092000100122,2020년 9월 20일 10시,일요일,강원도 원주시 부론면,부상신고사고,0,0,0,1,차대차 - 기타,안전운전불이행,건조,맑음,기타 - 기타,자전거,남,51세,부상신고,승용,남,31세,상해없음
2020092000100123,2020년 9월 20일 10시,일요일,강원도 삼척시 교동,중상사고,0,2,1,0,차대차 - 기타,안전거리미확보,건조,맑음,교차로 - 교차로부근,건설기계,남,60세,상해없음,승용,남,31세,중상
2020092000100151,2020년 9월 20일 11시,일요일,강원도 춘천시 퇴계동,경상사고,0,0,2,0,차대차 - 기타,안전운전불이행,건조,맑음,교차로 - 교차로안,승용,여,44세,상해없음,승용,남,70세,경상
2020092000100186,2020년 9월 20일 12시,일요일,강원도 삼척시 도계읍,경상사고,0,0,1,0,차대차 - 측면충돌,안전운전불이행,건조,맑음,교차로 - 교차로안,승용,남,25세,상해없음,사륜오토바이(ATV),여,72세,경상
2020092000100187,2020년 9월 20일 12시,일요일,강원도 홍천군 동면,경상사고,0,0,2,0,차대차 - 정면충돌,중앙선침범,건조,맑음,단일로 - 지하차도(도로)내,이륜,남,43세,기타불명,화물,남,68세,경상
2020092000100220,2020년 9월 20일 13시,일요일,강원도 강릉시 교동,경상사고,0,0,3,0,차대차 - 측면충돌,안전운전불이행,건조,맑음,단일로 - 기타,승용,남,51세,상해없음,승용,여,62세,경상
2020092000100300,2020년 9월 20일 15시,일요일,강원도 춘천시 서면,경상사고,0,0,1,0,차대차 - 측면충돌,안전운전불이행,건조,맑음,교차로 - 교차로횡단보도내,승용,남,54세,상해없음,승용,남,61세,경상
2020092000100301,2020년 9월 20일 15시,일요일,강원도 원주시 개운동,중상사고,0,1,0,0,차량단독 - 기타,안전운전불이행,건조,맑음,단일로 - 기타,승합,남,60세,상해없음,,,,
2020092000100377,2020년 9월 20일 17시,일요일,강원도 강릉시 옥천동,경상사고,0,0,1,0,차대사람 - 기타,안전운전불이행,건조,맑음,단일로 - 기타,화물,남,57세,상해없음,보행자,남,56세,경상
2020092000100378,2020년 9월 20일 17시,일요일,강원도 인제군 인제읍,중상사고,0,1,0,3,차대차 - 측면충돌,안전운전불이행,건조,맑음,교차로 - 교차로안,승합,남,57세,상해없음,승용,여,33세,부상신고
2020092000100408,2020년 9월 20일 18시,일요일,강원도 원주시 흥업면,중상사고,0,1,0,0,차대차 - 추돌,안전운전불이행,건조,맑음,단일로 - 기타,승용,남,62세,상해없음,농기계,남,57세,중상
2020092000100409,2020년 9월 20일 18시,일요일,강원도 동해시 발한동,경상사고,0,0,1,0,차대차 - 측면충돌,안전운전불이행,건조,맑음,교차로 - 교차로안,승용,남,60세,상해없음,승용,여,23세,경상
2020092000100471,2020년 9월 20일 20시,일요일,강원도 홍천군 북방면,경상사고,0,0,1,0,차대차 - 측면충돌,직진우회전진행방해,건조,맑음,교차로 - 교차로안,승용,남,63세,상해없음,승용,여,33세,경상
2020092000100496,2020년 9월 20일 21시,일요일,강원도 횡성군 공근면,사망사고,1,0,0,0,차량단독 - 공작물충돌,안전운전불이행,건조,맑음,단일로 - 기타,이륜,남,53세,사망,,,,
2020092100100021,2020년 9월 21일 02시,월요일,강원도 강릉시 교동,사망사고,2,1,2,0,차량단독 - 공작물충돌,과속,건조,맑음,단일로 - 기타,승용,남,31세,사망,,,,
2020092100100022,2020년 9월 21일 02시,월요일,강원도 평창군 대관령면,중상사고,0,1,1,0,차대차 - 기타,중앙선침범,건조,맑음,단일로 - 기타,승용,남,32세,상해없음,승용,여,69세,경상
2020092100100071,2020년 9월 21일 07시,월요일,강원도 춘천시 석사동,경상사고,0,0,1,0,차대차 - 기타,신호위반,건조,맑음,교차로 - 교차로안,승합,남,44세,상해없음,화물,남,59세,경상
2020092100100100,2020년 9월 21일 08시,월요일,강원도 춘천시 후평동,중상사고,0,1,0,0,차대차 - 측면충돌,직진우회전진행방해,건조,맑음,교차로 - 교차로안,승용,남,35세,상해없음,승용,여,39세,중상
2020092100100101,2020년 9월 21일 08시,월요일,강원도 강릉시 포남동,경상사고,0,0,2,0,차대차 - 측면충돌,신호위반,건조,맑음,교차로 - 교차로안,승용,여,51세,상해없음,승용,남,46세,경상
2020092100100102,2020년 9월 21일 08시,월요일,강원도 원주시 반곡동,경상사고,0,0,1,0,차대사람 - 횡단중,보행자보호의무위반,건조,맑음,교차로 - 교차로횡단보도내,승용,여,37세,상해없음,보행자,남,27세,경상
2020092100100103,2020년 9월 21일 08시,월요일,강원도 삼척시 정상동,경상사고,0,0,1,0,차대차 - 추돌,안전거리미확보,건조,맑음,교차로 - 교차로부근,승용,여,27세,상해없음,승용,남,55세,경상
2020092100100152,2020년 9월 21일 09시,월요일,강원도 동해시 송정동,중상사고,0,1,1,0,차대차 - 추돌,안전운전불이행,건조,맑음,교차로 - 교차로부근,승용,남,34세,상해없음,승용,남,59세,중상
2020092100100194,2020년 9월 21일 10시,월요일,강원도 춘천시 후평동,경상사고,0,0,1,0,차대차 - 측면충돌,안전운전불이행,건조,맑음,교차로 - 교차로안,원동기,남,57세,경상,화물,남,57세,상해없음
2020092100100195,2020년 9월 21일 10시,월요일,강원도 화천군 화천읍,경상사고,0,0,1,0,차대사람 - 횡단중,안전운전불이행,건조,맑음,교차로 - 교차로안,승용,남,52세,상해없음,보행자,남,71세,경상
2020092100100228,2020년 9월 21일 11시,월요일,강원도 춘천시 퇴계동,중상사고,0,1,0,0,차대사람 - 횡단중,보행자보호의무위반,건조,맑음,교차로 - 교차로안,승용,여,21세,상해없음,보행자,여,76세,중상
2020092100100229,2020년 9월 21일 11시,월요일,강원도 춘천시 석사동,부상신고사고,0,0,0,1,차대사람 - 보도통행중,기타,건조,맑음,단일로 - 기타,승용,여,39세,상해없음,보행자,남,42세,부상신고
2020092100100264,2020년 9월 21일 12시,월요일,강원도 춘천시 온의동,경상사고,0,0,1,0,차대차 - 후진중충돌,안전운전불이행,건조,맑음,단일로 - 기타,승용,남,66세,상해없음,승용,여,51세,상해없음
2020092100100265,2020년 9월 21일 12시,월요일,강원도 강릉시 성남동,경상사고,0,0,1,0,차대차 - 측면충돌,신호위반,건조,맑음,교차로 - 교차로부근,승용,여,25세,상해없음,자전거,남,76세,경상
2020092100100266,2020년 9월 21일 12시,월요일,강원도 강릉시 초당동,부상신고사고,0,0,0,1,차대사람 - 기타,기타,건조,맑음,기타 - 기타,이륜,남,40세,상해없음,보행자,여,6세,부상신고
2020092100100267,2020년 9월 21일 12시,월요일,강원도 원주시 단구동,경상사고,0,0,1,0,차대차 - 측면충돌,신호위반,건조,맑음,교차로 - 교차로안,화물,남,64세,상해없음,승용,남,54세,경상
2020092100100268,2020년 9월 21일 12시,월요일,강원도 원주시 단계동,경상사고,0,0,2,0,차대차 - 측면충돌,안전거리미확보,건조,맑음,단일로 - 기타,승합,남,61세,상해없음,승용,여,38세,경상
2020092100100269,2020년 9월 21일 12시,월요일,강원도 속초시 조양동,경상사고,0,0,1,0,차대사람 - 횡단중,보행자보호의무위반,건조,맑음,교차로 - 교차로안,승용,여,28세,상해없음,보행자,남,10세,경상
2020092100100270,2020년 9월 21일 12시,월요일,강원도 삼척시 교동,경상사고,0,0,1,0,차대차 - 측면충돌,안전운전불이행,건조,맑음,교차로 - 교차로부근,승용,남,49세,상해없음,승용,남,53세,경상
2020092100100304,2020년 9월 21일 13시,월요일,강원도 춘천시 약사동,경상사고,0,0,2,0,차대차 - 기타,교차로운행방법위반,건조,맑음,교차로 - 교차로안,승용,여,49세,경상,승용,여,47세,경상
2020092100100353,2020년 9월 21일 14시,월요일,강원도 영월군 영월읍,부상신고사고,0,0,0,1,차량단독 - 전도전복 - 전복,안전운전불이행,건조,맑음,단일로 - 교량,승용,남,63세,부상신고,,,,
2020092100100354,2020년 9월 21일 14시,월요일,강원도 태백시 황지동,경상사고,0,0,1,0,차대차 - 측면충돌,안전운전불이행,건조,맑음,주차장 - 주차장,승용,남,40세,상해없음,승용,남,43세,상해없음
2020092100100399,2020년 9월 21일 15시,월요일,강원도 춘천시 동면,경상사고,0,0,1,0,차대차 - 측면충돌,직진우회전진행방해,건조,맑음,교차로 - 교차로안,승용,남,28세,상해없음,승용,남,59세,경상
2020092100100400,2020년 9월 21일 15시,월요일,강원도 원주시 판부면,중상사고,0,1,2,0,차대차 - 측면충돌,중앙선침범,건조,맑음,단일로 - 기타,화물,남,73세,상해없음,승용,남,49세,경상
2020092100100447,2020년 9월 21일 16시,월요일,강원도 원주시 단구동,경상사고,0,0,1,0,차대사람 - 보도통행중,안전운전불이행,건조,맑음,기타 - 기타,기타불명,기타불명,미분류,기타불명,보행자,남,11세,경상
2020092100100501,2020년 9월 21일 17시,월요일,강원도 춘천시 효자동,경상사고,0,0,1,0,차대사람 - 기타,보행자보호의무위반,건조,맑음,교차로 - 교차로횡단보도내,승용,남,62세,상해없음,보행자,여,13세,경상
2020092100100502,2020년 9월 21일 17시,월요일,강원도 춘천시 신북읍,경상사고,0,0,2,0,차대차 - 측면충돌,안전운전불이행,건조,맑음,교차로 - 교차로안,화물,남,73세,경상,화물,남,42세,경상
2020092100100503,2020년 9월 21일 17시,월요일,강원도 삼척시 마달동,경상사고,0,0,1,0,차대차 - 추돌,안전거리미확보,건조,맑음,단일로 - 기타,화물,남,63세,상해없음,승용,남,46세,경상
2020092100100550,2020년 9월 21일 18시,월요일,강원도 삼척시 성북동,경상사고,0,0,1,0,차대차 - 측면충돌,안전운전불이행,건조,맑음,교차로 - 교차로안,승용,여,19세,상해없음,승용,남,82세,경상
2020092100100551,2020년 9월 21일 18시,월요일,강원도 삼척시 가곡면,중상사고,0,1,1,0,차대차 - 추돌,안전운전불이행,건조,맑음,단일로 - 기타,화물,남,57세,상해없음,승용,남,66세,중상
2020092100100597,2020년 9월 21일 19시,월요일,강원도 강릉시 옥천동,중상사고,0,1,0,0,차대사람 - 기타,안전운전불이행,건조,맑음,단일로 - 기타,승용,남,51세,상해없음,보행자,남,60세,중상
2020092200100055,2020년 9월 22일 06시,화요일,강원도 원주시 단구동,경상사고,0,0,1,0,차대차 - 측면충돌,신호위반,건조,맑음,교차로 - 교차로안,승용,여,69세,경상,승용,남,73세,상해없음
2020092200100080,2020년 9월 22일 07시,화요일,강원도 원주시 태장동,중상사고,0,1,0,0,차대차 - 측면충돌,안전거리미확보,건조,맑음,교차로 - 교차로부근,승용,남,52세,상해없음,이륜,남,25세,중상
2020092200100195,2020년 9월 22일 10시,화요일,강원도 춘천시 후평동,경상사고,0,0,2,0,차대차 - 측면충돌,중앙선침범,건조,맑음,교차로 - 교차로부근,승용,남,64세,상해없음,승용,여,64세,경상
2020092200100196,2020년 9월 22일 10시,화요일,강원도 원주시 흥업면,경상사고,0,0,1,0,차대차 - 측면충돌,신호위반,건조,맑음,교차로 - 교차로안,승용,남,79세,상해없음,승용,남,43세,경상
2020092200100236,2020년 9월 22일 11시,화요일,강원도 원주시 우산동,경상사고,0,0,1,0,차대차 - 추돌,신호위반,건조,맑음,교차로 - 교차로안,승합,남,61세,상해없음,승용,남,68세,상해없음
2020092200100237,2020년 9월 22일 11시,화요일,강원도 홍천군 홍천읍,경상사고,0,0,1,0,차대차 - 추돌,안전거리미확보,건조,맑음,단일로 - 지하차도(도로)내,승합,남,34세,상해없음,승용,남,68세,경상
2020092200100315,2020년 9월 22일 13시,화요일,강원도 화천군 사내면,경상사고,0,0,2,0,차대차 - 측면충돌,과속,건조,맑음,교차로 - 교차로안,승용,여,43세,경상,승용,남,79세,경상
2020092200100349,2020년 9월 22일 14시,화요일,강원도 춘천시 동면,경상사고,0,0,1,0,차대사람 - 기타,기타,건조,맑음,기타 - 기타,승합,여,49세,상해없음,보행자,여,10세,경상
2020092200100350,2020년 9월 22일 14시,화요일,강원도 철원군 동송읍,경상사고,0,0,1,0,차대사람 - 기타,안전운전불이행,건조,맑음,단일로 - 기타,승용,남,70세,상해없음,보행자,남,41세,경상
2020092200100453,2020년 9월 22일 16시,화요일,강원도 평창군 평창읍,경상사고,0,0,1,0,차대차 - 측면충돌,안전운전불이행,건조,맑음,교차로 - 교차로안,승용,남,69세,상해없음,승용,남,48세,경상
2020092200100454,2020년 9월 22일 16시,화요일,강원도 인제군 기린면,중상사고,0,1,0,0,차대사람 - 기타,안전운전불이행,건조,맑음,기타 - 기타,승용,여,44세,상해없음,보행자,남,51세,중상