사고번호,사고일시,요일,시군구,사고내용,사망자수,중상자수,경상자수,부상신고자수,사고유형,법규위반,노면상태,기상상태,도로형태,가해운전자 차종,가해운전자 성별,가해운전자 연령,가해운전자 상해정도,피해운전자 차종,피해운전자 성별,피해운전자 연령,피해운전자 상해정도
2020092700100386,2020년 9월 27일 17시,일요일,강원도 춘천시 중앙로2가,경상사고,0,0,1,0,차대사람 - 기타,안전운전불이행,건조,맑음,단일로 - 기타,승합,남,58세,상해없음,보행자,남,66세,경상
2020092700100425,2020년 9월 27일 18시,일요일,강원도 속초시 노학동,중상사고,0,1,0,0,차대차 - 측면충돌,안전운전불이행,건조,맑음,교차로 - 교차로안,승용,남,71세,상해없음,이륜,남,36세,중상
2020092700100457,2020년 9월 27일 19시,일요일,강원도 원주시 호저면,경상사고,0,0,1,0,차대차 - 측면충돌,안전운전불이행,건조,맑음,단일로 - 기타,승용,남,40세,상해없음,승용,남,48세,상해없음
2020092700100549,2020년 9월 27일 23시,일요일,강원도 강릉시 주문진읍,경상사고,0,0,1,0,차대차 - 추돌,안전운전불이행,건조,맑음,교차로 - 교차로안,승용,남,54세,상해없음,승용,남,69세,경상
2020092800100100,2020년 9월 28일 08시,월요일,강원도 원주시 개운동,경상사고,0,0,1,0,차대차 - 추돌,안전거리미확보,건조,맑음,교차로 - 교차로안,승합,남,62세,상해없음,승용,남,44세,경상
2020092800100101,2020년 9월 28일 08시,월요일,강원도 원주시 단계동,경상사고,0,0,1,0,차대차 - 후진중충돌,안전운전불이행,건조,맑음,기타 - 기타,승용,남,39세,상해없음,승용,여,47세,경상
2020092800100146,2020년 9월 28일 09시,월요일,강원도 원주시 개운동,경상사고,0,0,1,0,차대차 - 측면충돌,안전거리미확보,건조,맑음,단일로 - 기타,승용,여,52세,상해없음,승용,남,49세,경상
2020092800100147,2020년 9월 28일 09시,월요일,강원도 영월군 영월읍,중상사고,0,1,0,0,차량단독 - 기타,안전운전불이행,건조,맑음,단일로 - 기타,승합,남,62세,상해없음,,,,
2020092800100184,2020년 9월 28일 10시,월요일,강원도 태백시 황지동,경상사고,0,0,3,0,차대차 - 측면충돌,신호위반,건조,맑음,교차로 - 교차로안,승용,여,68세,경상,승용,남,30세,경상
2020092800100281,2020년 9월 28일 12시,월요일,강원도 춘천시 소양로1가,경상사고,0,0,3,0,차대차 - 측면충돌,신호위반,건조,맑음,교차로 - 교차로안,승용,여,80세,상해없음,승용,남,67세,경상
2020092800100282,2020년 9월 28일 12시,월요일,강원도 속초시 청학동,중상사고,0,1,0,0,차대차 - 추돌,안전운전불이행,건조,맑음,단일로 - 기타,화물,남,66세,상해없음,이륜,남,32세,중상
2020092800100283,2020년 9월 28일 12시,월요일,강원도 인제군 인제읍,중상사고,0,1,0,0,차대차 - 측면충돌,안전운전불이행,건조,맑음,교차로 - 교차로안,승용,여,68세,상해없음,이륜,남,39세,중상
2020092800100328,2020년 9월 28일 13시,월요일,강원도 원주시 호저면,경상사고,0,0,1,0,차대차 - 측면충돌,신호위반,건조,맑음,교차로 - 교차로안,승용,여,48세,상해없음,화물,남,46세,경상
2020092800100329,2020년 9월 28일 13시,월요일,강원도 속초시 대포동,중상사고,0,1,0,0,차대사람 - 횡단중,신호위반,건조,맑음,기타 - 기타,승용,남,52세,상해없음,보행자,여,65세,중상
2020092800100376,2020년 9월 28일 14시,월요일,강원도 춘천시 교동,경상사고,0,0,1,0,차대사람 - 길가장자리구역통행중,안전운전불이행,건조,맑음,단일로 - 기타,개인형이동수단(PM),여,22세,상해없음,보행자,여,64세,경상
2020092800100377,2020년 9월 28일 14시,월요일,강원도 원주시 단계동,경상사고,0,0,1,0,차대차 - 추돌,안전운전불이행,건조,맑음,기타 - 기타,승용,남,56세,상해없음,화물,남,41세,상해없음
2020092800100378,2020년 9월 28일 14시,월요일,강원도 원주시 관설동,경상사고,0,0,2,0,차대차 - 측면충돌,교차로운행방법위반,건조,맑음,교차로 - 교차로안,승용,남,42세,상해없음,승용,남,37세,경상
2020092800100379,2020년 9월 28일 14시,월요일,강원도 속초시 조양동,경상사고,0,0,1,0,차대차 - 측면충돌,안전운전불이행,건조,맑음,단일로 - 기타,화물,남,40세,상해없음,승용,남,50세,경상
2020092800100380,2020년 9월 28일 14시,월요일,강원도 횡성군 횡성읍,중상사고,0,1,0,0,차대사람 - 횡단중,보행자보호의무위반,건조,맑음,단일로 - 기타,승용,남,52세,상해없음,보행자,남,76세,중상
2020092800100433,2020년 9월 28일 15시,월요일,강원도 원주시 단계동,경상사고,0,0,2,0,차대차 - 추돌,안전거리미확보,건조,맑음,기타 - 기타,화물,남,31세,상해없음,승용,여,38세,경상
2020092800100434,2020년 9월 28일 15시,월요일,강원도 양구군 양구읍,경상사고,0,0,1,0,차대차 - 측면충돌,안전운전불이행,건조,맑음,교차로 - 교차로안,승합,남,57세,상해없음,이륜,남,31세,경상
2020092800100557,2020년 9월 28일 17시,월요일,강원도 태백시 황지동,경상사고,0,0,2,0,차대차 - 측면충돌,신호위반,건조,맑음,교차로 - 교차로안,승용,남,54세,상해없음,승용,여,24세,경상
2020092800100623,2020년 9월 28일 18시,월요일,강원도 원주시 개운동,경상사고,0,0,2,0,차대차 - 측면충돌,안전운전불이행,건조,맑음,단일로 - 기타,승용,남,59세,상해없음,승용,남,68세,경상
2020092800100694,2020년 9월 28일 19시,월요일,강원도 원주시 단구동,경상사고,0,0,2,0,차대차 - 측면충돌,안전운전불이행,기타,맑음,교차로 - 교차로부근,승용,남,65세,상해없음,승용,남,18세,경상
2020092800100767,2020년 9월 28일 21시,월요일,강원도 원주시 단구동,중상사고,0,1,0,0,차대차 - 측면충돌,신호위반,건조,맑음,교차로 - 교차로안,승용,여,30세,상해없음,자전거,여,27세,중상
2020092800100802,2020년 9월 28일 22시,월요일,강원도 횡성군 횡성읍,중상사고,0,1,0,0,차대사람 - 길가장자리구역통행중,안전운전불이행,건조,맑음,단일로 - 기타,승용,남,61세,상해없음,보행자,남,79세,중상
2020092800100824,2020년 9월 28일 23시,월요일,강원도 강릉시 입암동,경상사고,0,0,1,0,차대차 - 기타,안전운전불이행,건조,맑음,교차로 - 교차로부근,화물,남,37세,상해없음,승용,남,29세,경상
2020092900100009,2020년 9월 29일 00시,화요일,강원도 강릉시 노암동,경상사고,0,0,1,0,차대차 - 측면충돌,신호위반,건조,맑음,교차로 - 교차로안,승용,남,23세,상해없음,승용,남,56세,경상
2020092900100010,2020년 9월 29일 00시,화요일,강원도 원주시 단계동,중상사고,0,1,0,0,차대사람 - 횡단중,안전운전불이행,건조,맑음,단일로 - 기타,승용,남,66세,상해없음,보행자,남,59세,중상
2020092900100099,2020년 9월 29일 08시,화요일,강원도 춘천시 후평동,경상사고,0,0,2,0,차대차 - 추돌,안전거리미확보,건조,맑음,교차로 - 교차로안,승용,남,29세,상해없음,승용,남,66세,경상
2020092900100100,2020년 9월 29일 08시,화요일,강원도 춘천시 삼천동,경상사고,0,0,1,0,차대차 - 측면충돌,안전거리미확보,건조,맑음,단일로 - 기타,승합,여,52세,상해없음,승용,여,61세,경상
2020092900100101,2020년 9월 29일 08시,화요일,강원도 강릉시 사천면,경상사고,0,0,1,0,차대차 - 기타,안전운전불이행,건조,맑음,주차장 - 주차장,승용,여,48세,상해없음,승용,남,31세,경상
2020092900100102,2020년 9월 29일 08시,화요일,강원도 원주시 반곡동,경상사고,0,0,1,0,차대차 - 측면충돌,직진우회전진행방해,건조,맑음,교차로 - 교차로안,승용,남,48세,상해없음,승용,여,39세,경상
2020092900100103,2020년 9월 29일 08시,화요일,강원도 원주시 문막읍,중상사고,0,1,0,0,차대사람 - 횡단중,보행자보호의무위반,건조,맑음,교차로 - 교차로횡단보도내,승용,여,45세,상해없음,보행자,여,47세,중상
2020092900100104,2020년 9월 29일 08시,화요일,강원도 원주시 지정면,경상사고,0,0,4,0,차대차 - 추돌,안전운전불이행,건조,맑음,단일로 - 기타,승용,남,82세,경상,승용,여,35세,상해없음
2020092900100105,2020년 9월 29일 08시,화요일,강원도 영월군 영월읍,경상사고,0,0,2,0,차대차 - 측면충돌,안전운전불이행,건조,흐림,주차장 - 주차장,승용,여,51세,경상,승용,남,41세,경상
2020092900100187,2020년 9월 29일 10시,화요일,강원도 원주시 단구동,경상사고,0,0,1,0,차대차 - 측면충돌,안전운전불이행,건조,맑음,교차로 - 교차로횡단보도내,승용,남,38세,상해없음,자전거,남,57세,경상
2020092900100188,2020년 9월 29일 10시,화요일,강원도 평창군 대화면,중상사고,0,1,0,0,차대사람 - 차도통행중,안전운전불이행,건조,맑음,기타 - 기타,화물,남,76세,상해없음,보행자,남,83세,중상
2020092900100237,2020년 9월 29일 11시,화요일,강원도 춘천시 칠전동,중상사고,0,1,0,0,차대차 - 기타,안전운전불이행,건조,맑음,단일로 - 기타,화물,남,57세,상해없음,자전거,남,43세,중상
2020092900100268,2020년 9월 29일 12시,화요일,강원도 홍천군 홍천읍,경상사고,0,0,1,0,차대차 - 추돌,교차로운행방법위반,건조,맑음,교차로 - 교차로안,승용,남,50세,상해없음,승용,여,45세,경상
2020092900100269,2020년 9월 29일 12시,화요일,강원도 홍천군 화촌면,경상사고,0,0,2,0,차대차 - 측면충돌,안전운전불이행,건조,맑음,단일로 - 기타,이륜,남,19세,기타불명,승용,남,60세,경상
2020092900100270,2020년 9월 29일 12시,화요일,강원도 홍천군 동면,중상사고,0,1,0,0,차대차 - 기타,직진우회전진행방해,건조,맑음,교차로 - 교차로안,승용,남,25세,상해없음,이륜,남,48세,중상
2020092900100317,2020년 9월 29일 13시,화요일,강원도 강릉시 왕산면,경상사고,0,0,1,0,차대차 - 측면충돌,중앙선침범,건조,맑음,단일로 - 기타,화물,남,64세,상해없음,화물,남,50세,경상
2020092900100318,2020년 9월 29일 13시,화요일,강원도 원주시 중앙동,경상사고,0,0,1,0,차대차 - 추돌,안전거리미확보,건조,맑음,단일로 - 기타,승용,남,75세,상해없음,승합,남,68세,경상
2020092900100319,2020년 9월 29일 13시,화요일,강원도 원주시 단계동,경상사고,0,0,2,0,차대차 - 측면충돌,안전거리미확보,건조,맑음,단일로 - 기타,승용,남,56세,경상,승용,남,27세,상해없음
2020092900100320,2020년 9월 29일 13시,화요일,강원도 양양군 현남면,경상사고,0,0,1,0,차대차 - 측면충돌,안전운전불이행,건조,맑음,교차로 - 교차로안,승용,남,61세,상해없음,승용,남,60세,경상
2020092900100374,2020년 9월 29일 14시,화요일,강원도 원주시 무실동,경상사고,0,0,1,0,차대차 - 측면충돌,안전운전불이행,건조,맑음,교차로 - 교차로안,승용,남,55세,상해없음,승용,여,48세,경상
2020092900100436,2020년 9월 29일 15시,화요일,강원도 춘천시 온의동,경상사고,0,0,1,0,차대차 - 측면충돌,차로위반,건조,맑음,교차로 - 교차로부근,건설기계,남,57세,상해없음,화물,남,61세,경상
2020092900100437,2020년 9월 29일 15시,화요일,강원도 원주시 소초면,중상사고,0,1,0,0,차대차 - 측면충돌,안전거리미확보,건조,맑음,단일로 - 기타,화물,남,56세,상해없음,승용,여,47세,중상
2020092900100438,2020년 9월 29일 15시,화요일,강원도 태백시 황지동,경상사고,0,0,1,0,차대차 - 추돌,안전거리미확보,건조,맑음,단일로 - 기타,승용,여,66세,상해없음,이륜,남,44세,경상
2020092900100490,2020년 9월 29일 16시,화요일,강원도 원주시 명륜동,경상사고,0,0,2,3,차대차 - 추돌,안전거리미확보,건조,맑음,교차로 - 교차로부근,승용,남,72세,상해없음,승용,남,31세,경상
2020092900100491,2020년 9월 29일 16시,화요일,강원도 양양군 양양읍,경상사고,0,0,1,0,차대사람 - 횡단중,보행자보호의무위반,건조,맑음,단일로 - 기타,승용,여,43세,상해없음,보행자,남,6세,경상
2020092900100558,2020년 9월 29일 17시,화요일,강원도 원주시 문막읍,경상사고,0,0,1,0,차대차 - 측면충돌,안전운전불이행,건조,맑음,교차로 - 교차로안,승용,여,32세,상해없음,승용,남,68세,경상
2020092900100559,2020년 9월 29일 17시,화요일,강원도 삼척시 우지동,경상사고,0,0,1,0,차대차 - 추돌,안전거리미확보,건조,맑음,단일로 - 지하차도(도로)내,승용,여,28세,상해없음,승용,여,44세,경상
2020092900100560,2020년 9월 29일 17시,화요일,강원도 횡성군 횡성읍,경상사고,0,0,1,0,차대차 - 측면충돌,안전운전불이행,건조,맑음,단일로 - 기타,승용,남,27세,기타불명,승용,여,48세,경상
2020092900100609,2020년 9월 29일 18시,화요일,강원도 강릉시 연곡면,중상사고,0,3,0,0,차대차 - 추돌,과속,건조,맑음,교차로 - 교차로안,화물,남,50세,중상,승용,남,66세,중상
2020092900100610,2020년 9월 29일 18시,화요일,강원도 원주시 호저면,사망사고,1,0,0,0,차대사람 - 기타,과속,건조,기타,기타 - 기타,승용,여,41세,상해없음,보행자,여,84세,사망
2020092900100669,2020년 9월 29일 19시,화요일,강원도 춘천시 효자동,중상사고,0,1,0,0,차대사람 - 기타,안전운전불이행,건조,맑음,단일로 - 기타,화물,남,60세,상해없음,보행자,남,51세,중상
2020092900100670,2020년 9월 29일 19시,화요일,강원도 원주시 태장동,경상사고,0,0,2,0,차대차 - 기타,안전운전불이행,건조,기타,교차로 - 교차로부근,승용,여,57세,경상,승용,여,54세,경상
2020092900100671,2020년 9월 29일 19시,화요일,강원도 홍천군 홍천읍,중상사고,0,1,0,0,차대차 - 측면충돌,안전거리미확보,건조,맑음,단일로 - 지하차도(도로)내,승용,남,65세,상해없음,이륜,남,22세,중상
2020092900100725,2020년 9월 29일 20시,화요일,강원도 춘천시 사농동,경상사고,0,0,1,0,차대차 - 후진중충돌,안전운전불이행,건조,맑음,단일로 - 기타,승용,남,50세,상해없음,승용,남,44세,경상
2020092900100726,2020년 9월 29일 20시,화요일,강원도 춘천시 온의동,경상사고,0,0,1,0,차대차 - 측면충돌,차로위반,건조,맑음,단일로 - 기타,승용,남,26세,상해없음,화물,남,50세,경상
2020092900100727,2020년 9월 29일 20시,화요일,강원도 홍천군 홍천읍,경상사고,0,0,1,0,차대차 - 측면충돌,안전운전불이행,건조,맑음,단일로 - 지하차도(도로)내,승용,여,42세,상해없음,이륜,남,35세,경상
2020092900100772,2020년 9월 29일 21시,화요일,강원도 춘천시 동내면,경상사고,0,0,1,0,차대차 - 측면충돌,안전운전불이행,건조,맑음,단일로 - 기타,승용,남,50세,상해없음,승용,남,49세,경상
2020092900100773,2020년 9월 29일 21시,화요일,강원도 춘천시 퇴계동,경상사고,0,0,1,0,차대사람 - 횡단중,신호위반,건조,맑음,교차로 - 교차로안,승용,남,63세,상해없음,보행자,남,7세,경상
2020093000100010,2020년 9월 30일 00시,수요일,강원도 춘천시 효자동,경상사고,0,0,1,0,차대차 - 기타,기타,건조,맑음,교차로 - 교차로부근,승용,남,60세,상해없음,이륜,남,19세,경상
2020093000100011,2020년 9월 30일 00시,수요일,강원도 평창군 봉평면,부상신고사고,0,0,0,1,차대사람 - 기타,안전운전불이행,건조,맑음,기타 - 기타,승용,여,38세,상해없음,보행자,남,39세,부상신고
2020093000100031,2020년 9월 30일 01시,수요일,강원도 양양군 현남면,중상사고,0,3,0,0,차대차 - 추돌,안전운전불이행,건조,맑음,단일로 - 기타,화물,남,42세,상해없음,특수,남,44세,중상
2020093000100047,2020년 9월 30일 02시,수요일,강원도 춘천시 효자동,부상신고사고,0,0,0,1,차대차 - 기타,신호위반,건조,맑음,교차로 - 교차로안,기타불명,기타불명,미분류,기타불명,승용,남,22세,부상신고
2020093000100103,2020년 9월 30일 08시,수요일,강원도 춘천시 퇴계동,중상사고,0,1,0,0,차대차 - 기타,안전운전불이행,건조,맑음,단일로 - 기타,자전거,남,59세,중상,승용,남,61세,상해없음
2020093000100104,2020년 9월 30일 08시,수요일,강원도 원주시 개운동,경상사고,0,0,2,0,차대차 - 정면충돌,직진우회전진행방해,건조,맑음,교차로 - 교차로안,승합,남,49세,경상,승용,남,46세,경상
2020093000100105,2020년 9월 30일 08시,수요일,강원도 철원군 동송읍,경상사고,0,0,1,0,차대차 - 기타,교차로운행방법위반,건조,맑음,교차로 - 교차로안,승용,남,44세,상해없음,승용,남,38세,경상
2020093000100127,2020년 9월 30일 09시,수요일,강원도 강릉시 노암동,중상사고,0,1,0,0,차대사람 - 기타,안전운전불이행,건조,맑음,단일로 - 기타,원동기,남,62세,상해없음,보행자,여,36세,중상
2020093000100128,2020년 9월 30일 09시,수요일,강원도 삼척시 근덕면,중상사고,0,1,0,0,차대사람 - 횡단중,안전운전불이행,건조,맑음,교차로 - 교차로안,승합,남,59세,상해없음,보행자,여,75세,중상
2020093000100151,2020년 9월 30일 10시,수요일,강원도 원주시 단구동,경상사고,0,0,5,0,차대차 - 측면충돌,교차로운행방법위반,건조,맑음,교차로 - 교차로안,승용,남,62세,경상,승용,남,57세,경상
2020093000100152,2020년 9월 30일 10시,수요일,강원도 동해시 천곡동,경상사고,0,0,1,0,차대차 - 측면충돌,안전운전불이행,건조,맑음,교차로 - 교차로안,승용,여,46세,경상,승용,남,46세,상해없음
2020093000100242,2020년 9월 30일 13시,수요일,강원도 원주시 단구동,경상사고,0,0,1,0,차대차 - 추돌,안전운전불이행,건조,맑음,교차로 - 교차로안,승용,남,23세,상해없음,승용,여,49세,경상
2020093000100273,2020년 9월 30일 14시,수요일,강원도 철원군 서면,중상사고,0,1,0,0,차대차 - 측면충돌,직진우회전진행방해,건조,맑음,교차로 - 교차로안,승용,남,25세,상해없음,승용,여,52세,상해없음
2020093000100307,2020년 9월 30일 15시,수요일,강원도 원주시 개운동,중상사고,0,1,2,0,차대차 - 측면충돌,교차로운행방법위반,건조,맑음,교차로 - 교차로안,승용,여,23세,경상,승용,남,32세,중상
2020093000100308,2020년 9월 30일 15시,수요일,강원도 삼척시 근덕면,경상사고,0,0,1,0,차대사람 - 기타,안전운전불이행,건조,맑음,단일로 - 기타,승용,여,51세,상해없음,보행자,남,5세,경상
2020093000100309,2020년 9월 30일 15시,수요일,강원도 동해시 천곡동,경상사고,0,0,1,0,차대차 - 추돌,안전운전불이행,건조,맑음,단일로 - 기타,승용,남,55세,상해없음,승용,남,36세,경상
2020093000100345,2020년 9월 30일 16시,수요일,강원도 춘천시 온의동,부상신고사고,0,0,0,1,차대차 - 기타,차로위반,건조,맑음,단일로 - 기타,승용,남,57세,상해없음,승용,여,22세,부상신고
2020093000100346,2020년 9월 30일 16시,수요일,강원도 태백시 장성동,경상사고,0,0,4,0,차대차 - 정면충돌,중앙선침범,건조,흐림,단일로 - 기타,승용,여,51세,기타불명,승용,남,55세,경상
2020093000100370,2020년 9월 30일 17시,수요일,강원도 강릉시 노암동,경상사고,0,0,5,0,차대차 - 측면충돌,안전운전불이행,건조,맑음,교차로 - 교차로부근,승용,남,76세,상해없음,승용,남,48세,경상
2020093000100371,2020년 9월 30일 17시,수요일,강원도 원주시 가현동,경상사고,0,0,1,0,차대차 - 추돌,안전거리미확보,건조,맑음,단일로 - 기타,승용,남,43세,상해없음,승용,남,21세,경상
2020093000100400,2020년 9월 30일 18시,수요일,강원도 원주시 태장동,경상사고,0,0,1,0,차대차 - 측면충돌,안전운전불이행,건조,맑음,교차로 - 교차로안,승용,남,59세,상해없음,승용,남,35세,경상
2020093000100401,2020년 9월 30일 18시,수요일,강원도 속초시 조양동,경상사고,0,0,1,0,차대사람 - 횡단중,안전운전불이행,젖음/습기,비,교차로 - 교차로부근,승용,여,58세,상해없음,보행자,남,35세,경상
2020093000100431,2020년 9월 30일 19시,수요일,강원도 강릉시 청량동,경상사고,0,0,3,0,차대차 - 측면충돌,차로위반,젖음/습기,비,교차로 - 교차로부근,승용,여,45세,상해없음,승용,남,20세,경상
2020093000100432,2020년 9월 30일 19시,수요일,강원도 태백시 황지동,경상사고,0,0,2,0,차대차 - 추돌,안전거리미확보,건조,흐림,교차로 - 교차로안,승용,남,53세,상해없음,승용,여,51세,경상
2020093000100458,2020년 9월 30일 20시,수요일,강원도 홍천군 홍천읍,경상사고,0,0,1,0,차대차 - 추돌,안전운전불이행,건조,맑음,단일로 - 기타,승용,남,38세,상해없음,이륜,남,18세,경상
2020093000100480,2020년 9월 30일 21시,수요일,강원도 원주시 단계동,경상사고,0,0,1,0,차대사람 - 횡단중,안전운전불이행,건조,맑음,단일로 - 기타,승용,남,66세,상해없음,보행자,남,45세,경상
2020093000100481,2020년 9월 30일 21시,수요일,강원도 동해시 천곡동,경상사고,0,0,1,0,차대사람 - 횡단중,보행자보호의무위반,건조,맑음,교차로 - 교차로횡단보도내,승용,남,76세,상해없음,보행자,여,53세,경상
2020100100100003,2020년 10월 1일 00시,목요일,강원도 태백시 황지동,경상사고,0,0,1,0,차대사람 - 횡단중,안전운전불이행,건조,맑음,단일로 - 기타,승용,남,22세,상해없음,보행자,여,38세,경상
2020100100100019,2020년 10월 1일 01시,목요일,강원도 춘천시 효자동,부상신고사고,0,0,0,1,차대차 - 추돌,안전운전불이행,건조,맑음,교차로 - 교차로부근,승용,남,24세,상해없음,승용,여,45세,부상신고
2020100100100038,2020년 10월 1일 05시,목요일,강원도 춘천시 온의동,경상사고,0,0,3,0,차대차 - 정면충돌,신호위반,건조,맑음,교차로 - 교차로안,승용,남,56세,상해없음,승용,남,46세,경상
2020100100100051,2020년 10월 1일 08시,목요일,강원도 원주시 평원동,경상사고,0,0,2,0,차대차 - 측면충돌,신호위반,건조,맑음,교차로 - 교차로안,승용,남,59세,상해없음,승용,여,44세,경상
2020100100100062,2020년 10월 1일 09시,목요일,강원도 태백시 장성동,사망사고,1,0,0,0,차량단독 - 공작물충돌,안전운전불이행,건조,맑음,교차로 - 교차로안,이륜,남,85세,사망,,,,
2020100100100069,2020년 10월 1일 10시,목요일,강원도 원주시 개운동,중상사고,0,1,1,0,차대차 - 기타,직진우회전진행방해,건조,맑음,교차로 - 교차로안,승용,여,33세,상해없음,승용,여,42세,경상
2020100100100083,2020년 10월 1일 11시,목요일,강원도 양양군 양양읍,경상사고,0,0,3,0,차대차 - 추돌,안전운전불이행,건조,맑음,교차로 - 교차로부근,승용,여,54세,상해없음,승용,남,59세,경상
2020100100100133,2020년 10월 1일 13시,목요일,강원도 양양군 현북면,경상사고,0,0,1,0,차대사람 - 보도통행중,안전운전불이행,건조,맑음,단일로 - 지하차도(도로)내,승용,남,35세,기타불명,보행자,여,51세,경상
2020100100100213,2020년 10월 1일 16시,목요일,강원도 원주시 단계동,경상사고,0,0,2,0,차대차 - 측면충돌,안전운전불이행,건조,맑음,단일로 - 기타,승용,남,58세,상해없음,화물,남,47세,경상
2020100100100214,2020년 10월 1일 16시,목요일,강원도 홍천군 서석면,사망사고,1,0,0,0,차량단독 - 전도전복 - 전도,안전운전불이행,건조,맑음,단일로 - 지하차도(도로)내,이륜,남,46세,상해없음,,,,
2020100100100229,2020년 10월 1일 17시,목요일,강원도 춘천시 석사동,경상사고,0,0,1,0,차대사람 - 기타,안전운전불이행,건조,맑음,단일로 - 기타,화물,여,63세,상해없음,보행자,남,48세,경상
2020100100100230,2020년 10월 1일 17시,목요일,강원도 홍천군 북방면,경상사고,0,0,4,0,차대차 - 측면충돌,안전운전불이행,건조,맑음,단일로 - 지하차도(도로)내,사륜오토바이(ATV),남,54세,상해없음,승용,여,44세,경상
2020100100100315,2020년 10월 1일 22시,목요일,강원도 화천군 화천읍,경상사고,0,0,1,0,차대차 - 추돌,안전운전불이행,건조,흐림,단일로 - 기타,승용,남,51세,상해없음,승용,남,53세,경상
2020100200100005,2020년 10월 2일 00시,금요일,강원도 춘천시 효자동,경상사고,0,0,4,0,차대차 - 측면충돌,안전운전불이행,건조,맑음,단일로 - 기타,승용,남,20세,상해없음,승용,남,28세,경상
2020100200100059,2020년 10월 2일 09시,금요일,강원도 평창군 미탄면,경상사고,0,0,1,0,차대차 - 측면충돌,과속,건조,맑음,교차로 - 교차로안,승용,남,21세,경상,화물,여,54세,상해없음
2020100200100072,2020년 10월 2일 10시,금요일,강원도 횡성군 횡성읍,경상사고,0,0,2,0,차대차 - 정면충돌,안전운전불이행,건조,맑음,교차로 - 교차로안,승용,여,67세,경상,승용,남,50세,경상
2020100200100092,2020년 10월 2일 11시,금요일,강원도 춘천시 송암동,경상사고,0,0,1,0,차대차 - 기타,안전운전불이행,건조,맑음,단일로 - 기타,승용,남,56세,상해없음,자전거,남,41세,경상
2020100200100093,2020년 10월 2일 11시,금요일,강원도 영월군 영월읍,부상신고사고,0,0,0,2,차대차 - 측면충돌,교차로운행방법위반,건조,맑음,교차로 - 교차로안,승용,남,51세,부상신고,화물,남,54세,부상신고
2020100200100094,2020년 10월 2일 11시,금요일,강원도 동해시 천곡동,경상사고,0,0,2,0,차대차 - 측면충돌,안전운전불이행,건조,맑음,주차장 - 주차장,승용,여,27세,상해없음,승용,남,28세,상해없음
2020100200100116,2020년 10월 2일 12시,금요일,강원도 홍천군 홍천읍,중상사고,0,1,0,0,차대차 - 측면충돌,교차로운행방법위반,건조,맑음,교차로 - 교차로안,승용,남,55세,상해없음,이륜,남,44세,중상
2020100200100140,2020년 10월 2일 13시,금요일,강원도 태백시 문곡동,경상사고,0,0,1,0,차대차 - 정면충돌,신호위반,건조,맑음,교차로 - 교차로안,승용,남,22세,상해없음,승용,여,52세,경상
2020100200100163,2020년 10월 2일 14시,금요일,강원도 원주시 단계동,경상사고,0,0,2,0,차대차 - 기타,안전운전불이행,건조,맑음,교차로 - 교차로안,승용,여,46세,상해없음,승용,남,67세,경상
2020100200100164,2020년 10월 2일 14시,금요일,강원도 인제군 북면,경상사고,0,0,2,0,차대차 - 추돌,안전운전불이행,건조,맑음,단일로 - 터널,특수,남,45세,상해없음,화물,남,66세,경상
2020100200100218,2020년 10월 2일 16시,금요일,강원도 속초시 금호동,중상사고,0,1,0,0,차대사람 - 길가장자리구역통행중,안전운전불이행,건조,맑음,단일로 - 지하차도(도로)내,자전거,남,10세,상해없음,보행자,여,68세,중상
2020100200100219,2020년 10월 2일 16시,금요일,강원도 삼척시 근덕면,경상사고,0,0,2,0,차량단독 - 전도전복 - 전복,안전운전불이행,기타,맑음,단일로 - 교량,승용,남,47세,상해없음,,,,
2020100200100246,2020년 10월 2일 17시,금요일,강원도 홍천군 두촌면,중상사고,0,2,1,0,차대차 - 측면충돌,교차로운행방법위반,건조,맑음,교차로 - 교차로안,승용,남,56세,기타불명,화물,남,27세,중상
2020100200100247,2020년 10월 2일 17시,금요일,강원도 화천군 하남면,중상사고,0,1,2,0,차대차 - 측면충돌,교차로운행방법위반,건조,맑음,교차로 - 교차로안,승용,남,78세,상해없음,승용,여,61세,중상
2020100200100270,2020년 10월 2일 18시,금요일,강원도 원주시 단구동,경상사고,0,0,3,0,차대차 - 측면충돌,직진우회전진행방해,건조,맑음,교차로 - 교차로안,화물,남,53세,상해없음,승용,남,44세,경상
2020100200100271,2020년 10월 2일 18시,금요일,강원도 양구군 남면,경상사고,0,0,2,0,차량단독 - 기타,안전운전불이행,건조,맑음,교차로 - 교차로안,승용,남,63세,경상,,,,
2020100200100314,2020년 10월 2일 19시,금요일,강원도 원주시 지정면,경상사고,0,0,3,0,차대차 - 측면충돌,안전운전불이행,건조,맑음,단일로 - 기타,승용,여,56세,경상,개인형이동수단(PM),남,17세,경상
2020100200100315,2020년 10월 2일 19시,금요일,강원도 속초시 노학동,경상사고,0,0,3,0,차대차 - 측면충돌,안전운전불이행,건조,맑음,단일로 - 지하차도(도로)내,승합,남,63세,상해없음,승용,남,44세,경상