사고번호,사고일시,요일,시군구,사고내용,사망자수,중상자수,경상자수,부상신고자수,사고유형,법규위반,노면상태,기상상태,도로형태,가해운전자 차종,가해운전자 성별,가해운전자 연령,가해운전자 상해정도,피해운전자 차종,피해운전자 성별,피해운전자 연령,피해운전자 상해정도
2020100200100345,2020년 10월 2일 20시,금요일,강원도 강릉시 주문진읍,경상사고,0,0,1,0,차대차 - 측면충돌,안전운전불이행,건조,맑음,기타 - 기타,승용,남,48세,상해없음,승용,여,47세,경상
2020100200100346,2020년 10월 2일 20시,금요일,강원도 강릉시 강문동,경상사고,0,0,1,0,차대사람 - 횡단중,안전운전불이행,건조,맑음,단일로 - 기타,승용,남,33세,상해없음,보행자,남,44세,경상
2020100200100366,2020년 10월 2일 21시,금요일,강원도 강릉시 안현동,경상사고,0,0,4,0,차대차 - 정면충돌,신호위반,건조,맑음,단일로 - 기타,승용,여,41세,상해없음,승용,남,39세,경상
2020100200100367,2020년 10월 2일 21시,금요일,강원도 원주시 호저면,경상사고,0,0,3,0,차대차 - 추돌,신호위반,건조,맑음,교차로 - 교차로안,승용,남,47세,상해없음,승용,남,55세,상해없음
2020100300100047,2020년 10월 3일 04시,토요일,강원도 원주시 단계동,중상사고,0,1,0,0,차대사람 - 횡단중,보행자보호의무위반,건조,맑음,교차로 - 교차로횡단보도내,승용,남,22세,상해없음,보행자,여,22세,중상
2020100300100084,2020년 10월 3일 09시,토요일,강원도 춘천시 사농동,경상사고,0,0,2,0,차대차 - 측면충돌,안전운전불이행,건조,맑음,단일로 - 기타,승용,남,72세,상해없음,승용,남,63세,경상
2020100300100085,2020년 10월 3일 09시,토요일,강원도 원주시 태장동,경상사고,0,0,1,0,차대차 - 측면충돌,안전운전불이행,젖음/습기,흐림,교차로 - 교차로안,승용,여,59세,상해없음,승용,남,35세,경상
2020100300100086,2020년 10월 3일 09시,토요일,강원도 속초시 조양동,경상사고,0,0,1,0,차대사람 - 횡단중,안전운전불이행,건조,맑음,단일로 - 기타,승용,남,22세,상해없음,보행자,남,61세,경상
2020100300100087,2020년 10월 3일 09시,토요일,강원도 태백시 황지동,경상사고,0,0,1,0,차대차 - 측면충돌,교차로운행방법위반,건조,맑음,교차로 - 교차로안,승용,남,63세,상해없음,승용,여,74세,경상
2020100300100088,2020년 10월 3일 09시,토요일,강원도 태백시 문곡동,경상사고,0,0,1,0,차대차 - 측면충돌,안전운전불이행,젖음/습기,비,단일로 - 기타,승용,남,57세,상해없음,승용,남,38세,경상
2020100300100089,2020년 10월 3일 09시,토요일,강원도 태백시 장성동,중상사고,0,1,0,0,차대사람 - 기타,안전운전불이행,젖음/습기,비,단일로 - 기타,승용,남,84세,상해없음,보행자,남,29세,중상
2020100300100103,2020년 10월 3일 10시,토요일,강원도 고성군 현내면,중상사고,0,1,0,0,차대차 - 정면충돌,중앙선침범,건조,맑음,단일로 - 기타,화물,남,55세,상해없음,승용,남,36세,중상
2020100300100144,2020년 10월 3일 12시,토요일,강원도 원주시 우산동,경상사고,0,0,4,0,차대차 - 측면충돌,안전운전불이행,건조,맑음,교차로 - 교차로부근,승용,남,51세,상해없음,승합,남,57세,경상
2020100300100174,2020년 10월 3일 13시,토요일,강원도 춘천시 서면,경상사고,0,0,3,0,차대차 - 추돌,안전거리미확보,건조,맑음,단일로 - 기타,승용,여,72세,경상,승용,남,56세,경상
2020100300100175,2020년 10월 3일 13시,토요일,강원도 춘천시 우두동,경상사고,0,0,1,0,차대차 - 측면충돌,직진우회전진행방해,건조,맑음,교차로 - 교차로안,승용,여,63세,상해없음,승용,남,21세,경상
2020100300100176,2020년 10월 3일 13시,토요일,강원도 강릉시 교동,경상사고,0,0,1,0,차대차 - 측면충돌,안전운전불이행,건조,맑음,교차로 - 교차로안,승용,여,53세,상해없음,승용,남,52세,경상
2020100300100177,2020년 10월 3일 13시,토요일,강원도 인제군 남면,중상사고,0,1,0,0,차대차 - 측면충돌,안전운전불이행,건조,맑음,단일로 - 기타,승용,남,61세,상해없음,이륜,여,32세,중상
2020100300100205,2020년 10월 3일 14시,토요일,강원도 속초시 중앙동,경상사고,0,0,1,0,차대사람 - 횡단중,보행자보호의무위반,건조,흐림,교차로 - 교차로부근,승용,여,56세,상해없음,보행자,여,29세,경상
2020100300100243,2020년 10월 3일 15시,토요일,강원도 평창군 대관령면,중상사고,0,2,1,0,차대차 - 측면충돌,안전운전불이행,건조,맑음,주차장 - 주차장,승용,남,60세,중상,승용,남,27세,경상
2020100300100267,2020년 10월 3일 16시,토요일,강원도 홍천군 화촌면,경상사고,0,0,3,1,차대차 - 측면충돌,안전거리미확보,건조,맑음,단일로 - 지하차도(도로)내,승용,남,33세,경상,화물,남,66세,경상
2020100300100326,2020년 10월 3일 18시,토요일,강원도 홍천군 내촌면,중상사고,0,1,2,0,차량단독 - 전도전복 - 전도,안전운전불이행,건조,맑음,단일로 - 지하차도(도로)내,승용,남,65세,상해없음,,,,
2020100300100358,2020년 10월 3일 19시,토요일,강원도 원주시 단계동,경상사고,0,0,2,0,차대차 - 측면충돌,안전운전불이행,건조,맑음,단일로 - 기타,승용,여,61세,상해없음,화물,남,57세,경상
2020100300100388,2020년 10월 3일 20시,토요일,강원도 춘천시 남산면,중상사고,0,1,3,0,차대차 - 추돌,안전운전불이행,건조,흐림,단일로 - 기타,승용,남,20세,경상,승용,여,37세,경상
2020100300100389,2020년 10월 3일 20시,토요일,강원도 속초시 교동,중상사고,0,1,0,0,차대차 - 기타,안전운전불이행,건조,맑음,교차로 - 교차로부근,승용,남,57세,상해없음,이륜,남,39세,중상
2020100400100063,2020년 10월 4일 06시,일요일,강원도 삼척시 도계읍,중상사고,0,1,0,0,차대사람 - 차도통행중,안전운전불이행,건조,맑음,단일로 - 기타,화물,남,61세,상해없음,보행자,여,80세,중상
2020100400100088,2020년 10월 4일 09시,일요일,강원도 화천군 하남면,경상사고,0,0,2,0,차대차 - 측면충돌,중앙선침범,건조,맑음,단일로 - 기타,승용,남,56세,경상,승용,남,29세,경상
2020100400100191,2020년 10월 4일 14시,일요일,강원도 화천군 사내면,경상사고,0,0,2,0,차량단독 - 공작물충돌,안전운전불이행,건조,맑음,기타 - 기타,승용,여,62세,경상,,,,
2020100400100222,2020년 10월 4일 15시,일요일,강원도 태백시 황지동,경상사고,0,0,3,0,차대차 - 측면충돌,교차로운행방법위반,건조,맑음,교차로 - 교차로안,승용,남,53세,상해없음,승용,남,70세,경상
2020100400100243,2020년 10월 4일 16시,일요일,강원도 삼척시 갈천동,경상사고,0,0,1,0,차대차 - 추돌,안전운전불이행,건조,맑음,단일로 - 지하차도(도로)내,자전거,남,13세,경상,승용,남,26세,상해없음
2020100400100244,2020년 10월 4일 16시,일요일,강원도 영월군 영월읍,부상신고사고,0,0,0,1,차대차 - 측면충돌,중앙선침범,건조,맑음,교차로 - 교차로부근,이륜,남,22세,부상신고,승용,남,59세,상해없음
2020100400100245,2020년 10월 4일 16시,일요일,강원도 양구군 남면,중상사고,0,1,0,0,차량단독 - 공작물충돌,안전운전불이행,건조,맑음,교차로 - 교차로안,사륜오토바이(ATV),남,90세,중상,,,,
2020100400100246,2020년 10월 4일 16시,일요일,강원도 동해시 송정동,중상사고,0,1,0,0,차대차 - 기타,안전운전불이행,건조,맑음,단일로 - 기타,승용,여,57세,상해없음,자전거,남,76세,중상
2020100400100307,2020년 10월 4일 18시,일요일,강원도 원주시 명륜동,경상사고,0,0,2,0,차대차 - 기타,안전운전불이행,건조,맑음,교차로 - 교차로부근,화물,남,52세,상해없음,승용,남,29세,경상
2020100400100308,2020년 10월 4일 18시,일요일,강원도 양양군 양양읍,중상사고,0,1,0,0,차대차 - 추돌,안전운전불이행,건조,맑음,교차로 - 교차로부근,승합,남,25세,상해없음,이륜,남,26세,중상
2020100400100338,2020년 10월 4일 19시,일요일,강원도 철원군 동송읍,중상사고,0,1,0,0,차대차 - 측면충돌,안전운전불이행,건조,맑음,교차로 - 교차로안,승용,남,24세,상해없음,이륜,남,30세,중상
2020100400100357,2020년 10월 4일 20시,일요일,강원도 강릉시 노암동,경상사고,0,0,1,0,차대사람 - 기타,안전운전불이행,건조,맑음,기타 - 기타,원동기,남,66세,상해없음,보행자,남,28세,경상
2020100500100039,2020년 10월 5일 06시,월요일,강원도 원주시 무실동,경상사고,0,0,1,0,차대차 - 기타,신호위반,건조,맑음,교차로 - 교차로안,승용,남,57세,기타불명,승용,남,30세,경상
2020100500100059,2020년 10월 5일 07시,월요일,강원도 횡성군 우천면,경상사고,0,0,1,0,차대차 - 기타,안전운전불이행,건조,맑음,교차로 - 교차로안,승용,남,66세,상해없음,승용,남,37세,경상
2020100500100089,2020년 10월 5일 08시,월요일,강원도 강릉시 홍제동,중상사고,0,1,0,0,차대차 - 기타,안전운전불이행,건조,맑음,기타 - 기타,승용,남,60세,상해없음,자전거,여,75세,중상
2020100500100090,2020년 10월 5일 08시,월요일,강원도 원주시 명륜동,경상사고,0,0,3,1,차대차 - 측면충돌,교차로운행방법위반,건조,맑음,교차로 - 교차로안,승용,여,44세,부상신고,승용,여,55세,경상
2020100500100091,2020년 10월 5일 08시,월요일,강원도 원주시 단구동,중상사고,0,1,0,0,차대사람 - 기타,안전운전불이행,건조,맑음,교차로 - 교차로안,원동기,남,16세,상해없음,보행자,남,33세,중상
2020100500100092,2020년 10월 5일 08시,월요일,강원도 화천군 간동면,경상사고,0,0,1,0,차대차 - 추돌,안전거리미확보,건조,맑음,단일로 - 기타,승용,여,49세,상해없음,승용,여,51세,경상
2020100500100093,2020년 10월 5일 08시,월요일,강원도 철원군 철원읍,경상사고,0,0,1,0,차대차 - 측면충돌,직진우회전진행방해,건조,맑음,교차로 - 교차로안,화물,남,60세,상해없음,승용,남,26세,경상
2020100500100248,2020년 10월 5일 12시,월요일,강원도 춘천시 후평동,경상사고,0,0,1,0,차대차 - 후진중충돌,안전운전불이행,건조,맑음,단일로 - 기타,승용,남,73세,상해없음,승용,남,29세,상해없음
2020100500100249,2020년 10월 5일 12시,월요일,강원도 원주시 문막읍,경상사고,0,0,3,0,차대차 - 추돌,안전운전불이행,기타,맑음,기타 - 기타,승용,남,63세,상해없음,승용,남,50세,경상
2020100500100250,2020년 10월 5일 12시,월요일,강원도 속초시 조양동,중상사고,0,1,0,0,차대차 - 정면충돌,중앙선침범,건조,맑음,교차로 - 교차로안,승용,남,52세,상해없음,이륜,남,58세,중상
2020100500100251,2020년 10월 5일 12시,월요일,강원도 화천군 간동면,경상사고,0,0,1,0,차대차 - 측면충돌,안전운전불이행,건조,맑음,교차로 - 교차로안,이륜,남,86세,경상,승용,남,72세,상해없음
2020100500100296,2020년 10월 5일 13시,월요일,강원도 춘천시 후평동,경상사고,0,0,1,0,차대차 - 측면충돌,직진우회전진행방해,건조,맑음,교차로 - 교차로안,화물,남,33세,상해없음,승용,남,55세,경상
2020100500100297,2020년 10월 5일 13시,월요일,강원도 강릉시 포남동,경상사고,0,0,1,0,차대차 - 측면충돌,안전운전불이행,건조,맑음,단일로 - 기타,승용,남,64세,상해없음,승용,여,40세,경상
2020100500100338,2020년 10월 5일 14시,월요일,강원도 강릉시 성산면,경상사고,0,0,1,0,차대차 - 측면충돌,안전운전불이행,건조,맑음,교차로 - 교차로안,승용,남,62세,기타불명,화물,남,73세,경상
2020100500100339,2020년 10월 5일 14시,월요일,강원도 원주시 무실동,경상사고,0,0,1,0,차대차 - 기타,안전운전불이행,기타,맑음,기타 - 기타,화물,남,50세,상해없음,이륜,남,27세,경상
2020100500100340,2020년 10월 5일 14시,월요일,강원도 삼척시 정상동,경상사고,0,0,2,0,차대차 - 측면충돌,안전운전불이행,건조,맑음,교차로 - 교차로안,승용,여,38세,상해없음,승용,여,57세,경상
2020100500100341,2020년 10월 5일 14시,월요일,강원도 삼척시 남양동,중상사고,0,1,0,0,차대차 - 측면충돌,안전운전불이행,건조,맑음,교차로 - 교차로안,화물,여,66세,상해없음,승용,남,73세,중상
2020100500100342,2020년 10월 5일 14시,월요일,강원도 인제군 인제읍,중상사고,0,3,0,0,차대차 - 측면충돌,안전운전불이행,건조,맑음,교차로 - 교차로안,승용,여,53세,기타불명,승용,여,64세,중상
2020100500100343,2020년 10월 5일 14시,월요일,강원도 동해시 천곡동,경상사고,0,0,1,0,차대사람 - 기타,안전운전불이행,건조,맑음,주차장 - 주차장,승용,남,24세,상해없음,보행자,여,74세,경상
2020100500100431,2020년 10월 5일 16시,월요일,강원도 양구군 양구읍,경상사고,0,0,3,0,차대차 - 측면충돌,안전운전불이행,건조,맑음,단일로 - 기타,승용,여,62세,상해없음,승용,여,49세,경상
2020100500100478,2020년 10월 5일 17시,월요일,강원도 춘천시 신동면,경상사고,0,0,1,0,차대차 - 기타,차로위반,건조,맑음,교차로 - 교차로부근,화물,남,66세,상해없음,승용,남,64세,경상
2020100500100479,2020년 10월 5일 17시,월요일,강원도 원주시 문막읍,경상사고,0,0,1,0,차대차 - 기타,교차로운행방법위반,건조,맑음,교차로 - 교차로안,승용,남,41세,상해없음,승용,남,51세,경상
2020100500100596,2020년 10월 5일 20시,월요일,강원도 춘천시 온의동,경상사고,0,0,1,0,차대사람 - 횡단중,신호위반,건조,맑음,교차로 - 교차로부근,승용,남,22세,상해없음,보행자,남,23세,경상
2020100500100597,2020년 10월 5일 20시,월요일,강원도 원주시 지정면,경상사고,0,0,3,0,차대차 - 측면충돌,신호위반,건조,맑음,교차로 - 교차로안,승용,여,63세,상해없음,승용,남,24세,경상
2020100600100068,2020년 10월 6일 07시,화요일,강원도 동해시 묵호진동,중상사고,0,1,0,0,차대사람 - 기타,안전운전불이행,건조,맑음,단일로 - 기타,승용,남,64세,상해없음,보행자,여,74세,중상
2020100600100101,2020년 10월 6일 08시,화요일,강원도 원주시 판부면,경상사고,0,0,2,0,차대차 - 측면충돌,안전거리미확보,건조,맑음,단일로 - 기타,승용,여,30세,상해없음,승용,여,40세,경상
2020100600100174,2020년 10월 6일 10시,화요일,강원도 춘천시 온의동,경상사고,0,0,1,1,차대차 - 측면충돌,중앙선침범,건조,맑음,단일로 - 기타,승용,여,46세,부상신고,승용,여,27세,경상
2020100600100244,2020년 10월 6일 12시,화요일,강원도 고성군 간성읍,부상신고사고,0,0,0,2,차대차 - 측면충돌,안전거리미확보,건조,맑음,교차로 - 교차로부근,승용,여,36세,부상신고,승용,남,64세,부상신고
2020100600100278,2020년 10월 6일 13시,화요일,강원도 강릉시 옥천동,경상사고,0,0,1,0,차대차 - 기타,안전운전불이행,건조,맑음,교차로 - 교차로안,승용,남,68세,상해없음,이륜,남,25세,경상
2020100600100319,2020년 10월 6일 14시,화요일,강원도 강릉시 성남동,경상사고,0,0,1,0,차대사람 - 보도통행중,보행자보호의무위반,건조,맑음,교차로 - 교차로부근,화물,남,35세,상해없음,보행자,여,64세,경상
2020100600100320,2020년 10월 6일 14시,화요일,강원도 홍천군 홍천읍,경상사고,0,0,1,0,차대차 - 측면충돌,신호위반,건조,맑음,교차로 - 교차로안,승용,남,81세,상해없음,승용,여,64세,경상
2020100600100321,2020년 10월 6일 14시,화요일,강원도 정선군 신동읍,중상사고,0,1,0,0,차대차 - 정면충돌,기타,건조,맑음,단일로 - 기타,승합,남,47세,상해없음,화물,남,52세,중상
2020100600100369,2020년 10월 6일 15시,화요일,강원도 양양군 서면,경상사고,0,0,1,0,차대차 - 측면충돌,중앙선침범,건조,맑음,기타 - 기타,승용,남,57세,상해없음,화물,남,40세,경상
2020100600100408,2020년 10월 6일 16시,화요일,강원도 강릉시 교동,경상사고,0,0,1,0,차대차 - 측면충돌,안전운전불이행,건조,맑음,단일로 - 기타,승용,남,66세,상해없음,승용,남,40세,경상
2020100600100409,2020년 10월 6일 16시,화요일,강원도 원주시 문막읍,경상사고,0,0,1,0,차대차 - 측면충돌,안전거리미확보,건조,맑음,단일로 - 기타,화물,남,53세,상해없음,승용,여,75세,경상
2020100600100452,2020년 10월 6일 17시,화요일,강원도 춘천시 우두동,경상사고,0,0,1,0,차대차 - 측면충돌,안전거리미확보,건조,맑음,교차로 - 교차로부근,승용,여,47세,상해없음,승용,여,52세,경상
2020100600100453,2020년 10월 6일 17시,화요일,강원도 인제군 인제읍,중상사고,0,1,0,0,차대차 - 측면충돌,안전운전불이행,건조,맑음,교차로 - 교차로안,승용,여,55세,상해없음,승용,여,56세,중상
2020100600100454,2020년 10월 6일 17시,화요일,강원도 동해시 효가동,경상사고,0,0,3,0,차대차 - 추돌,안전거리미확보,건조,맑음,단일로 - 기타,화물,남,58세,경상,승용,남,44세,상해없음
2020100600100545,2020년 10월 6일 19시,화요일,강원도 원주시 단구동,부상신고사고,0,0,0,1,차대사람 - 횡단중,보행자보호의무위반,건조,맑음,기타 - 기타,승용,남,74세,상해없음,보행자,남,49세,부상신고
2020100600100614,2020년 10월 6일 21시,화요일,강원도 원주시 단계동,중상사고,0,1,1,0,차대차 - 추돌,안전운전불이행,건조,맑음,교차로 - 교차로부근,승용,남,43세,상해없음,승용,여,40세,중상
2020100700100063,2020년 10월 7일 07시,수요일,강원도 강릉시 주문진읍,중상사고,0,1,2,0,차대사람 - 기타,중앙선침범,건조,맑음,단일로 - 기타,승용,여,32세,상해없음,보행자,남,67세,중상
2020100700100093,2020년 10월 7일 08시,수요일,강원도 원주시 소초면,중상사고,0,1,2,0,차대차 - 측면충돌,신호위반,건조,맑음,교차로 - 교차로안,화물,남,36세,상해없음,승합,남,45세,중상
2020100700100129,2020년 10월 7일 09시,수요일,강원도 원주시 단구동,경상사고,0,0,1,0,차대사람 - 횡단중,안전운전불이행,건조,맑음,단일로 - 기타,승용,남,29세,상해없음,보행자,여,32세,경상
2020100700100130,2020년 10월 7일 09시,수요일,강원도 영월군 주천면,부상신고사고,0,0,0,3,차대차 - 측면충돌,기타,건조,맑음,교차로 - 교차로안,화물,남,29세,부상신고,승용,남,72세,부상신고
2020100700100226,2020년 10월 7일 12시,수요일,강원도 강릉시 연곡면,중상사고,0,2,0,0,차대차 - 측면충돌,기타,건조,맑음,교차로 - 교차로안,승용,남,55세,상해없음,승용,여,24세,중상
2020100700100227,2020년 10월 7일 12시,수요일,강원도 강릉시 강동면,중상사고,0,1,0,0,차대사람 - 기타,안전운전불이행,건조,맑음,단일로 - 기타,승용,남,77세,상해없음,보행자,여,88세,중상
2020100700100254,2020년 10월 7일 13시,수요일,강원도 춘천시 동내면,경상사고,0,0,1,0,차대차 - 추돌,안전운전불이행,건조,맑음,교차로 - 교차로부근,승용,남,61세,상해없음,이륜,남,32세,경상
2020100700100333,2020년 10월 7일 15시,수요일,강원도 태백시 황지동,경상사고,0,0,1,0,차대사람 - 횡단중,보행자보호의무위반,젖음/습기,비,교차로 - 교차로부근,승용,남,47세,상해없음,보행자,여,12세,경상
2020100700100334,2020년 10월 7일 15시,수요일,강원도 홍천군 화촌면,경상사고,0,0,4,0,차대차 - 추돌,안전운전불이행,건조,맑음,단일로 - 터널,승용,여,52세,상해없음,승용,남,37세,경상
2020100700100461,2020년 10월 7일 18시,수요일,강원도 원주시 개운동,경상사고,0,0,1,0,차대차 - 측면충돌,안전운전불이행,건조,맑음,교차로 - 교차로부근,승용,여,73세,상해없음,승용,여,44세,상해없음
2020100700100462,2020년 10월 7일 18시,수요일,강원도 원주시 무실동,중상사고,0,1,0,0,차대사람 - 횡단중,안전운전불이행,건조,맑음,단일로 - 기타,승용,남,34세,상해없음,보행자,여,7세,중상
2020100700100463,2020년 10월 7일 18시,수요일,강원도 삼척시 남양동,경상사고,0,0,1,0,차대차 - 추돌,안전운전불이행,기타,맑음,교차로 - 교차로부근,승용,남,62세,상해없음,승용,남,34세,경상
2020100700100518,2020년 10월 7일 19시,수요일,강원도 강릉시 교동,중상사고,0,1,0,0,차대사람 - 횡단중,안전운전불이행,건조,맑음,단일로 - 기타,승용,남,29세,상해없음,보행자,남,58세,중상
2020100700100552,2020년 10월 7일 20시,수요일,강원도 화천군 하남면,경상사고,0,0,1,0,차대차 - 측면충돌,안전운전불이행,건조,맑음,단일로 - 기타,승용,남,63세,상해없음,자전거,남,35세,경상
2020100800100005,2020년 10월 8일 00시,목요일,강원도 평창군 봉평면,경상사고,0,0,1,0,차대사람 - 기타,안전운전불이행,건조,맑음,단일로 - 기타,승용,남,43세,상해없음,보행자,남,42세,경상
2020100800100030,2020년 10월 8일 02시,목요일,강원도 동해시 구미동,중상사고,0,3,0,0,차대차 - 측면충돌,신호위반,건조,맑음,교차로 - 교차로안,이륜,남,16세,중상,승용,남,57세,상해없음
2020100800100063,2020년 10월 8일 06시,목요일,강원도 평창군 봉평면,부상신고사고,0,0,0,1,차대사람 - 기타,안전운전불이행,건조,맑음,주차장 - 주차장,승용,남,46세,상해없음,보행자,남,60세,부상신고
2020100800100064,2020년 10월 8일 06시,목요일,강원도 동해시 구미동,경상사고,0,0,1,0,차대차 - 측면충돌,직진우회전진행방해,건조,맑음,교차로 - 교차로안,건설기계,남,59세,상해없음,승용,남,58세,경상
2020100800100085,2020년 10월 8일 07시,목요일,강원도 원주시 지정면,경상사고,0,0,1,0,차대차 - 측면충돌,신호위반,건조,맑음,교차로 - 교차로안,승용,여,38세,상해없음,승용,남,67세,경상
2020100800100086,2020년 10월 8일 07시,목요일,강원도 양구군 동면,중상사고,0,2,0,0,차대차 - 기타,직진우회전진행방해,젖음/습기,흐림,교차로 - 교차로안,승용,남,29세,기타불명,승용,남,58세,중상
2020100800100123,2020년 10월 8일 08시,목요일,강원도 원주시 학성동,중상사고,0,1,0,0,차대사람 - 횡단중,보행자보호의무위반,건조,맑음,교차로 - 교차로안,승용,남,54세,상해없음,보행자,남,71세,중상
2020100800100174,2020년 10월 8일 09시,목요일,강원도 원주시 일산동,중상사고,0,1,0,0,차대사람 - 횡단중,보행자보호의무위반,건조,맑음,교차로 - 교차로횡단보도내,화물,남,69세,상해없음,보행자,여,74세,중상
2020100800100175,2020년 10월 8일 09시,목요일,강원도 속초시 교동,경상사고,0,0,1,0,차대차 - 측면충돌,교차로운행방법위반,건조,맑음,교차로 - 교차로안,승용,남,71세,상해없음,승용,남,49세,경상
2020100800100222,2020년 10월 8일 10시,목요일,강원도 원주시 행구동,경상사고,0,0,3,0,차대차 - 추돌,안전거리미확보,건조,맑음,교차로 - 교차로안,승용,남,47세,상해없음,승용,여,65세,경상
2020100800100223,2020년 10월 8일 10시,목요일,강원도 삼척시 미로면,경상사고,0,0,2,0,차대차 - 측면충돌,중앙선침범,건조,맑음,단일로 - 기타,화물,남,71세,상해없음,승용,남,63세,경상
2020100800100256,2020년 10월 8일 11시,목요일,강원도 춘천시 효자동,경상사고,0,0,1,0,차대차 - 추돌,안전거리미확보,건조,맑음,교차로 - 교차로부근,승용,여,41세,상해없음,이륜,남,58세,경상
2020100800100290,2020년 10월 8일 12시,목요일,강원도 원주시 단계동,경상사고,0,0,1,0,차대차 - 측면충돌,직진우회전진행방해,건조,맑음,교차로 - 교차로안,승용,남,30세,상해없음,이륜,남,27세,경상
2020100800100291,2020년 10월 8일 12시,목요일,강원도 원주시 신림면,중상사고,0,1,1,0,차대차 - 기타,중앙선침범,건조,맑음,단일로 - 기타,승용,남,63세,상해없음,승합,남,63세,상해없음
2020100800100292,2020년 10월 8일 12시,목요일,강원도 삼척시 근덕면,중상사고,0,1,0,0,차량단독 - 도로외이탈 - 추락,안전운전불이행,건조,맑음,단일로 - 기타,승용,남,55세,중상,,,,
2020100800100399,2020년 10월 8일 15시,목요일,강원도 강릉시 포남동,경상사고,0,0,1,0,차대사람 - 횡단중,안전운전불이행,건조,맑음,단일로 - 기타,승용,여,65세,상해없음,보행자,여,31세,경상
2020100800100442,2020년 10월 8일 16시,목요일,강원도 인제군 기린면,경상사고,0,0,1,0,차대차 - 측면충돌,중앙선침범,건조,맑음,교차로 - 교차로부근,건설기계,남,75세,상해없음,승용,남,40세,경상
2020100800100556,2020년 10월 8일 18시,목요일,강원도 춘천시 효자동,경상사고,0,0,1,0,차대차 - 측면충돌,안전운전불이행,건조,맑음,교차로 - 교차로안,승용,남,68세,상해없음,이륜,남,25세,경상
2020100800100557,2020년 10월 8일 18시,목요일,강원도 춘천시 퇴계동,경상사고,0,0,1,0,차대차 - 측면충돌,안전운전불이행,건조,맑음,단일로 - 기타,승용,여,51세,상해없음,승용,여,55세,경상
2020100800100622,2020년 10월 8일 19시,목요일,강원도 강릉시 포남동,중상사고,0,1,0,0,차량단독 - 기타,안전운전불이행,건조,맑음,단일로 - 기타,승합,남,35세,상해없음,,,,
2020100800100623,2020년 10월 8일 19시,목요일,강원도 속초시 조양동,경상사고,0,0,2,0,차대차 - 추돌,안전운전불이행,건조,맑음,교차로 - 교차로부근,화물,남,53세,상해없음,화물,남,51세,경상
2020100800100624,2020년 10월 8일 19시,목요일,강원도 양구군 양구읍,경상사고,0,0,1,0,차대차 - 추돌,안전운전불이행,건조,맑음,단일로 - 기타,화물,남,58세,상해없음,승용,남,49세,경상
2020100800100625,2020년 10월 8일 19시,목요일,강원도 횡성군 공근면,중상사고,0,1,0,0,차대사람 - 기타,안전운전불이행,건조,맑음,단일로 - 터널,승용,남,56세,상해없음,보행자,남,29세,중상
2020100800100664,2020년 10월 8일 20시,목요일,강원도 원주시 명륜동,경상사고,0,0,2,0,차대차 - 추돌,안전운전불이행,건조,맑음,교차로 - 교차로부근,이륜,남,27세,상해없음,승용,남,29세,경상
2020100800100705,2020년 10월 8일 21시,목요일,강원도 강릉시 주문진읍,경상사고,0,0,2,0,차대차 - 추돌,안전운전불이행,건조,맑음,교차로 - 교차로부근,승용,남,71세,상해없음,승용,여,28세,경상
2020100800100706,2020년 10월 8일 21시,목요일,강원도 속초시 조양동,중상사고,0,1,1,0,차대사람 - 횡단중,안전운전불이행,건조,맑음,단일로 - 기타,승용,남,67세,상해없음,보행자,여,38세,중상
2020100900100010,2020년 10월 9일 00시,금요일,강원도 원주시 단계동,경상사고,0,0,1,0,차대차 - 측면충돌,안전운전불이행,건조,맑음,단일로 - 기타,승용,남,65세,상해없음,승용,여,20세,경상
2020100900100046,2020년 10월 9일 02시,금요일,강원도 원주시 단계동,경상사고,0,0,2,0,차대사람 - 기타,안전운전불이행,건조,맑음,교차로 - 교차로부근,승용,남,23세,상해없음,보행자,남,20세,경상
2020100900100069,2020년 10월 9일 05시,금요일,강원도 춘천시 서면,경상사고,0,0,3,0,차대차 - 추돌,안전운전불이행,건조,맑음,단일로 - 기타,화물,남,48세,상해없음,화물,남,62세,경상
2020100900100077,2020년 10월 9일 06시,금요일,강원도 춘천시 석사동,경상사고,0,0,1,0,차대차 - 측면충돌,안전거리미확보,건조,맑음,단일로 - 기타,승용,남,24세,상해없음,화물,남,49세,상해없음
2020100900100095,2020년 10월 9일 07시,금요일,강원도 인제군 인제읍,중상사고,0,1,0,0,차대차 - 정면충돌,중앙선침범,젖음/습기,흐림,단일로 - 기타,화물,남,62세,기타불명,승용,남,43세,중상
2020100900100128,2020년 10월 9일 09시,금요일,강원도 강릉시 연곡면,경상사고,0,0,1,0,차대차 - 측면충돌,안전운전불이행,건조,맑음,교차로 - 교차로안,승용,남,76세,상해없음,승용,여,61세,경상
2020100900100183,2020년 10월 9일 11시,금요일,강원도 횡성군 청일면,경상사고,0,0,2,0,차대차 - 추돌,안전운전불이행,건조,맑음,단일로 - 기타,이륜,남,59세,상해없음,승용,여,76세,경상
2020100900100253,2020년 10월 9일 13시,금요일,강원도 강릉시 초당동,중상사고,0,1,0,0,차대차 - 측면충돌,안전운전불이행,건조,맑음,교차로 - 교차로횡단보도내,승용,남,26세,상해없음,자전거,여,61세,중상