사고번호,사고일시,요일,시군구,사고내용,사망자수,중상자수,경상자수,부상신고자수,사고유형,법규위반,노면상태,기상상태,도로형태,가해운전자 차종,가해운전자 성별,가해운전자 연령,가해운전자 상해정도,피해운전자 차종,피해운전자 성별,피해운전자 연령,피해운전자 상해정도
2020100900100255,2020년 10월 9일 13시,금요일,강원도 삼척시 교동,경상사고,0,0,1,0,차대차 - 측면충돌,안전거리미확보,건조,맑음,단일로 - 지하차도(도로)내,승용,여,47세,상해없음,승용,남,65세,상해없음
2020100900100256,2020년 10월 9일 13시,금요일,강원도 홍천군 서석면,중상사고,0,1,0,0,차량단독 - 공작물충돌,안전운전불이행,건조,맑음,단일로 - 지하차도(도로)내,승용,남,76세,상해없음,,,,
2020100900100291,2020년 10월 9일 14시,금요일,강원도 동해시 평릉동,중상사고,0,2,0,0,차대차 - 측면충돌,안전운전불이행,건조,맑음,교차로 - 교차로안,승용,남,29세,상해없음,승용,남,60세,중상
2020100900100323,2020년 10월 9일 15시,금요일,강원도 강릉시 견소동,경상사고,0,0,1,0,차대차 - 측면충돌,안전운전불이행,건조,맑음,교차로 - 교차로안,승용,남,29세,상해없음,승용,남,55세,경상
2020100900100324,2020년 10월 9일 15시,금요일,강원도 고성군 토성면,중상사고,0,1,2,0,차대차 - 추돌,안전운전불이행,건조,맑음,단일로 - 기타,승용,여,51세,중상,승용,남,74세,상해없음
2020100900100353,2020년 10월 9일 16시,금요일,강원도 인제군 북면,중상사고,0,1,0,0,차대차 - 추돌,중앙선침범,건조,맑음,단일로 - 기타,승용,남,50세,상해없음,이륜,남,54세,중상
2020100900100422,2020년 10월 9일 18시,금요일,강원도 양양군 현북면,경상사고,0,0,2,0,차대차 - 측면충돌,교차로운행방법위반,건조,맑음,교차로 - 교차로안,승용,남,36세,상해없음,승용,남,28세,경상
2020100900100423,2020년 10월 9일 18시,금요일,강원도 영월군 영월읍,경상사고,0,0,1,0,차대차 - 측면충돌,불법유턴,건조,맑음,교차로 - 교차로부근,화물,여,54세,상해없음,승용,여,68세,경상
2020100900100424,2020년 10월 9일 18시,금요일,강원도 평창군 대관령면,중상사고,0,1,0,0,차대사람 - 횡단중,안전운전불이행,건조,맑음,기타 - 기타,승용,남,69세,상해없음,보행자,여,83세,중상
2020100900100425,2020년 10월 9일 18시,금요일,강원도 철원군 김화읍,경상사고,0,0,1,0,차대차 - 측면충돌,신호위반,건조,맑음,교차로 - 교차로안,승용,여,27세,상해없음,승용,남,22세,경상
2020100900100512,2020년 10월 9일 20시,금요일,강원도 원주시 무실동,경상사고,0,0,1,0,차대사람 - 기타,안전운전불이행,건조,맑음,교차로 - 교차로횡단보도내,승용,여,37세,상해없음,보행자,남,36세,경상
2020100900100544,2020년 10월 9일 21시,금요일,강원도 원주시 우산동,경상사고,0,0,1,0,차대차 - 측면충돌,안전운전불이행,건조,맑음,교차로 - 교차로부근,승용,여,57세,상해없음,승용,남,24세,경상
2020100900100572,2020년 10월 9일 22시,금요일,강원도 원주시 단계동,경상사고,0,0,3,0,차대차 - 측면충돌,안전운전불이행,건조,맑음,교차로 - 교차로부근,승용,남,23세,상해없음,승용,남,19세,경상
2020101000100064,2020년 10월 10일 06시,토요일,강원도 홍천군 동면,중상사고,0,1,0,0,차대차 - 정면충돌,교차로운행방법위반,건조,맑음,교차로 - 교차로안,승용,남,51세,기타불명,승용,남,56세,중상
2020101000100092,2020년 10월 10일 08시,토요일,강원도 강릉시 안현동,경상사고,0,0,1,0,차대차 - 추돌,안전운전불이행,건조,맑음,단일로 - 기타,승용,여,64세,상해없음,승용,남,81세,상해없음
2020101000100113,2020년 10월 10일 09시,토요일,강원도 횡성군 둔내면,경상사고,0,0,2,0,차대차 - 측면충돌,안전운전불이행,건조,맑음,단일로 - 기타,승용,남,59세,상해없음,승용,남,59세,경상
2020101000100137,2020년 10월 10일 10시,토요일,강원도 춘천시 소양로4가,경상사고,0,0,1,0,차대차 - 기타,신호위반,건조,맑음,교차로 - 교차로안,승용,여,63세,상해없음,승용,여,45세,경상
2020101000100138,2020년 10월 10일 10시,토요일,강원도 홍천군 홍천읍,경상사고,0,0,1,0,차대차 - 추돌,안전거리미확보,건조,맑음,단일로 - 지하차도(도로)내,화물,남,56세,상해없음,승용,여,63세,경상
2020101000100139,2020년 10월 10일 10시,토요일,강원도 고성군 토성면,부상신고사고,0,0,0,1,차대차 - 측면충돌,안전운전불이행,건조,맑음,단일로 - 기타,승용,남,82세,상해없음,화물,남,56세,부상신고
2020101000100140,2020년 10월 10일 10시,토요일,강원도 철원군 동송읍,중상사고,0,1,2,0,차대차 - 측면충돌,교차로운행방법위반,건조,맑음,교차로 - 교차로안,승용,남,58세,상해없음,승용,여,41세,경상
2020101000100177,2020년 10월 10일 11시,토요일,강원도 춘천시 후평동,중상사고,0,1,0,0,차대사람 - 횡단중,안전운전불이행,건조,맑음,단일로 - 기타,승용,남,80세,상해없음,보행자,남,48세,중상
2020101000100178,2020년 10월 10일 11시,토요일,강원도 원주시 평원동,중상사고,0,1,0,0,차대사람 - 기타,안전운전불이행,건조,맑음,단일로 - 기타,승용,여,47세,상해없음,보행자,남,60세,중상
2020101000100218,2020년 10월 10일 12시,토요일,강원도 춘천시 석사동,경상사고,0,0,1,0,차대차 - 기타,차로위반,건조,맑음,단일로 - 기타,이륜,남,79세,상해없음,승용,남,60세,경상
2020101000100258,2020년 10월 10일 13시,토요일,강원도 양양군 양양읍,경상사고,0,0,6,0,차대차 - 측면충돌,안전운전불이행,건조,맑음,교차로 - 교차로안,승용,여,39세,상해없음,승용,남,33세,경상
2020101000100259,2020년 10월 10일 13시,토요일,강원도 삼척시 남양동,경상사고,0,0,2,0,차대차 - 측면충돌,안전운전불이행,건조,맑음,교차로 - 교차로안,승용,남,81세,상해없음,자전거,남,98세 이상,경상
2020101000100260,2020년 10월 10일 13시,토요일,강원도 화천군 사내면,경상사고,0,0,3,0,차대차 - 측면충돌,안전운전불이행,건조,맑음,단일로 - 기타,화물,여,74세,상해없음,승용,남,35세,경상
2020101000100298,2020년 10월 10일 14시,토요일,강원도 원주시 무실동,중상사고,0,1,0,0,차대차 - 측면충돌,교차로운행방법위반,건조,맑음,교차로 - 교차로안,승용,여,20세,상해없음,이륜,남,50세,중상
2020101000100336,2020년 10월 10일 15시,토요일,강원도 춘천시 근화동,경상사고,0,0,1,0,차대차 - 측면충돌,안전운전불이행,건조,맑음,단일로 - 기타,승용,여,49세,상해없음,자전거,남,54세,경상
2020101000100337,2020년 10월 10일 15시,토요일,강원도 화천군 간동면,사망사고,1,0,0,0,차량단독 - 공작물충돌,안전운전불이행,건조,맑음,단일로 - 기타,이륜,남,36세,사망,,,,
2020101000100338,2020년 10월 10일 15시,토요일,강원도 고성군 토성면,경상사고,0,0,6,0,차대차 - 기타,안전운전불이행,건조,맑음,교차로 - 교차로부근,승용,남,61세,상해없음,승용,남,45세,상해없음
2020101000100460,2020년 10월 10일 18시,토요일,강원도 원주시 단구동,중상사고,0,1,3,0,차대차 - 기타,차로위반,기타,맑음,단일로 - 기타,승용,남,67세,기타불명,승용,남,57세,중상
2020101000100461,2020년 10월 10일 18시,토요일,강원도 정선군 사북읍,경상사고,0,0,2,0,차대차 - 정면충돌,중앙선침범,건조,맑음,단일로 - 기타,승용,남,37세,상해없음,승용,여,28세,경상
2020101000100504,2020년 10월 10일 19시,토요일,강원도 춘천시 효자동,경상사고,0,0,1,0,차대사람 - 기타,안전운전불이행,건조,맑음,단일로 - 기타,승용,남,54세,상해없음,보행자,여,51세,경상
2020101000100552,2020년 10월 10일 21시,토요일,강원도 고성군 거진읍,중상사고,0,2,0,0,차대차 - 기타,신호위반,건조,맑음,교차로 - 교차로부근,승용,남,44세,상해없음,승용,여,47세,중상
2020101100100111,2020년 10월 11일 10시,일요일,강원도 강릉시 성산면,중상사고,0,1,0,0,차대차 - 측면충돌,안전운전불이행,건조,맑음,단일로 - 기타,승용,남,66세,상해없음,이륜,남,53세,중상
2020101100100112,2020년 10월 11일 10시,일요일,강원도 속초시 교동,경상사고,0,0,4,0,차대차 - 추돌,안전운전불이행,건조,맑음,단일로 - 기타,승용,남,64세,상해없음,승용,남,49세,경상
2020101100100132,2020년 10월 11일 11시,일요일,강원도 원주시 단계동,중상사고,0,1,0,0,차대차 - 정면충돌,안전거리미확보,건조,맑음,단일로 - 기타,이륜,남,57세,상해없음,승용,남,49세,중상
2020101100100156,2020년 10월 11일 12시,일요일,강원도 춘천시 근화동,경상사고,0,0,1,0,차대차 - 기타,안전운전불이행,건조,맑음,기타 - 기타,승용,여,25세,상해없음,자전거,남,68세,경상
2020101100100157,2020년 10월 11일 12시,일요일,강원도 속초시 노학동,경상사고,0,0,1,0,차대차 - 측면충돌,안전운전불이행,건조,맑음,교차로 - 교차로부근,승용,남,82세,상해없음,승용,여,66세,경상
2020101100100158,2020년 10월 11일 12시,일요일,강원도 홍천군 홍천읍,경상사고,0,0,2,0,차대차 - 측면충돌,교차로운행방법위반,건조,맑음,교차로 - 교차로안,승합,남,44세,기타불명,승용,남,54세,경상
2020101100100159,2020년 10월 11일 12시,일요일,강원도 평창군 대관령면,중상사고,0,1,0,0,차량단독 - 공작물충돌,안전운전불이행,건조,맑음,교차로 - 교차로부근,화물,남,69세,중상,,,,
2020101100100183,2020년 10월 11일 13시,일요일,강원도 원주시 무실동,경상사고,0,0,1,0,차대차 - 측면충돌,안전거리미확보,건조,맑음,단일로 - 기타,승용,남,57세,상해없음,승용,여,29세,경상
2020101100100184,2020년 10월 11일 13시,일요일,강원도 홍천군 홍천읍,경상사고,0,0,1,0,차대차 - 측면충돌,안전운전불이행,건조,맑음,단일로 - 지하차도(도로)내,승용,남,69세,상해없음,자전거,남,87세,경상
2020101100100212,2020년 10월 11일 14시,일요일,강원도 홍천군 화촌면,경상사고,0,0,2,0,차대차 - 측면충돌,안전운전불이행,건조,흐림,단일로 - 지하차도(도로)내,승용,여,50세,상해없음,승합,남,35세,경상
2020101100100213,2020년 10월 11일 14시,일요일,강원도 화천군 사내면,부상신고사고,0,0,0,1,차량단독 - 전도전복 - 전도,안전운전불이행,건조,맑음,단일로 - 기타,이륜,남,56세,부상신고,,,,
2020101100100248,2020년 10월 11일 15시,일요일,강원도 강릉시 홍제동,경상사고,0,0,1,0,차대차 - 추돌,안전운전불이행,건조,맑음,단일로 - 기타,승용,여,35세,기타불명,승용,여,38세,경상
2020101100100249,2020년 10월 11일 15시,일요일,강원도 속초시 조양동,경상사고,0,0,2,0,차대차 - 측면충돌,직진우회전진행방해,건조,맑음,교차로 - 교차로안,승용,여,39세,상해없음,승용,여,37세,경상
2020101100100250,2020년 10월 11일 15시,일요일,강원도 홍천군 서면,중상사고,0,1,1,0,차대차 - 정면충돌,중앙선침범,건조,맑음,단일로 - 기타,화물,남,61세,기타불명,승용,남,66세,경상
2020101100100251,2020년 10월 11일 15시,일요일,강원도 춘천시 동산면,경상사고,0,0,2,0,차대차 - 기타,안전운전불이행,건조,맑음,단일로 - 기타,승용,남,26세,경상,승용,남,59세,경상
2020101100100252,2020년 10월 11일 15시,일요일,강원도 홍천군 북방면,경상사고,0,0,1,0,차대차 - 추돌,안전운전불이행,건조,맑음,단일로 - 기타,승용,남,27세,상해없음,승용,남,25세,상해없음
2020101100100290,2020년 10월 11일 16시,일요일,강원도 춘천시 석사동,경상사고,0,0,1,0,차대차 - 측면충돌,안전운전불이행,건조,맑음,교차로 - 교차로부근,승용,여,55세,상해없음,승용,남,56세,경상
2020101100100291,2020년 10월 11일 16시,일요일,강원도 삼척시 신기면,사망사고,1,0,0,0,차량단독 - 전도전복 - 전도,안전운전불이행,건조,맑음,단일로 - 기타,이륜,남,56세,사망,,,,
2020101100100322,2020년 10월 11일 17시,일요일,강원도 원주시 소초면,경상사고,0,0,1,0,차대차 - 측면충돌,안전운전불이행,건조,맑음,교차로 - 교차로안,기타불명,기타불명,미분류,기타불명,승용,여,38세,경상
2020101100100424,2020년 10월 11일 20시,일요일,강원도 원주시 단계동,경상사고,0,0,1,0,차대차 - 측면충돌,교차로운행방법위반,건조,맑음,교차로 - 교차로안,승용,남,32세,상해없음,승용,남,66세,경상
2020101200100155,2020년 10월 12일 09시,월요일,강원도 속초시 동명동,경상사고,0,0,2,0,차대차 - 측면충돌,교차로운행방법위반,건조,흐림,교차로 - 교차로안,화물,남,68세,상해없음,승용,남,51세,경상
2020101200100191,2020년 10월 12일 10시,월요일,강원도 춘천시 동내면,경상사고,0,0,1,0,차대차 - 측면충돌,차로위반,건조,맑음,단일로 - 기타,승용,여,58세,상해없음,승용,여,46세,경상
2020101200100192,2020년 10월 12일 10시,월요일,강원도 춘천시 운교동,경상사고,0,0,1,0,차대차 - 추돌,안전거리미확보,건조,맑음,단일로 - 기타,승용,남,60세,상해없음,승용,남,52세,경상
2020101200100193,2020년 10월 12일 10시,월요일,강원도 춘천시 석사동,경상사고,0,0,2,0,차대차 - 측면충돌,안전거리미확보,건조,맑음,단일로 - 기타,화물,남,54세,상해없음,승용,남,31세,경상
2020101200100194,2020년 10월 12일 10시,월요일,강원도 원주시 명륜동,경상사고,0,0,2,0,차대차 - 기타,안전운전불이행,건조,맑음,기타 - 기타,승용,여,48세,상해없음,승용,남,26세,경상
2020101200100195,2020년 10월 12일 10시,월요일,강원도 정선군 임계면,경상사고,0,0,1,0,차대사람 - 기타,안전운전불이행,건조,맑음,주차장 - 주차장,승용,남,54세,상해없음,보행자,남,78세,경상
2020101200100196,2020년 10월 12일 10시,월요일,강원도 인제군 인제읍,중상사고,0,1,0,0,차대차 - 정면충돌,중앙선침범,건조,맑음,단일로 - 기타,건설기계,남,64세,상해없음,화물,남,42세,중상
2020101200100233,2020년 10월 12일 11시,월요일,강원도 춘천시 효자동,중상사고,0,1,1,0,차대차 - 측면충돌,직진우회전진행방해,건조,맑음,교차로 - 교차로안,승용,남,61세,상해없음,승용,남,43세,경상
2020101200100234,2020년 10월 12일 11시,월요일,강원도 고성군 토성면,경상사고,0,0,2,0,차대차 - 추돌,과속,건조,맑음,단일로 - 터널,이륜,남,30세,기타불명,승용,남,56세,경상
2020101200100268,2020년 10월 12일 12시,월요일,강원도 춘천시 석사동,경상사고,0,0,1,0,차대차 - 추돌,안전운전불이행,건조,맑음,교차로 - 교차로부근,승용,남,21세,상해없음,승용,여,31세,경상
2020101200100269,2020년 10월 12일 12시,월요일,강원도 태백시 문곡동,경상사고,0,0,2,0,차대차 - 측면충돌,안전운전불이행,건조,맑음,교차로 - 교차로부근,승용,여,60세,상해없음,승용,여,43세,경상
2020101200100301,2020년 10월 12일 13시,월요일,강원도 홍천군 홍천읍,경상사고,0,0,1,0,차대차 - 측면충돌,직진우회전진행방해,건조,맑음,교차로 - 교차로안,승용,여,70세,상해없음,승용,여,35세,경상
2020101200100338,2020년 10월 12일 14시,월요일,강원도 원주시 반곡동,경상사고,0,0,1,0,차대차 - 측면충돌,교차로운행방법위반,건조,맑음,교차로 - 교차로안,승용,여,36세,상해없음,승용,남,43세,경상
2020101200100393,2020년 10월 12일 15시,월요일,강원도 춘천시 동내면,중상사고,0,1,0,0,차대사람 - 기타,안전운전불이행,건조,맑음,교차로 - 교차로부근,승용,남,38세,상해없음,보행자,남,66세,중상
2020101200100394,2020년 10월 12일 15시,월요일,강원도 양양군 양양읍,중상사고,0,1,2,0,차대차 - 기타,안전운전불이행,건조,맑음,단일로 - 기타,승용,여,41세,상해없음,승용,여,65세,경상
2020101200100433,2020년 10월 12일 16시,월요일,강원도 춘천시 후평동,경상사고,0,0,2,0,차대차 - 측면충돌,교차로운행방법위반,건조,맑음,교차로 - 교차로안,승용,여,53세,상해없음,이륜,남,16세,경상
2020101200100434,2020년 10월 12일 16시,월요일,강원도 삼척시 원덕읍,경상사고,0,0,1,0,차량단독 - 전도전복 - 전복,안전운전불이행,기타,맑음,단일로 - 교량,승용,남,65세,경상,,,,
2020101200100484,2020년 10월 12일 17시,월요일,강원도 홍천군 동면,경상사고,0,0,1,0,차대차 - 측면충돌,직진우회전진행방해,건조,맑음,교차로 - 교차로안,승용,여,68세,상해없음,승용,여,51세,경상
2020101200100485,2020년 10월 12일 17시,월요일,강원도 고성군 죽왕면,경상사고,0,0,1,0,차대차 - 측면충돌,안전운전불이행,건조,맑음,교차로 - 교차로부근,승용,여,58세,상해없음,화물,남,40세,경상
2020101200100543,2020년 10월 12일 18시,월요일,강원도 원주시 반곡동,경상사고,0,0,2,0,차대차 - 측면충돌,직진우회전진행방해,건조,맑음,교차로 - 교차로안,승용,남,52세,경상,이륜,남,18세,경상
2020101200100544,2020년 10월 12일 18시,월요일,강원도 횡성군 우천면,경상사고,0,0,3,0,차대차 - 추돌,신호위반,건조,맑음,교차로 - 교차로부근,승용,남,52세,상해없음,화물,남,48세,경상
2020101200100604,2020년 10월 12일 19시,월요일,강원도 원주시 명륜동,중상사고,0,1,0,0,차대차 - 측면충돌,직진우회전진행방해,건조,맑음,교차로 - 교차로안,승용,여,60세,기타불명,이륜,남,20세,중상
2020101300100037,2020년 10월 13일 06시,화요일,강원도 정선군 정선읍,사망사고,1,2,0,0,차대차 - 정면충돌,중앙선침범,건조,맑음,단일로 - 터널,승용,남,29세,사망,화물,남,60세,중상
2020101300100092,2020년 10월 13일 08시,화요일,강원도 춘천시 신북읍,부상신고사고,0,0,0,1,차대차 - 측면충돌,직진우회전진행방해,건조,맑음,교차로 - 교차로안,승용,남,54세,상해없음,화물,남,25세,부상신고
2020101300100093,2020년 10월 13일 08시,화요일,강원도 원주시 일산동,중상사고,0,1,0,0,차대사람 - 횡단중,보행자보호의무위반,기타,맑음,단일로 - 기타,승용,여,63세,상해없음,보행자,남,41세,중상
2020101300100094,2020년 10월 13일 08시,화요일,강원도 원주시 문막읍,경상사고,0,0,2,0,차대차 - 측면충돌,교차로운행방법위반,건조,맑음,교차로 - 교차로안,승용,여,52세,상해없음,승용,남,51세,경상
2020101300100281,2020년 10월 13일 13시,화요일,강원도 원주시 단계동,경상사고,0,0,1,0,차대사람 - 차도통행중,안전운전불이행,건조,맑음,기타 - 기타,승용,여,72세,상해없음,보행자,여,10세,경상
2020101300100282,2020년 10월 13일 13시,화요일,강원도 원주시 우산동,경상사고,0,0,2,0,차대차 - 측면충돌,안전운전불이행,건조,맑음,기타 - 기타,승용,남,72세,경상,승용,여,51세,경상
2020101300100316,2020년 10월 13일 14시,화요일,강원도 고성군 토성면,부상신고사고,0,0,0,2,차대차 - 기타,안전거리미확보,건조,맑음,단일로 - 기타,화물,남,48세,기타불명,승용,여,67세,부상신고
2020101300100353,2020년 10월 13일 15시,화요일,강원도 춘천시 효자동,중상사고,0,1,0,0,차대차 - 추돌,교차로운행방법위반,건조,맑음,단일로 - 기타,승용,남,54세,상해없음,원동기,남,36세,중상
2020101300100395,2020년 10월 13일 16시,화요일,강원도 평창군 미탄면,경상사고,0,0,1,0,차대차 - 기타,중앙선침범,건조,맑음,기타 - 기타,승용,남,79세,상해없음,승용,남,61세,경상
2020101300100439,2020년 10월 13일 17시,화요일,강원도 춘천시 우두동,경상사고,0,0,1,2,차대차 - 측면충돌,안전운전불이행,건조,맑음,교차로 - 교차로부근,화물,남,58세,상해없음,승합,남,67세,부상신고
2020101300100497,2020년 10월 13일 18시,화요일,강원도 원주시 명륜동,경상사고,0,0,2,0,차대차 - 추돌,신호위반,건조,맑음,교차로 - 교차로부근,승용,남,28세,상해없음,승용,남,28세,경상
2020101300100498,2020년 10월 13일 18시,화요일,강원도 양양군 양양읍,경상사고,0,0,2,0,차대차 - 측면충돌,교차로운행방법위반,건조,맑음,교차로 - 교차로안,승용,남,47세,상해없음,승용,여,60세,경상
2020101300100556,2020년 10월 13일 19시,화요일,강원도 춘천시 조양동,경상사고,0,0,2,0,차대차 - 기타,안전운전불이행,건조,맑음,교차로 - 교차로부근,승용,남,79세,상해없음,승용,남,22세,경상
2020101300100587,2020년 10월 13일 20시,화요일,강원도 원주시 우산동,경상사고,0,0,3,0,차대차 - 기타,안전운전불이행,건조,맑음,단일로 - 기타,승용,남,60세,상해없음,승용,여,29세,경상
2020101300100588,2020년 10월 13일 20시,화요일,강원도 홍천군 홍천읍,사망사고,1,0,0,0,차대사람 - 길가장자리구역통행중,안전운전불이행,건조,맑음,단일로 - 기타,화물,남,64세,상해없음,보행자,남,56세,사망
2020101300100663,2020년 10월 13일 23시,화요일,강원도 춘천시 효자동,경상사고,0,0,1,0,차대사람 - 길가장자리구역통행중,안전운전불이행,건조,맑음,단일로 - 기타,승용,남,46세,상해없음,보행자,남,26세,경상
2020101300100664,2020년 10월 13일 23시,화요일,강원도 강릉시 교동,경상사고,0,0,1,0,차대차 - 측면충돌,안전운전불이행,건조,맑음,교차로 - 교차로부근,승용,남,35세,상해없음,승용,남,22세,경상
2020101300100665,2020년 10월 13일 23시,화요일,강원도 강릉시 홍제동,경상사고,0,0,2,0,차대차 - 측면충돌,안전운전불이행,건조,맑음,교차로 - 교차로안,승용,남,23세,상해없음,승용,남,24세,경상
2020101400100169,2020년 10월 14일 10시,수요일,강원도 강릉시 노암동,경상사고,0,0,1,0,차대차 - 기타,안전운전불이행,건조,맑음,단일로 - 기타,승용,여,68세,기타불명,승용,여,50세,경상
2020101400100170,2020년 10월 14일 10시,수요일,강원도 원주시 판부면,중상사고,0,1,0,0,차량단독 - 공작물충돌,안전운전불이행,건조,맑음,단일로 - 기타,화물,남,60세,중상,,,,
2020101400100241,2020년 10월 14일 12시,수요일,강원도 화천군 화천읍,중상사고,0,1,0,0,차대차 - 측면충돌,안전운전불이행,건조,맑음,교차로 - 교차로안,승용,남,49세,상해없음,승용,남,41세,중상
2020101400100272,2020년 10월 14일 13시,수요일,강원도 속초시 조양동,경상사고,0,0,3,0,차대차 - 측면충돌,직진우회전진행방해,건조,맑음,교차로 - 교차로부근,승용,남,80세,상해없음,승용,남,76세,경상
2020101400100273,2020년 10월 14일 13시,수요일,강원도 태백시 동점동,중상사고,0,1,1,0,차대차 - 정면충돌,중앙선침범,건조,맑음,단일로 - 기타,승용,남,59세,중상,건설기계,남,52세,경상
2020101400100374,2020년 10월 14일 16시,수요일,강원도 춘천시 소양로1가,중상사고,0,1,3,0,차대차 - 추돌,안전거리미확보,건조,맑음,단일로 - 기타,승용,남,22세,상해없음,승용,여,61세,경상
2020101400100375,2020년 10월 14일 16시,수요일,강원도 춘천시 퇴계동,부상신고사고,0,0,0,1,차대차 - 기타,안전운전불이행,건조,맑음,교차로 - 교차로안,승용,여,48세,부상신고,건설기계,남,51세,상해없음
2020101400100376,2020년 10월 14일 16시,수요일,강원도 원주시 태장동,경상사고,0,0,1,0,차대차 - 기타,안전운전불이행,건조,맑음,교차로 - 교차로안,화물,남,65세,상해없음,화물,남,51세,상해없음
2020101400100377,2020년 10월 14일 16시,수요일,강원도 원주시 무실동,경상사고,0,0,1,0,차대사람 - 횡단중,보행자보호의무위반,건조,맑음,교차로 - 교차로횡단보도내,승용,여,37세,기타불명,보행자,남,59세,경상
2020101400100378,2020년 10월 14일 16시,수요일,강원도 철원군 동송읍,부상신고사고,0,0,0,1,차대사람 - 횡단중,보행자보호의무위반,건조,맑음,기타 - 기타,승용,남,81세,상해없음,보행자,여,16세,부상신고
2020101400100459,2020년 10월 14일 18시,수요일,강원도 동해시 천곡동,경상사고,0,0,1,0,차대차 - 측면충돌,신호위반,건조,맑음,교차로 - 교차로안,승용,여,26세,상해없음,승용,남,28세,경상
2020101400100523,2020년 10월 14일 19시,수요일,강원도 원주시 개운동,경상사고,0,0,1,0,차대차 - 측면충돌,안전운전불이행,건조,맑음,단일로 - 기타,승용,여,45세,상해없음,승용,남,25세,경상
2020101400100589,2020년 10월 14일 21시,수요일,강원도 철원군 서면,중상사고,0,1,0,0,차대차 - 정면충돌,중앙선침범,건조,맑음,단일로 - 기타,화물,남,30세,상해없음,승용,여,52세,중상
2020101400100635,2020년 10월 14일 23시,수요일,강원도 동해시 이도동,중상사고,0,1,0,0,차량단독 - 공작물충돌,안전운전불이행,건조,맑음,단일로 - 기타,승용,남,42세,상해없음,,,,
2020101500100007,2020년 10월 15일 00시,목요일,강원도 강릉시 송정동,사망사고,1,3,0,0,차량단독 - 기타,과속,건조,맑음,단일로 - 기타,승용,여,22세,중상,,,,
2020101500100036,2020년 10월 15일 05시,목요일,강원도 원주시 단구동,부상신고사고,0,0,0,1,차대차 - 기타,신호위반,침수,맑음,교차로 - 교차로안,승용,남,67세,상해없음,승용,남,61세,부상신고
2020101500100069,2020년 10월 15일 07시,목요일,강원도 춘천시 후평동,경상사고,0,0,1,0,차대사람 - 기타,안전운전불이행,건조,맑음,교차로 - 교차로안,승용,남,31세,상해없음,보행자,남,65세,경상
2020101500100070,2020년 10월 15일 07시,목요일,강원도 원주시 무실동,경상사고,0,0,2,0,차대차 - 측면충돌,신호위반,건조,맑음,교차로 - 교차로안,승용,여,43세,상해없음,승용,여,41세,경상
2020101500100099,2020년 10월 15일 08시,목요일,강원도 횡성군 횡성읍,경상사고,0,0,1,0,차대차 - 측면충돌,안전운전불이행,건조,맑음,교차로 - 교차로안,승용,여,59세,상해없음,승용,남,46세,경상
2020101500100179,2020년 10월 15일 10시,목요일,강원도 철원군 동송읍,경상사고,0,0,1,0,차대차 - 정면충돌,교차로운행방법위반,건조,맑음,교차로 - 교차로안,승용,남,20세,상해없음,화물,남,54세,경상
2020101500100209,2020년 10월 15일 11시,목요일,강원도 강릉시 구정면,경상사고,0,0,1,0,차대차 - 측면충돌,중앙선침범,건조,맑음,단일로 - 기타,화물,남,84세,상해없음,승용,여,48세,경상
2020101500100210,2020년 10월 15일 11시,목요일,강원도 원주시 태장동,경상사고,0,0,1,0,차대차 - 측면충돌,안전운전불이행,건조,맑음,교차로 - 교차로안,승용,남,77세,상해없음,자전거,남,51세,경상
2020101500100249,2020년 10월 15일 12시,목요일,강원도 속초시 조양동,경상사고,0,0,1,0,차대차 - 측면충돌,중앙선침범,건조,맑음,교차로 - 교차로부근,승용,남,77세,상해없음,이륜,남,32세,경상
2020101500100250,2020년 10월 15일 12시,목요일,강원도 양구군 양구읍,경상사고,0,0,1,0,차대차 - 측면충돌,직진우회전진행방해,건조,맑음,교차로 - 교차로안,승용,남,71세,상해없음,승용,남,59세,상해없음
2020101500100292,2020년 10월 15일 13시,목요일,강원도 속초시 교동,경상사고,0,0,1,0,차대차 - 측면충돌,안전운전불이행,건조,맑음,교차로 - 교차로부근,승용,남,36세,상해없음,승용,여,56세,상해없음
2020101500100293,2020년 10월 15일 13시,목요일,강원도 철원군 동송읍,경상사고,0,0,1,0,차대사람 - 차도통행중,안전운전불이행,건조,맑음,단일로 - 기타,승용,여,64세,상해없음,보행자,여,62세,경상
2020101500100330,2020년 10월 15일 14시,목요일,강원도 춘천시 퇴계동,경상사고,0,0,1,0,차대차 - 기타,안전운전불이행,건조,맑음,단일로 - 기타,이륜,남,47세,경상,승용,남,64세,상해없음
2020101500100367,2020년 10월 15일 15시,목요일,강원도 강릉시 교동,경상사고,0,0,1,0,차대차 - 측면충돌,안전운전불이행,건조,맑음,교차로 - 교차로안,승용,남,94세,상해없음,승용,남,75세,경상
2020101500100368,2020년 10월 15일 15시,목요일,강원도 속초시 중앙동,경상사고,0,0,1,0,차대사람 - 차도통행중,안전운전불이행,건조,맑음,단일로 - 기타,승용,여,60세,상해없음,보행자,남,21세,경상