사고번호,사고일시,요일,시군구,사고내용,사망자수,중상자수,경상자수,부상신고자수,사고유형,법규위반,노면상태,기상상태,도로형태,가해운전자 차종,가해운전자 성별,가해운전자 연령,가해운전자 상해정도,피해운전자 차종,피해운전자 성별,피해운전자 연령,피해운전자 상해정도
2020101500100369,2020년 10월 15일 15시,목요일,강원도 홍천군 동면,경상사고,0,0,1,0,차대차 - 측면충돌,안전운전불이행,건조,맑음,단일로 - 지하차도(도로)내,승합,남,21세,상해없음,건설기계,남,33세,경상
2020101500100370,2020년 10월 15일 15시,목요일,강원도 철원군 서면,경상사고,0,0,1,0,차대차 - 측면충돌,안전운전불이행,건조,맑음,단일로 - 기타,승용,남,34세,상해없음,화물,남,78세,경상
2020101500100371,2020년 10월 15일 15시,목요일,강원도 동해시 발한동,경상사고,0,0,2,0,차대차 - 측면충돌,안전운전불이행,건조,맑음,단일로 - 기타,승용,남,68세,상해없음,승용,여,70세,경상
2020101500100463,2020년 10월 15일 17시,목요일,강원도 강릉시 강동면,경상사고,0,0,1,0,차대사람 - 기타,안전운전불이행,건조,맑음,단일로 - 기타,화물,남,58세,상해없음,보행자,남,26세,경상
2020101500100524,2020년 10월 15일 18시,목요일,강원도 춘천시 소양로1가,중상사고,0,1,0,0,차대차 - 추돌,안전거리미확보,건조,맑음,단일로 - 기타,승용,남,19세,상해없음,화물,남,40세,중상
2020101500100525,2020년 10월 15일 18시,목요일,강원도 원주시 단계동,경상사고,0,0,1,0,차대차 - 측면충돌,안전운전불이행,건조,기타,기타 - 기타,승용,여,22세,상해없음,이륜,남,30세,경상
2020101500100654,2020년 10월 15일 21시,목요일,강원도 원주시 개운동,경상사고,0,0,1,0,차대차 - 기타,직진우회전진행방해,건조,맑음,교차로 - 교차로안,승용,남,63세,상해없음,이륜,남,42세,경상
2020101500100655,2020년 10월 15일 21시,목요일,강원도 양양군 양양읍,경상사고,0,0,1,0,차대차 - 측면충돌,안전운전불이행,건조,맑음,교차로 - 교차로안,승용,남,63세,상해없음,승용,남,27세,경상
2020101500100677,2020년 10월 15일 22시,목요일,강원도 춘천시 퇴계동,경상사고,0,0,1,0,차대차 - 기타,직진우회전진행방해,건조,맑음,교차로 - 교차로안,승용,여,23세,상해없음,이륜,남,26세,경상
2020101500100696,2020년 10월 15일 23시,목요일,강원도 춘천시 동내면,경상사고,0,0,3,0,차대차 - 추돌,안전운전불이행,건조,맑음,단일로 - 기타,승용,여,58세,기타불명,승용,여,22세,경상
2020101600100099,2020년 10월 16일 08시,금요일,강원도 원주시 우산동,경상사고,0,0,1,0,차대사람 - 횡단중,안전운전불이행,건조,맑음,단일로 - 기타,승용,남,36세,상해없음,보행자,남,13세,경상
2020101600100100,2020년 10월 16일 08시,금요일,강원도 고성군 토성면,경상사고,0,0,1,0,차대차 - 측면충돌,안전운전불이행,건조,맑음,단일로 - 기타,건설기계,남,44세,상해없음,승용,여,42세,경상
2020101600100182,2020년 10월 16일 11시,금요일,강원도 횡성군 횡성읍,중상사고,0,1,0,0,차대차 - 기타,중앙선침범,건조,맑음,단일로 - 기타,승용,여,66세,상해없음,원동기,남,17세,중상
2020101600100217,2020년 10월 16일 12시,금요일,강원도 원주시 태장동,중상사고,0,1,0,0,차대사람 - 차도통행중,보행자보호의무위반,건조,맑음,교차로 - 교차로안,화물,남,74세,상해없음,보행자,여,55세,중상
2020101600100255,2020년 10월 16일 13시,금요일,강원도 원주시 명륜동,경상사고,0,0,1,0,차대차 - 측면충돌,교차로운행방법위반,건조,맑음,교차로 - 교차로부근,승용,남,75세,상해없음,승용,여,57세,경상
2020101600100256,2020년 10월 16일 13시,금요일,강원도 정선군 임계면,중상사고,0,1,0,0,차대사람 - 횡단중,안전운전불이행,건조,맑음,기타 - 기타,승용,남,78세,상해없음,보행자,여,85세,중상
2020101600100284,2020년 10월 16일 14시,금요일,강원도 삼척시 성북동,경상사고,0,0,1,0,차대차 - 측면충돌,안전운전불이행,건조,맑음,교차로 - 교차로안,승합,여,68세,상해없음,승용,남,38세,경상
2020101600100360,2020년 10월 16일 16시,금요일,강원도 홍천군 동면,중상사고,0,1,0,0,차대차 - 측면충돌,직진우회전진행방해,건조,맑음,교차로 - 교차로안,승용,남,78세,상해없음,이륜,남,82세,중상
2020101600100361,2020년 10월 16일 16시,금요일,강원도 횡성군 횡성읍,중상사고,0,1,3,0,차대차 - 측면충돌,안전운전불이행,건조,맑음,교차로 - 교차로안,승용,여,49세,경상,승용,남,64세,경상
2020101600100406,2020년 10월 16일 17시,금요일,강원도 춘천시 동내면,경상사고,0,0,1,0,차대차 - 기타,신호위반,건조,맑음,교차로 - 교차로안,자전거,남,94세,경상,승용,남,66세,상해없음
2020101600100407,2020년 10월 16일 17시,금요일,강원도 평창군 평창읍,경상사고,0,0,2,1,차대차 - 정면충돌,중앙선침범,건조,맑음,교차로 - 교차로부근,승용,여,68세,경상,승용,남,55세,경상
2020101600100408,2020년 10월 16일 17시,금요일,강원도 동해시 쇄운동,경상사고,0,0,2,0,차대차 - 정면충돌,안전운전불이행,건조,맑음,단일로 - 기타,승용,여,34세,상해없음,승용,여,45세,경상
2020101600100469,2020년 10월 16일 18시,금요일,강원도 강릉시 옥계면,중상사고,0,1,0,0,차대차 - 추돌,안전운전불이행,건조,맑음,단일로 - 기타,승용,남,65세,상해없음,농기계,남,68세,중상
2020101600100470,2020년 10월 16일 18시,금요일,강원도 원주시 무실동,경상사고,0,0,3,0,차대차 - 추돌,안전운전불이행,건조,맑음,단일로 - 기타,승용,남,68세,상해없음,승용,남,51세,경상
2020101600100471,2020년 10월 16일 18시,금요일,강원도 원주시 개운동,경상사고,0,0,1,0,차대차 - 측면충돌,교차로운행방법위반,건조,맑음,교차로 - 교차로부근,승용,여,44세,상해없음,화물,남,69세,상해없음
2020101600100472,2020년 10월 16일 18시,금요일,강원도 홍천군 홍천읍,경상사고,0,0,1,0,차대차 - 측면충돌,직진우회전진행방해,건조,맑음,교차로 - 교차로안,승용,여,63세,상해없음,승용,여,28세,경상
2020101600100544,2020년 10월 16일 19시,금요일,강원도 원주시 태장동,경상사고,0,0,4,0,차대차 - 측면충돌,안전거리미확보,건조,맑음,단일로 - 기타,화물,남,48세,상해없음,화물,여,53세,경상
2020101600100613,2020년 10월 16일 21시,금요일,강원도 원주시 단계동,경상사고,0,0,1,0,차대사람 - 차도통행중,안전운전불이행,건조,맑음,교차로 - 교차로부근,승용,여,35세,상해없음,보행자,남,56세,경상
2020101700100015,2020년 10월 17일 00시,토요일,강원도 춘천시 신동면,중상사고,0,1,0,0,차대차 - 측면충돌,중앙선침범,건조,맑음,교차로 - 교차로부근,승용,남,35세,상해없음,승용,남,42세,중상
2020101700100041,2020년 10월 17일 02시,토요일,강원도 춘천시 신북읍,경상사고,0,0,2,0,차대차 - 기타,교차로운행방법위반,건조,맑음,교차로 - 교차로안,승용,남,25세,상해없음,승용,여,49세,경상
2020101700100057,2020년 10월 17일 04시,토요일,강원도 원주시 개운동,경상사고,0,0,2,0,차대차 - 측면충돌,신호위반,건조,맑음,교차로 - 교차로안,승용,남,62세,상해없음,승용,여,62세,경상
2020101700100112,2020년 10월 17일 08시,토요일,강원도 원주시 명륜동,경상사고,0,0,1,0,차대차 - 정면충돌,안전거리미확보,건조,맑음,교차로 - 교차로안,승용,남,54세,상해없음,화물,남,45세,경상
2020101700100174,2020년 10월 17일 10시,토요일,강원도 강릉시 사천면,경상사고,0,0,2,0,차대차 - 추돌,안전운전불이행,건조,맑음,기타 - 기타,승용,여,45세,상해없음,승용,남,80세,경상
2020101700100175,2020년 10월 17일 10시,토요일,강원도 삼척시 사직동,중상사고,0,1,0,0,차대사람 - 횡단중,보행자보호의무위반,기타,맑음,기타 - 기타,화물,남,50세,상해없음,보행자,여,69세,중상
2020101700100203,2020년 10월 17일 11시,토요일,강원도 원주시 단계동,경상사고,0,0,4,0,차대차 - 측면충돌,기타,건조,맑음,교차로 - 교차로안,승용,남,40세,상해없음,승용,남,28세,경상
2020101700100251,2020년 10월 17일 12시,토요일,강원도 원주시 무실동,경상사고,0,0,1,0,차대차 - 기타,직진우회전진행방해,건조,맑음,교차로 - 교차로안,이륜,남,78세,경상,승용,여,53세,상해없음
2020101700100252,2020년 10월 17일 12시,토요일,강원도 원주시 문막읍,경상사고,0,0,2,0,차대차 - 기타,안전운전불이행,건조,맑음,단일로 - 기타,건설기계,남,63세,상해없음,승용,여,64세,경상
2020101700100253,2020년 10월 17일 12시,토요일,강원도 원주시 소초면,경상사고,0,0,1,0,차대차 - 정면충돌,중앙선침범,건조,맑음,단일로 - 기타,승용,남,20세,상해없음,승용,남,69세,경상
2020101700100306,2020년 10월 17일 13시,토요일,강원도 홍천군 홍천읍,중상사고,0,1,0,0,차대차 - 측면충돌,교차로운행방법위반,건조,맑음,교차로 - 교차로안,승용,남,71세,상해없음,원동기,남,22세,중상
2020101700100352,2020년 10월 17일 14시,토요일,강원도 홍천군 홍천읍,경상사고,0,0,1,0,차대차 - 측면충돌,안전운전불이행,건조,맑음,단일로 - 기타,건설기계,남,54세,상해없음,이륜,남,57세,경상
2020101700100393,2020년 10월 17일 15시,토요일,강원도 속초시 조양동,경상사고,0,0,2,0,차대차 - 측면충돌,교차로운행방법위반,건조,맑음,교차로 - 교차로안,승용,남,46세,상해없음,승용,여,62세,경상
2020101700100443,2020년 10월 17일 16시,토요일,강원도 춘천시 서면,중상사고,0,1,5,0,차대차 - 측면충돌,안전운전불이행,건조,맑음,단일로 - 기타,승용,남,43세,경상,승용,남,27세,상해없음
2020101700100444,2020년 10월 17일 16시,토요일,강원도 원주시 명륜동,경상사고,0,0,1,0,차대차 - 측면충돌,신호위반,건조,맑음,단일로 - 기타,이륜,남,48세,상해없음,자전거,남,51세,경상
2020101700100445,2020년 10월 17일 16시,토요일,강원도 양양군 현남면,경상사고,0,0,1,0,차대차 - 추돌,안전운전불이행,건조,맑음,교차로 - 교차로안,화물,남,61세,상해없음,승용,남,30세,경상
2020101700100446,2020년 10월 17일 16시,토요일,강원도 화천군 사내면,중상사고,0,1,2,0,차대차 - 추돌,안전운전불이행,건조,맑음,단일로 - 기타,이륜,남,34세,중상,승용,여,35세,경상
2020101700100484,2020년 10월 17일 17시,토요일,강원도 강릉시 성남동,중상사고,0,1,0,0,차대차 - 측면충돌,안전운전불이행,건조,맑음,교차로 - 교차로안,승용,남,35세,상해없음,자전거,남,12세,중상
2020101700100538,2020년 10월 17일 18시,토요일,강원도 홍천군 홍천읍,사망사고,1,0,0,0,차대차 - 기타,안전운전불이행,건조,맑음,단일로 - 기타,이륜,남,36세,사망,승용,여,46세,상해없음
2020101700100598,2020년 10월 17일 19시,토요일,강원도 춘천시 후평동,중상사고,0,1,0,0,차대차 - 정면충돌,교차로운행방법위반,건조,맑음,교차로 - 교차로안,승용,남,47세,상해없음,이륜,남,27세,중상
2020101700100643,2020년 10월 17일 20시,토요일,강원도 원주시 무실동,중상사고,0,1,0,0,차대차 - 기타,직진우회전진행방해,건조,맑음,교차로 - 교차로안,승용,남,36세,상해없음,화물,남,71세,중상
2020101700100644,2020년 10월 17일 20시,토요일,강원도 원주시 단구동,중상사고,0,1,0,0,차대차 - 측면충돌,직진우회전진행방해,건조,맑음,교차로 - 교차로안,승용,여,52세,상해없음,이륜,남,16세,중상
2020101700100645,2020년 10월 17일 20시,토요일,강원도 원주시 단계동,경상사고,0,0,1,0,차대차 - 추돌,안전운전불이행,건조,맑음,교차로 - 교차로부근,화물,남,56세,상해없음,승용,남,50세,경상
2020101700100646,2020년 10월 17일 20시,토요일,강원도 원주시 무실동,경상사고,0,0,1,0,차대차 - 측면충돌,안전거리미확보,건조,맑음,단일로 - 기타,승용,여,46세,상해없음,승용,여,58세,경상
2020101700100698,2020년 10월 17일 22시,토요일,강원도 강릉시 노암동,중상사고,0,2,0,0,차대차 - 측면충돌,과속,건조,맑음,단일로 - 기타,승용,남,62세,상해없음,승용,여,48세,중상
2020101800100086,2020년 10월 18일 07시,일요일,강원도 홍천군 서석면,중상사고,0,1,0,0,차대차 - 후진중충돌,안전운전불이행,건조,맑음,교차로 - 교차로안,승용,남,54세,상해없음,승용,여,60세,중상
2020101800100100,2020년 10월 18일 08시,일요일,강원도 원주시 단계동,경상사고,0,0,4,0,차대차 - 추돌,안전운전불이행,건조,맑음,단일로 - 기타,특수,남,49세,상해없음,승용,남,75세,경상
2020101800100101,2020년 10월 18일 08시,일요일,강원도 원주시 평원동,경상사고,0,0,1,0,차대사람 - 차도통행중,안전운전불이행,건조,맑음,주차장 - 주차장,승용,여,79세,상해없음,보행자,남,54세,경상
2020101800100102,2020년 10월 18일 08시,일요일,강원도 속초시 노학동,중상사고,0,1,0,0,차대차 - 측면충돌,교차로운행방법위반,건조,맑음,교차로 - 교차로안,승용,남,43세,상해없음,승용,남,52세,상해없음
2020101800100115,2020년 10월 18일 09시,일요일,강원도 동해시 단봉동,중상사고,0,1,0,0,차대차 - 측면충돌,안전거리미확보,건조,맑음,교차로 - 교차로부근,승용,남,35세,상해없음,이륜,남,39세,중상
2020101800100138,2020년 10월 18일 10시,일요일,강원도 원주시 단계동,경상사고,0,0,1,0,차대차 - 측면충돌,안전거리미확보,건조,맑음,단일로 - 기타,승용,남,74세,상해없음,화물,남,38세,경상
2020101800100162,2020년 10월 18일 11시,일요일,강원도 춘천시 동내면,경상사고,0,0,1,0,차대차 - 측면충돌,안전운전불이행,건조,맑음,교차로 - 교차로부근,승용,여,21세,상해없음,승용,남,61세,경상
2020101800100163,2020년 10월 18일 11시,일요일,강원도 양구군 양구읍,중상사고,0,4,0,0,차대차 - 정면충돌,중앙선침범,건조,맑음,교차로 - 교차로부근,승용,남,21세,중상,화물,남,55세,중상
2020101800100192,2020년 10월 18일 12시,일요일,강원도 삼척시 도계읍,경상사고,0,0,3,0,차대차 - 측면충돌,안전거리미확보,건조,맑음,단일로 - 기타,승용,여,68세,상해없음,승용,남,68세,경상
2020101800100221,2020년 10월 18일 13시,일요일,강원도 삼척시 근덕면,경상사고,0,0,1,0,차대차 - 측면충돌,안전거리미확보,건조,맑음,단일로 - 기타,승용,남,70세,상해없음,이륜,남,27세,경상
2020101800100247,2020년 10월 18일 14시,일요일,강원도 양양군 현북면,경상사고,0,0,1,0,차대차 - 측면충돌,안전운전불이행,건조,맑음,교차로 - 교차로부근,승용,남,57세,상해없음,원동기,남,32세,경상
2020101800100292,2020년 10월 18일 15시,일요일,강원도 영월군 주천면,중상사고,0,2,2,1,차대차 - 측면충돌,중앙선침범,건조,맑음,단일로 - 지하차도(도로)내,이륜,남,49세,부상신고,승용,남,61세,중상
2020101800100293,2020년 10월 18일 15시,일요일,강원도 횡성군 안흥면,중상사고,0,1,0,0,차량단독 - 공작물충돌,안전운전불이행,건조,맑음,단일로 - 기타,이륜,남,70세,중상,,,,
2020101800100345,2020년 10월 18일 16시,일요일,강원도 춘천시 동내면,경상사고,0,0,2,0,차대차 - 후진중충돌,안전운전불이행,건조,맑음,교차로 - 교차로안,승용,남,74세,상해없음,화물,여,26세,경상
2020101800100346,2020년 10월 18일 16시,일요일,강원도 홍천군 서석면,경상사고,0,0,2,0,차대차 - 추돌,안전거리미확보,건조,맑음,단일로 - 터널,승용,남,22세,상해없음,승용,남,35세,경상
2020101800100432,2020년 10월 18일 18시,일요일,강원도 삼척시 도계읍,경상사고,0,0,1,0,차대차 - 측면충돌,안전운전불이행,건조,맑음,단일로 - 기타,승용,남,74세,상해없음,승용,남,47세,경상
2020101800100433,2020년 10월 18일 18시,일요일,강원도 횡성군 서원면,경상사고,0,0,1,0,차대차 - 측면충돌,안전운전불이행,건조,맑음,단일로 - 기타,승용,남,68세,상해없음,승용,여,65세,경상
2020101800100528,2020년 10월 18일 21시,일요일,강원도 영월군 영월읍,부상신고사고,0,0,0,1,차대차 - 측면충돌,교차로운행방법위반,건조,맑음,교차로 - 교차로안,승용,남,59세,상해없음,이륜,남,19세,부상신고
2020101900100017,2020년 10월 19일 02시,월요일,강원도 양양군 강현면,경상사고,0,0,1,0,차대사람 - 기타,안전운전불이행,건조,맑음,교차로 - 교차로부근,승용,남,36세,상해없음,보행자,남,70세,경상
2020101900100029,2020년 10월 19일 04시,월요일,강원도 철원군 갈말읍,경상사고,0,0,1,0,차대차 - 측면충돌,직진우회전진행방해,건조,맑음,교차로 - 교차로안,화물,남,54세,상해없음,화물,남,59세,경상
2020101900100037,2020년 10월 19일 05시,월요일,강원도 원주시 단구동,중상사고,0,1,0,0,차대사람 - 차도통행중,안전운전불이행,건조,맑음,단일로 - 기타,승용,남,64세,상해없음,보행자,남,42세,중상
2020101900100038,2020년 10월 19일 05시,월요일,강원도 평창군 대화면,경상사고,0,0,1,0,차대차 - 측면충돌,안전운전불이행,건조,맑음,교차로 - 교차로안,승용,남,52세,상해없음,승용,여,62세,경상
2020101900100113,2020년 10월 19일 08시,월요일,강원도 원주시 판부면,경상사고,0,0,1,0,차대차 - 추돌,안전거리미확보,건조,맑음,교차로 - 교차로부근,승용,여,34세,상해없음,승용,여,45세,경상
2020101900100171,2020년 10월 19일 09시,월요일,강원도 강릉시 저동,경상사고,0,0,2,0,차대차 - 측면충돌,중앙선침범,건조,맑음,단일로 - 기타,승용,여,53세,상해없음,승용,여,62세,상해없음
2020101900100172,2020년 10월 19일 09시,월요일,강원도 속초시 중앙동,경상사고,0,0,1,0,차대차 - 측면충돌,안전운전불이행,건조,맑음,단일로 - 기타,화물,남,57세,상해없음,승용,여,67세,경상
2020101900100173,2020년 10월 19일 09시,월요일,강원도 삼척시 남양동,경상사고,0,0,2,0,차대차 - 측면충돌,직진우회전진행방해,건조,맑음,교차로 - 교차로안,화물,남,75세,경상,승용,여,58세,경상
2020101900100174,2020년 10월 19일 09시,월요일,강원도 양구군 남면,중상사고,0,1,0,0,차대차 - 측면충돌,안전운전불이행,건조,맑음,교차로 - 교차로안,승합,남,67세,상해없음,승용,남,80세,중상
2020101900100214,2020년 10월 19일 10시,월요일,강원도 춘천시 동면,경상사고,0,0,1,0,차대차 - 추돌,안전운전불이행,건조,맑음,단일로 - 기타,승용,남,63세,상해없음,승용,여,49세,경상
2020101900100215,2020년 10월 19일 10시,월요일,강원도 원주시 무실동,경상사고,0,0,1,0,차대차 - 측면충돌,안전운전불이행,건조,맑음,교차로 - 교차로안,승용,남,59세,상해없음,승용,남,48세,경상
2020101900100254,2020년 10월 19일 11시,월요일,강원도 원주시 인동,부상신고사고,0,0,0,1,차대차 - 기타,안전운전불이행,건조,맑음,단일로 - 기타,자전거,남,59세,부상신고,승용,남,53세,상해없음
2020101900100287,2020년 10월 19일 12시,월요일,강원도 원주시 단계동,경상사고,0,0,1,0,차대차 - 측면충돌,교차로운행방법위반,건조,맑음,교차로 - 교차로안,승용,여,34세,상해없음,승용,남,42세,경상
2020101900100288,2020년 10월 19일 12시,월요일,강원도 속초시 조양동,중상사고,0,1,0,0,차대사람 - 횡단중,보행자보호의무위반,건조,맑음,교차로 - 교차로횡단보도내,승용,여,48세,상해없음,보행자,여,8세,중상
2020101900100289,2020년 10월 19일 12시,월요일,강원도 양구군 양구읍,중상사고,0,1,0,0,차대차 - 측면충돌,안전운전불이행,건조,맑음,교차로 - 교차로안,화물,남,66세,상해없음,자전거,남,66세,중상
2020101900100328,2020년 10월 19일 13시,월요일,강원도 춘천시 퇴계동,경상사고,0,0,2,0,차대차 - 기타,안전운전불이행,건조,맑음,단일로 - 기타,승용,남,28세,상해없음,승용,여,41세,경상
2020101900100329,2020년 10월 19일 13시,월요일,강원도 강릉시 옥계면,경상사고,0,0,1,0,차대차 - 측면충돌,신호위반,건조,맑음,교차로 - 교차로안,승용,남,48세,상해없음,승용,남,41세,경상
2020101900100378,2020년 10월 19일 14시,월요일,강원도 원주시 소초면,중상사고,0,1,2,0,차대차 - 추돌,안전운전불이행,건조,맑음,교차로 - 교차로부근,승용,남,46세,상해없음,승용,여,50세,중상
2020101900100379,2020년 10월 19일 14시,월요일,강원도 평창군 대관령면,경상사고,0,0,1,0,차대차 - 측면충돌,신호위반,건조,맑음,교차로 - 교차로안,승용,여,59세,경상,승합,남,50세,상해없음
2020101900100380,2020년 10월 19일 14시,월요일,강원도 원주시 태장동,경상사고,0,0,1,0,차대차 - 측면충돌,안전운전불이행,건조,맑음,단일로 - 기타,승용,남,62세,상해없음,승용,남,31세,경상
2020101900100422,2020년 10월 19일 15시,월요일,강원도 태백시 황지동,경상사고,0,0,2,0,차대차 - 측면충돌,교차로운행방법위반,건조,맑음,교차로 - 교차로안,승용,여,63세,상해없음,승용,남,67세,경상
2020101900100463,2020년 10월 19일 16시,월요일,강원도 화천군 사내면,경상사고,0,0,1,0,차대차 - 추돌,안전운전불이행,건조,맑음,단일로 - 기타,승용,남,59세,상해없음,승용,여,55세,경상
2020101900100552,2020년 10월 19일 18시,월요일,강원도 원주시 반곡동,경상사고,0,0,1,0,차대차 - 측면충돌,신호위반,건조,맑음,교차로 - 교차로안,원동기,남,17세,상해없음,승용,남,23세,경상
2020101900100553,2020년 10월 19일 18시,월요일,강원도 속초시 조양동,중상사고,0,1,0,0,차대차 - 기타,안전운전불이행,건조,맑음,단일로 - 기타,승용,여,48세,상해없음,자전거,남,9세,중상
2020101900100554,2020년 10월 19일 18시,월요일,강원도 정선군 정선읍,사망사고,1,0,0,0,차대사람 - 차도통행중,안전운전불이행,건조,맑음,단일로 - 기타,승용,남,44세,상해없음,보행자,여,75세,사망
2020101900100613,2020년 10월 19일 19시,월요일,강원도 춘천시 동면,중상사고,0,1,0,0,차대사람 - 보도통행중,신호위반,건조,맑음,교차로 - 교차로횡단보도내,승용,남,56세,상해없음,보행자,남,59세,중상
2020101900100614,2020년 10월 19일 19시,월요일,강원도 춘천시 석사동,부상신고사고,0,0,0,1,차대차 - 정면충돌,안전운전불이행,건조,맑음,교차로 - 교차로안,승용,여,56세,상해없음,이륜,남,22세,부상신고
2020101900100615,2020년 10월 19일 19시,월요일,강원도 강릉시 포남동,중상사고,0,1,0,0,차대차 - 기타,중앙선침범,건조,맑음,기타 - 기타,승용,남,25세,상해없음,원동기,남,26세,중상
2020101900100616,2020년 10월 19일 19시,월요일,강원도 원주시 개운동,중상사고,0,1,1,0,차대차 - 측면충돌,신호위반,건조,맑음,교차로 - 교차로안,이륜,남,62세,중상,승용,여,27세,경상
2020101900100651,2020년 10월 19일 20시,월요일,강원도 강릉시 포남동,중상사고,0,1,0,0,차대사람 - 기타,안전운전불이행,건조,맑음,단일로 - 기타,승용,남,58세,상해없음,보행자,여,34세,중상
2020101900100652,2020년 10월 19일 20시,월요일,강원도 횡성군 우천면,중상사고,0,1,0,0,차대사람 - 차도통행중,안전운전불이행,건조,맑음,단일로 - 기타,화물,남,75세,상해없음,보행자,남,69세,중상
2020101900100699,2020년 10월 19일 22시,월요일,강원도 정선군 여량면,부상신고사고,0,0,0,1,차량단독 - 공작물충돌,안전운전불이행,건조,맑음,교차로 - 교차로안,이륜,남,27세,부상신고,,,,
2020101900100700,2020년 10월 19일 22시,월요일,강원도 정선군 남면,경상사고,0,0,2,0,차대차 - 추돌,안전운전불이행,건조,맑음,단일로 - 기타,승용,남,53세,상해없음,승합,남,34세,경상
2020101900100725,2020년 10월 19일 23시,월요일,강원도 원주시 소초면,경상사고,0,0,1,0,차대차 - 추돌,과속,건조,기타,기타 - 기타,승용,남,27세,기타불명,화물,남,71세,경상
2020102000100037,2020년 10월 20일 05시,화요일,강원도 횡성군 횡성읍,중상사고,0,1,0,0,차대차 - 기타,안전운전불이행,젖음/습기,안개,교차로 - 교차로안,승용,여,51세,상해없음,자전거,남,61세,중상
2020102000100095,2020년 10월 20일 08시,화요일,강원도 삼척시 사직동,경상사고,0,0,3,0,차대차 - 측면충돌,안전거리미확보,건조,맑음,단일로 - 지하차도(도로)내,승용,남,60세,상해없음,승용,여,43세,경상
2020102000100096,2020년 10월 20일 08시,화요일,강원도 정선군 화암면,경상사고,0,0,1,0,차대차 - 추돌,안전운전불이행,건조,맑음,교차로 - 교차로안,승용,여,46세,기타불명,승용,남,37세,경상
2020102000100212,2020년 10월 20일 11시,화요일,강원도 정선군 임계면,부상신고사고,0,0,0,3,차대차 - 정면충돌,중앙선침범,건조,맑음,단일로 - 기타,승용,남,48세,부상신고,화물,남,60세,부상신고
2020102000100252,2020년 10월 20일 12시,화요일,강원도 홍천군 홍천읍,중상사고,0,1,0,0,차대차 - 측면충돌,교차로운행방법위반,건조,맑음,교차로 - 교차로안,화물,남,41세,상해없음,자전거,남,65세,중상
2020102000100282,2020년 10월 20일 13시,화요일,강원도 춘천시 석사동,경상사고,0,0,1,0,차대차 - 기타,안전운전불이행,건조,맑음,교차로 - 교차로안,승용,여,52세,상해없음,화물,남,50세,경상
2020102000100283,2020년 10월 20일 13시,화요일,강원도 강릉시 성남동,중상사고,0,1,0,0,차대사람 - 보도통행중,보행자보호의무위반,건조,맑음,교차로 - 교차로횡단보도내,화물,남,64세,상해없음,보행자,남,82세,중상
2020102000100284,2020년 10월 20일 13시,화요일,강원도 속초시 교동,경상사고,0,0,1,0,차량단독 - 전도전복 - 전도,안전운전불이행,건조,맑음,교차로 - 교차로부근,이륜,남,38세,경상,,,,
2020102000100328,2020년 10월 20일 14시,화요일,강원도 원주시 명륜동,경상사고,0,0,1,0,차대차 - 측면충돌,안전운전불이행,건조,맑음,기타 - 기타,승용,여,69세,상해없음,승용,남,57세,경상
2020102000100329,2020년 10월 20일 14시,화요일,강원도 고성군 거진읍,중상사고,0,1,0,0,차대차 - 측면충돌,기타,건조,맑음,단일로 - 기타,승용,여,47세,상해없음,이륜,여,73세,중상
2020102000100378,2020년 10월 20일 15시,화요일,강원도 강릉시 포남동,경상사고,0,0,1,0,차대사람 - 차도통행중,안전운전불이행,건조,맑음,단일로 - 기타,승용,남,45세,상해없음,보행자,여,49세,경상
2020102000100379,2020년 10월 20일 15시,화요일,강원도 원주시 반곡동,경상사고,0,0,2,0,차대차 - 측면충돌,안전운전불이행,건조,맑음,교차로 - 교차로부근,승용,남,66세,상해없음,화물,남,50세,경상
2020102000100380,2020년 10월 20일 15시,화요일,강원도 속초시 조양동,경상사고,0,0,1,0,차대차 - 측면충돌,신호위반,건조,맑음,교차로 - 교차로횡단보도내,승용,남,51세,상해없음,자전거,남,98세 이상,경상
2020102000100434,2020년 10월 20일 16시,화요일,강원도 춘천시 교동,경상사고,0,0,1,0,차대사람 - 길가장자리구역통행중,안전운전불이행,건조,맑음,단일로 - 기타,기타불명,기타불명,미분류,기타불명,보행자,남,67세,경상
2020102000100435,2020년 10월 20일 16시,화요일,강원도 강릉시 송정동,중상사고,0,1,0,0,차대차 - 측면충돌,안전운전불이행,건조,맑음,교차로 - 교차로안,승용,남,46세,상해없음,자전거,남,9세,중상
2020102000100436,2020년 10월 20일 16시,화요일,강원도 태백시 소도동,경상사고,0,0,1,0,차대차 - 측면충돌,중앙선침범,건조,맑음,교차로 - 교차로안,승합,남,63세,상해없음,승용,여,67세,경상
2020102000100476,2020년 10월 20일 17시,화요일,강원도 춘천시 효자동,경상사고,0,0,1,0,차대차 - 기타,안전거리미확보,건조,맑음,교차로 - 교차로부근,승합,남,66세,상해없음,이륜,남,26세,경상