사고번호,사고일시,요일,시군구,사고내용,사망자수,중상자수,경상자수,부상신고자수,사고유형,법규위반,노면상태,기상상태,도로형태,가해운전자 차종,가해운전자 성별,가해운전자 연령,가해운전자 상해정도,피해운전자 차종,피해운전자 성별,피해운전자 연령,피해운전자 상해정도
2020102600100111,2020년 10월 26일 08시,월요일,강원도 원주시 단구동,경상사고,0,0,2,0,차대차 - 측면충돌,직진우회전진행방해,건조,맑음,교차로 - 교차로안,승용,여,41세,상해없음,승용,여,42세,경상
2020102600100174,2020년 10월 26일 09시,월요일,강원도 원주시 명륜동,경상사고,0,0,2,0,차대차 - 추돌,안전운전불이행,건조,맑음,기타 - 기타,화물,남,44세,상해없음,승용,남,66세,경상
2020102600100205,2020년 10월 26일 10시,월요일,강원도 속초시 청호동,중상사고,0,1,1,0,차대차 - 측면충돌,신호위반,건조,맑음,교차로 - 교차로안,승용,여,55세,상해없음,승합,남,47세,중상
2020102600100206,2020년 10월 26일 10시,월요일,강원도 화천군 상서면,경상사고,0,0,1,0,차대사람 - 기타,안전운전불이행,건조,맑음,단일로 - 기타,승용,여,34세,상해없음,보행자,남,20세,경상
2020102600100207,2020년 10월 26일 10시,월요일,강원도 횡성군 횡성읍,중상사고,0,1,0,0,차대차 - 측면충돌,중앙선침범,건조,맑음,교차로 - 교차로부근,건설기계,남,58세,상해없음,화물,남,57세,중상
2020102600100208,2020년 10월 26일 10시,월요일,강원도 동해시 효가동,중상사고,0,1,0,0,차대차 - 기타,기타,건조,맑음,교차로 - 교차로안,승용,여,41세,상해없음,자전거,남,80세,중상
2020102600100209,2020년 10월 26일 10시,월요일,강원도 횡성군 둔내면,중상사고,0,2,0,0,차대차 - 추돌,안전거리미확보,건조,맑음,단일로 - 기타,승용,남,40세,상해없음,승용,남,54세,중상
2020102600100253,2020년 10월 26일 11시,월요일,강원도 원주시 학성동,경상사고,0,0,2,0,차대차 - 측면충돌,안전운전불이행,건조,맑음,단일로 - 기타,화물,남,74세,상해없음,승용,남,68세,경상
2020102600100295,2020년 10월 26일 12시,월요일,강원도 춘천시 후평동,경상사고,0,0,3,0,차대차 - 추돌,안전거리미확보,건조,맑음,단일로 - 기타,승용,남,24세,경상,승용,남,54세,경상
2020102600100330,2020년 10월 26일 13시,월요일,강원도 원주시 단계동,중상사고,0,1,0,0,차대차 - 측면충돌,신호위반,건조,맑음,교차로 - 교차로안,승용,남,22세,상해없음,이륜,남,30세,중상
2020102600100400,2020년 10월 26일 15시,월요일,강원도 춘천시 신동,부상신고사고,0,0,0,1,차대차 - 기타,직진우회전진행방해,건조,맑음,교차로 - 교차로안,승용,남,90세,상해없음,승합,남,51세,부상신고
2020102600100401,2020년 10월 26일 15시,월요일,강원도 철원군 동송읍,중상사고,0,1,0,0,차대차 - 측면충돌,직진우회전진행방해,건조,맑음,교차로 - 교차로안,승용,남,79세,상해없음,이륜,남,80세,중상
2020102600100439,2020년 10월 26일 16시,월요일,강원도 횡성군 횡성읍,중상사고,0,1,0,0,차대차 - 측면충돌,교차로운행방법위반,건조,맑음,교차로 - 교차로횡단보도내,승합,남,69세,상해없음,이륜,남,68세,중상
2020102600100489,2020년 10월 26일 17시,월요일,강원도 원주시 봉산동,경상사고,0,0,1,0,차대사람 - 횡단중,안전운전불이행,건조,맑음,단일로 - 기타,승용,여,37세,상해없음,보행자,여,65세,경상
2020102600100490,2020년 10월 26일 17시,월요일,강원도 원주시 단계동,경상사고,0,0,2,0,차대차 - 후진중충돌,안전운전불이행,건조,맑음,단일로 - 기타,승용,남,62세,기타불명,승용,여,47세,경상
2020102600100549,2020년 10월 26일 18시,월요일,강원도 원주시 반곡동,경상사고,0,0,1,0,차대차 - 후진중충돌,안전운전불이행,건조,기타,주차장 - 주차장,승용,여,22세,상해없음,승용,여,36세,경상
2020102600100550,2020년 10월 26일 18시,월요일,강원도 원주시 반곡동,중상사고,0,1,0,0,차대사람 - 횡단중,보행자보호의무위반,건조,맑음,교차로 - 교차로횡단보도내,승용,여,45세,상해없음,보행자,여,26세,중상
2020102600100551,2020년 10월 26일 18시,월요일,강원도 동해시 천곡동,경상사고,0,0,1,0,차대사람 - 횡단중,안전운전불이행,건조,맑음,단일로 - 기타,이륜,남,23세,상해없음,보행자,남,27세,경상
2020102600100602,2020년 10월 26일 19시,월요일,강원도 평창군 대관령면,경상사고,0,0,1,0,차대차 - 측면충돌,안전운전불이행,건조,맑음,교차로 - 교차로안,화물,남,61세,상해없음,화물,남,45세,경상
2020102600100640,2020년 10월 26일 20시,월요일,강원도 원주시 반곡동,경상사고,0,0,2,0,차대차 - 측면충돌,안전운전불이행,건조,흐림,교차로 - 교차로안,승용,남,56세,경상,승용,여,24세,상해없음
2020102600100663,2020년 10월 26일 21시,월요일,강원도 원주시 단구동,경상사고,0,0,2,0,차대차 - 후진중충돌,안전운전불이행,건조,맑음,교차로 - 교차로부근,승용,남,51세,상해없음,승용,남,61세,경상
2020102700100141,2020년 10월 27일 09시,화요일,강원도 삼척시 원덕읍,경상사고,0,0,1,0,차대차 - 추돌,안전운전불이행,기타,맑음,단일로 - 기타,화물,남,29세,상해없음,승용,남,26세,경상
2020102700100142,2020년 10월 27일 09시,화요일,강원도 동해시 나안동,중상사고,0,1,0,0,차대사람 - 기타,안전운전불이행,건조,맑음,교차로 - 교차로안,자전거,남,21세,상해없음,보행자,남,18세,중상
2020102700100327,2020년 10월 27일 14시,화요일,강원도 춘천시 중앙로3가,경상사고,0,0,5,1,차대차 - 측면충돌,안전운전불이행,건조,맑음,교차로 - 교차로안,승용,여,62세,경상,승합,남,46세,경상
2020102700100328,2020년 10월 27일 14시,화요일,강원도 원주시 태장동,중상사고,0,1,0,0,차대차 - 측면충돌,안전운전불이행,건조,맑음,단일로 - 기타,승용,남,76세,상해없음,승용,여,31세,중상
2020102700100364,2020년 10월 27일 15시,화요일,강원도 속초시 조양동,경상사고,0,0,1,0,차대차 - 추돌,안전운전불이행,건조,맑음,교차로 - 교차로부근,화물,남,63세,상해없음,승용,남,58세,경상
2020102700100365,2020년 10월 27일 15시,화요일,강원도 삼척시 당저동,경상사고,0,0,1,0,차대차 - 추돌,안전운전불이행,기타,맑음,단일로 - 기타,이륜,여,55세,경상,승용,여,65세,상해없음
2020102700100405,2020년 10월 27일 16시,화요일,강원도 춘천시 석사동,부상신고사고,0,0,0,2,차대차 - 기타,안전운전불이행,건조,맑음,단일로 - 기타,화물,남,55세,상해없음,특수,남,54세,상해없음
2020102700100406,2020년 10월 27일 16시,화요일,강원도 정선군 신동읍,중상사고,0,1,0,0,차대차 - 추돌,안전운전불이행,건조,맑음,단일로 - 기타,승용,여,70세,중상,승용,여,56세,상해없음
2020102700100454,2020년 10월 27일 17시,화요일,강원도 강릉시 송정동,경상사고,0,0,1,0,차대차 - 측면충돌,안전운전불이행,건조,맑음,단일로 - 기타,승용,여,60세,상해없음,승용,여,47세,경상
2020102700100497,2020년 10월 27일 18시,화요일,강원도 강릉시 주문진읍,경상사고,0,0,2,0,차대차 - 추돌,안전운전불이행,건조,맑음,기타 - 기타,승용,남,60세,상해없음,승용,여,51세,경상
2020102700100564,2020년 10월 27일 19시,화요일,강원도 삼척시 교동,경상사고,0,0,1,0,차량단독 - 기타,안전운전불이행,기타,맑음,단일로 - 기타,이륜,남,19세,경상,,,,
2020102700100598,2020년 10월 27일 20시,화요일,강원도 원주시 태장동,경상사고,0,0,1,0,차대차 - 측면충돌,직진우회전진행방해,건조,맑음,교차로 - 교차로안,승용,여,56세,상해없음,이륜,남,25세,경상
2020102700100599,2020년 10월 27일 20시,화요일,강원도 원주시 소초면,경상사고,0,0,1,0,차대차 - 측면충돌,신호위반,건조,맑음,교차로 - 교차로안,승용,여,45세,상해없음,승용,여,56세,경상
2020102700100600,2020년 10월 27일 20시,화요일,강원도 정선군 정선읍,중상사고,0,1,0,0,차대차 - 정면충돌,중앙선침범,건조,맑음,단일로 - 기타,화물,남,46세,기타불명,승용,남,32세,중상
2020102700100632,2020년 10월 27일 21시,화요일,강원도 영월군 영월읍,중상사고,0,1,0,0,차량단독 - 공작물충돌,안전운전불이행,건조,맑음,단일로 - 기타,화물,남,61세,상해없음,,,,
2020102800100011,2020년 10월 28일 00시,수요일,강원도 원주시 중앙동,경상사고,0,0,1,0,차대차 - 측면충돌,신호위반,건조,기타,교차로 - 교차로안,승용,여,42세,상해없음,승용,남,42세,경상
2020102800100027,2020년 10월 28일 01시,수요일,강원도 춘천시 석사동,경상사고,0,0,1,0,차대차 - 기타,안전운전불이행,건조,맑음,교차로 - 교차로안,승용,남,33세,상해없음,승용,남,39세,경상
2020102800100067,2020년 10월 28일 06시,수요일,강원도 원주시 가현동,중상사고,0,1,0,0,차대차 - 측면충돌,안전운전불이행,건조,맑음,단일로 - 기타,승용,남,62세,상해없음,이륜,남,56세,중상
2020102800100068,2020년 10월 28일 06시,수요일,강원도 인제군 북면,경상사고,0,0,1,0,차대차 - 측면충돌,신호위반,건조,맑음,단일로 - 교량,화물,남,52세,상해없음,승용,남,77세,경상
2020102800100111,2020년 10월 28일 08시,수요일,강원도 원주시 판부면,경상사고,0,0,1,0,차대차 - 추돌,안전운전불이행,건조,맑음,교차로 - 교차로부근,화물,남,65세,상해없음,승용,여,41세,경상
2020102800100112,2020년 10월 28일 08시,수요일,강원도 삼척시 남양동,경상사고,0,0,2,0,차대차 - 기타,안전운전불이행,기타,맑음,기타 - 기타,승용,남,24세,경상,승용,남,58세,경상
2020102800100156,2020년 10월 28일 09시,수요일,강원도 춘천시 동면,경상사고,0,0,2,0,차대차 - 측면충돌,안전운전불이행,건조,맑음,교차로 - 교차로안,승용,여,32세,상해없음,승용,남,28세,경상
2020102800100157,2020년 10월 28일 09시,수요일,강원도 횡성군 횡성읍,중상사고,0,1,2,1,차대차 - 측면충돌,교차로운행방법위반,건조,맑음,교차로 - 교차로안,화물,남,26세,상해없음,승용,남,62세,부상신고
2020102800100193,2020년 10월 28일 10시,수요일,강원도 횡성군 우천면,중상사고,0,2,0,0,차대차 - 추돌,기타,건조,맑음,단일로 - 기타,승용,남,73세,기타불명,화물,남,36세,중상
2020102800100227,2020년 10월 28일 11시,수요일,강원도 원주시 판부면,경상사고,0,0,1,0,차대차 - 추돌,안전운전불이행,건조,맑음,교차로 - 교차로부근,승용,여,64세,상해없음,승용,여,53세,경상
2020102800100228,2020년 10월 28일 11시,수요일,강원도 원주시 가현동,경상사고,0,0,4,0,차대차 - 측면충돌,신호위반,건조,맑음,교차로 - 교차로안,승용,남,76세,상해없음,화물,남,44세,경상
2020102800100229,2020년 10월 28일 11시,수요일,강원도 횡성군 우천면,경상사고,0,0,1,0,차대차 - 추돌,안전거리미확보,건조,맑음,단일로 - 기타,승용,남,74세,상해없음,승용,여,57세,경상
2020102800100268,2020년 10월 28일 12시,수요일,강원도 횡성군 갑천면,중상사고,0,1,2,0,차대차 - 측면충돌,기타,건조,맑음,교차로 - 교차로안,승용,남,36세,상해없음,승용,여,54세,중상
2020102800100341,2020년 10월 28일 14시,수요일,강원도 춘천시 후평동,중상사고,0,1,0,0,차대사람 - 기타,안전운전불이행,건조,맑음,교차로 - 교차로안,승용,남,74세,기타불명,보행자,여,89세,중상
2020102800100377,2020년 10월 28일 15시,수요일,강원도 양양군 현남면,경상사고,0,0,1,0,차대차 - 측면충돌,교차로운행방법위반,건조,맑음,교차로 - 교차로안,화물,남,75세,기타불명,건설기계,남,32세,경상
2020102800100419,2020년 10월 28일 16시,수요일,강원도 춘천시 동면,중상사고,0,1,0,0,차대사람 - 길가장자리구역통행중,안전운전불이행,건조,맑음,교차로 - 교차로부근,승용,남,27세,기타불명,보행자,여,18세,중상
2020102800100511,2020년 10월 28일 18시,수요일,강원도 원주시 태장동,경상사고,0,0,1,0,차대차 - 측면충돌,직진우회전진행방해,건조,맑음,교차로 - 교차로안,자전거,여,55세,경상,승용,여,45세,상해없음
2020102800100575,2020년 10월 28일 19시,수요일,강원도 강릉시 임당동,경상사고,0,0,2,0,차대차 - 측면충돌,신호위반,건조,맑음,교차로 - 교차로안,승합,남,52세,상해없음,승용,남,54세,경상
2020102800100664,2020년 10월 28일 22시,수요일,강원도 춘천시 석사동,경상사고,0,0,3,0,차대차 - 측면충돌,안전운전불이행,건조,맑음,교차로 - 교차로안,승용,남,43세,상해없음,승용,남,33세,경상
2020102900100086,2020년 10월 29일 07시,목요일,강원도 춘천시 서면,경상사고,0,0,1,0,차대차 - 기타,안전운전불이행,건조,맑음,교차로 - 교차로안,승용,남,55세,상해없음,승용,여,32세,경상
2020102900100087,2020년 10월 29일 07시,목요일,강원도 원주시 흥업면,중상사고,0,1,0,0,차대차 - 측면충돌,안전거리미확보,건조,맑음,단일로 - 기타,승용,남,64세,상해없음,이륜,남,36세,중상
2020102900100088,2020년 10월 29일 07시,목요일,강원도 원주시 단계동,경상사고,0,0,2,0,차대차 - 측면충돌,신호위반,건조,맑음,교차로 - 교차로안,승용,여,54세,상해없음,승용,남,62세,경상
2020102900100120,2020년 10월 29일 08시,목요일,강원도 춘천시 석사동,부상신고사고,0,0,0,1,차대사람 - 차도통행중,안전운전불이행,건조,맑음,단일로 - 기타,개인형이동수단(PM),남,18세,부상신고,보행자,남,57세,상해없음
2020102900100121,2020년 10월 29일 08시,목요일,강원도 원주시 지정면,중상사고,0,1,0,0,차대차 - 측면충돌,신호위반,건조,맑음,교차로 - 교차로안,승용,여,54세,상해없음,승용,여,40세,중상
2020102900100157,2020년 10월 29일 09시,목요일,강원도 원주시 학성동,경상사고,0,0,1,0,차대사람 - 보도통행중,안전운전불이행,건조,맑음,교차로 - 교차로횡단보도내,승용,여,64세,상해없음,보행자,남,64세,경상
2020102900100241,2020년 10월 29일 11시,목요일,강원도 횡성군 횡성읍,경상사고,0,0,4,0,차대차 - 측면충돌,교차로운행방법위반,건조,맑음,교차로 - 교차로안,화물,남,40세,상해없음,승합,남,50세,경상
2020102900100274,2020년 10월 29일 12시,목요일,강원도 춘천시 사농동,중상사고,0,1,0,0,차대차 - 측면충돌,신호위반,건조,맑음,교차로 - 교차로안,승용,남,44세,상해없음,승용,남,66세,중상
2020102900100308,2020년 10월 29일 13시,목요일,강원도 춘천시 효자동,경상사고,0,0,1,0,차대차 - 측면충돌,안전운전불이행,건조,맑음,교차로 - 교차로횡단보도내,개인형이동수단(PM),남,20세,경상,승용,남,64세,상해없음
2020102900100309,2020년 10월 29일 13시,목요일,강원도 강릉시 옥천동,경상사고,0,0,1,0,차대차 - 측면충돌,안전운전불이행,건조,맑음,교차로 - 교차로안,승용,남,23세,상해없음,원동기,남,48세,경상
2020102900100310,2020년 10월 29일 13시,목요일,강원도 홍천군 내면,경상사고,0,0,6,0,차대차 - 정면충돌,중앙선침범,건조,맑음,단일로 - 기타,화물,남,72세,경상,승용,여,55세,경상
2020102900100349,2020년 10월 29일 14시,목요일,강원도 원주시 단구동,경상사고,0,0,2,0,차대차 - 측면충돌,직진우회전진행방해,건조,맑음,교차로 - 교차로안,승용,여,59세,상해없음,승용,남,20세,경상
2020102900100350,2020년 10월 29일 14시,목요일,강원도 원주시 지정면,중상사고,0,1,0,0,차대차 - 추돌,안전거리미확보,건조,맑음,단일로 - 기타,승합,남,52세,상해없음,승용,여,53세,중상
2020102900100389,2020년 10월 29일 15시,목요일,강원도 강릉시 포남동,경상사고,0,0,2,0,차대차 - 정면충돌,신호위반,건조,맑음,교차로 - 교차로안,승용,남,34세,상해없음,승용,여,38세,경상
2020102900100434,2020년 10월 29일 16시,목요일,강원도 원주시 문막읍,경상사고,0,0,1,0,차대차 - 정면충돌,신호위반,건조,맑음,교차로 - 교차로안,승용,여,61세,상해없음,승용,여,26세,경상
2020102900100545,2020년 10월 29일 18시,목요일,강원도 춘천시 효자동,경상사고,0,0,1,0,차대차 - 추돌,안전거리미확보,건조,맑음,교차로 - 교차로안,승용,남,51세,상해없음,승용,여,50세,경상
2020102900100546,2020년 10월 29일 18시,목요일,강원도 원주시 관설동,경상사고,0,0,1,0,차대차 - 측면충돌,직진우회전진행방해,건조,맑음,교차로 - 교차로안,승용,여,59세,상해없음,이륜,남,69세,경상
2020102900100547,2020년 10월 29일 18시,목요일,강원도 홍천군 북방면,중상사고,0,3,1,0,차대차 - 측면충돌,안전운전불이행,건조,맑음,단일로 - 지하차도(도로)내,승용,남,43세,상해없음,승용,남,65세,중상
2020102900100548,2020년 10월 29일 18시,목요일,강원도 고성군 죽왕면,부상신고사고,0,0,0,1,차대차 - 측면충돌,신호위반,건조,맑음,교차로 - 교차로부근,기타불명,남,20세,상해없음,승용,남,63세,부상신고
2020102900100603,2020년 10월 29일 19시,목요일,강원도 원주시 무실동,경상사고,0,0,1,0,차대차 - 정면충돌,신호위반,건조,맑음,교차로 - 교차로안,승용,남,46세,상해없음,화물,남,45세,경상
2020102900100634,2020년 10월 29일 20시,목요일,강원도 화천군 상서면,사망사고,1,0,0,0,차량단독 - 공작물충돌,중앙선침범,건조,맑음,단일로 - 기타,화물,남,64세,사망,,,,
2020102900100635,2020년 10월 29일 20시,목요일,강원도 태백시 황지동,중상사고,0,1,0,0,차대차 - 측면충돌,교차로운행방법위반,건조,맑음,교차로 - 교차로안,승용,남,66세,상해없음,자전거,남,14세,중상
2020102900100674,2020년 10월 29일 21시,목요일,강원도 춘천시 퇴계동,경상사고,0,0,1,0,차대차 - 기타,안전거리미확보,건조,맑음,단일로 - 기타,화물,남,56세,상해없음,이륜,남,20세,경상
2020102900100708,2020년 10월 29일 22시,목요일,강원도 원주시 단계동,경상사고,0,0,1,0,차대사람 - 차도통행중,안전운전불이행,건조,흐림,기타 - 기타,승용,남,37세,기타불명,보행자,남,23세,경상
2020102900100725,2020년 10월 29일 23시,목요일,강원도 속초시 대포동,경상사고,0,0,2,0,차대차 - 측면충돌,안전거리미확보,기타,흐림,단일로 - 지하차도(도로)내,승용,남,20세,상해없음,승용,남,72세,경상
2020103000100013,2020년 10월 30일 00시,금요일,강원도 원주시 단구동,중상사고,0,2,1,0,차대차 - 정면충돌,직진우회전진행방해,건조,맑음,교차로 - 교차로안,승용,남,54세,중상,승용,남,25세,경상
2020103000100043,2020년 10월 30일 04시,금요일,강원도 춘천시 동면,경상사고,0,0,1,0,차대차 - 기타,직진우회전진행방해,건조,맑음,교차로 - 교차로안,승용,여,64세,기타불명,승용,남,54세,경상
2020103000100053,2020년 10월 30일 05시,금요일,강원도 삼척시 정상동,중상사고,0,1,0,0,차대사람 - 보도통행중,신호위반,건조,맑음,교차로 - 교차로횡단보도내,승용,남,48세,상해없음,보행자,남,55세,중상
2020103000100088,2020년 10월 30일 07시,금요일,강원도 춘천시 우두동,경상사고,0,0,1,0,차대차 - 측면충돌,안전운전불이행,건조,맑음,교차로 - 교차로안,화물,남,59세,상해없음,승용,남,67세,경상
2020103000100120,2020년 10월 30일 08시,금요일,강원도 원주시 호저면,경상사고,0,0,1,0,차대차 - 정면충돌,중앙선침범,건조,맑음,단일로 - 기타,승용,여,58세,상해없음,승용,여,35세,경상
2020103000100121,2020년 10월 30일 08시,금요일,강원도 원주시 판부면,경상사고,0,0,1,0,차대차 - 측면충돌,교차로운행방법위반,건조,맑음,교차로 - 교차로안,승합,남,56세,상해없음,승용,여,39세,경상
2020103000100169,2020년 10월 30일 09시,금요일,강원도 원주시 단구동,사망사고,1,0,0,0,차대차 - 측면충돌,안전운전불이행,건조,맑음,교차로 - 교차로횡단보도내,건설기계,남,59세,상해없음,자전거,여,18세,사망
2020103000100170,2020년 10월 30일 09시,금요일,강원도 원주시 명륜동,중상사고,0,1,0,0,차대차 - 측면충돌,신호위반,건조,맑음,교차로 - 교차로안,승용,남,62세,상해없음,이륜,남,61세,중상
2020103000100171,2020년 10월 30일 09시,금요일,강원도 철원군 동송읍,경상사고,0,0,1,0,차대차 - 측면충돌,안전운전불이행,건조,맑음,교차로 - 교차로부근,승용,남,59세,상해없음,화물,남,50세,경상
2020103000100205,2020년 10월 30일 10시,금요일,강원도 원주시 단구동,경상사고,0,0,1,0,차대차 - 측면충돌,안전운전불이행,건조,맑음,단일로 - 기타,승용,남,24세,상해없음,원동기,남,19세,경상
2020103000100241,2020년 10월 30일 11시,금요일,강원도 원주시 무실동,경상사고,0,0,1,0,차대차 - 정면충돌,교차로운행방법위반,건조,맑음,교차로 - 교차로안,승용,남,44세,상해없음,이륜,남,27세,경상
2020103000100320,2020년 10월 30일 13시,금요일,강원도 춘천시 석사동,경상사고,0,0,1,0,차대차 - 측면충돌,신호위반,건조,맑음,교차로 - 교차로안,승용,여,65세,상해없음,이륜,남,49세,경상
2020103000100321,2020년 10월 30일 13시,금요일,강원도 춘천시 요선동,경상사고,0,0,1,0,차대사람 - 기타,안전운전불이행,건조,맑음,단일로 - 기타,승용,남,65세,상해없음,보행자,여,79세,경상
2020103000100322,2020년 10월 30일 13시,금요일,강원도 춘천시 퇴계동,경상사고,0,0,1,0,차대차 - 측면충돌,안전거리미확보,건조,맑음,단일로 - 기타,승용,남,75세,상해없음,승용,여,33세,경상
2020103000100323,2020년 10월 30일 13시,금요일,강원도 원주시 일산동,경상사고,0,0,1,0,차대차 - 후진중충돌,불법유턴,건조,맑음,주차장 - 주차장,승용,여,64세,상해없음,승용,남,43세,경상
2020103000100405,2020년 10월 30일 15시,금요일,강원도 춘천시 퇴계동,경상사고,0,0,1,0,차대차 - 측면충돌,교차로운행방법위반,건조,맑음,교차로 - 교차로안,승용,여,44세,상해없음,승용,여,63세,경상
2020103000100406,2020년 10월 30일 15시,금요일,강원도 동해시 천곡동,경상사고,0,0,1,0,차대사람 - 길가장자리구역통행중,안전운전불이행,건조,맑음,단일로 - 기타,승용,여,48세,상해없음,보행자,남,46세,경상
2020103000100454,2020년 10월 30일 16시,금요일,강원도 속초시 영랑동,경상사고,0,0,2,0,차대차 - 정면충돌,중앙선침범,건조,맑음,교차로 - 교차로부근,승용,남,60세,상해없음,승용,남,40세,경상
2020103000100455,2020년 10월 30일 16시,금요일,강원도 홍천군 북방면,경상사고,0,0,2,0,차대차 - 측면충돌,안전운전불이행,건조,맑음,교차로 - 교차로안,화물,남,56세,상해없음,화물,남,65세,경상
2020103000100505,2020년 10월 30일 17시,금요일,강원도 철원군 철원읍,경상사고,0,0,1,0,차대차 - 측면충돌,교차로운행방법위반,건조,맑음,교차로 - 교차로안,승용,여,58세,상해없음,승용,남,27세,경상
2020103000100570,2020년 10월 30일 18시,금요일,강원도 원주시 관설동,경상사고,0,0,1,0,차대차 - 측면충돌,안전운전불이행,건조,맑음,주차장 - 주차장,승용,여,38세,상해없음,승용,여,37세,경상
2020103000100571,2020년 10월 30일 18시,금요일,강원도 속초시 교동,중상사고,0,1,0,0,차대차 - 추돌,안전운전불이행,건조,맑음,기타 - 기타,승용,남,56세,상해없음,승용,여,36세,중상
2020103000100572,2020년 10월 30일 18시,금요일,강원도 영월군 김삿갓면,중상사고,0,1,1,3,차량단독 - 공작물충돌,안전운전불이행,건조,맑음,주차장 - 주차장,승용,여,74세,경상,,,,
2020103000100573,2020년 10월 30일 18시,금요일,강원도 홍천군 홍천읍,경상사고,0,0,1,0,차대차 - 측면충돌,직진우회전진행방해,건조,맑음,교차로 - 교차로안,승용,남,67세,상해없음,이륜,남,26세,경상
2020103000100642,2020년 10월 30일 19시,금요일,강원도 원주시 지정면,중상사고,0,1,0,0,차대차 - 측면충돌,안전운전불이행,건조,맑음,단일로 - 기타,승용,남,45세,상해없음,이륜,남,34세,중상
2020103000100722,2020년 10월 30일 21시,금요일,강원도 원주시 단구동,경상사고,0,0,1,0,차대사람 - 기타,안전운전불이행,건조,맑음,단일로 - 기타,승용,남,49세,상해없음,보행자,여,58세,경상
2020103000100765,2020년 10월 30일 22시,금요일,강원도 원주시 단구동,경상사고,0,0,1,0,차대차 - 측면충돌,안전운전불이행,건조,맑음,교차로 - 교차로안,승용,남,26세,상해없음,승용,여,43세,경상
2020103000100796,2020년 10월 30일 23시,금요일,강원도 원주시 태장동,중상사고,0,1,0,0,차대차 - 추돌,안전운전불이행,건조,맑음,교차로 - 교차로횡단보도내,승용,남,41세,상해없음,승용,여,54세,중상
2020103100100076,2020년 10월 31일 06시,토요일,강원도 속초시 청학동,중상사고,0,1,2,0,차대차 - 측면충돌,신호위반,건조,맑음,교차로 - 교차로안,승용,남,69세,경상,승용,남,49세,경상
2020103100100215,2020년 10월 31일 11시,토요일,강원도 춘천시 효자동,경상사고,0,0,2,0,차대차 - 측면충돌,안전운전불이행,건조,맑음,교차로 - 교차로안,승용,남,77세,상해없음,원동기,남,14세,경상
2020103100100266,2020년 10월 31일 12시,토요일,강원도 원주시 우산동,중상사고,0,1,0,0,차대차 - 측면충돌,교차로운행방법위반,건조,맑음,단일로 - 기타,승용,여,48세,상해없음,자전거,남,82세,중상
2020103100100301,2020년 10월 31일 13시,토요일,강원도 춘천시 동내면,경상사고,0,0,1,0,차대차 - 기타,신호위반,건조,맑음,교차로 - 교차로안,승용,여,49세,상해없음,승용,남,44세,경상
2020103100100302,2020년 10월 31일 13시,토요일,강원도 강릉시 포남동,경상사고,0,0,3,0,차대차 - 추돌,안전운전불이행,건조,맑음,단일로 - 기타,승용,남,37세,상해없음,승용,남,30세,경상
2020103100100352,2020년 10월 31일 14시,토요일,강원도 춘천시 칠전동,경상사고,0,0,3,0,차대차 - 추돌,안전운전불이행,건조,맑음,단일로 - 기타,승용,여,71세,상해없음,승용,여,34세,경상
2020103100100353,2020년 10월 31일 14시,토요일,강원도 강릉시 내곡동,경상사고,0,0,4,0,차대차 - 추돌,안전운전불이행,건조,맑음,단일로 - 기타,승용,남,64세,상해없음,승용,남,33세,경상
2020103100100381,2020년 10월 31일 15시,토요일,강원도 춘천시 석사동,경상사고,0,0,1,0,차대사람 - 횡단중,안전운전불이행,건조,맑음,교차로 - 교차로안,화물,남,27세,상해없음,보행자,여,27세,경상
2020103100100382,2020년 10월 31일 15시,토요일,강원도 춘천시 석사동,경상사고,0,0,1,0,차대차 - 기타,직진우회전진행방해,건조,맑음,교차로 - 교차로안,승용,남,28세,상해없음,승용,여,38세,경상
2020103100100383,2020년 10월 31일 15시,토요일,강원도 원주시 단계동,경상사고,0,0,6,0,차대차 - 측면충돌,불법유턴,건조,맑음,기타 - 기타,승용,여,47세,경상,승용,여,31세,경상
2020103100100384,2020년 10월 31일 15시,토요일,강원도 평창군 대화면,경상사고,0,0,1,0,차대차 - 측면충돌,안전운전불이행,건조,맑음,기타 - 기타,건설기계,남,51세,상해없음,화물,남,83세,상해없음
2020103100100385,2020년 10월 31일 15시,토요일,강원도 횡성군 우천면,사망사고,1,0,0,0,차량단독 - 도로외이탈 - 추락,안전운전불이행,건조,맑음,단일로 - 기타,사륜오토바이(ATV),남,78세,사망,,,,
2020103100100386,2020년 10월 31일 15시,토요일,강원도 홍천군 화촌면,경상사고,0,0,4,0,차대차 - 후진중충돌,안전운전불이행,건조,맑음,단일로 - 기타,승용,남,63세,상해없음,승용,남,38세,경상
2020103100100419,2020년 10월 31일 16시,토요일,강원도 춘천시 효자동,경상사고,0,0,1,0,차대차 - 측면충돌,안전거리미확보,건조,맑음,단일로 - 기타,승용,남,62세,상해없음,승용,여,58세,경상