사고번호,사고일시,요일,시군구,사고내용,사망자수,중상자수,경상자수,부상신고자수,사고유형,법규위반,노면상태,기상상태,도로형태,가해운전자 차종,가해운전자 성별,가해운전자 연령,가해운전자 상해정도,피해운전자 차종,피해운전자 성별,피해운전자 연령,피해운전자 상해정도
2020111100100101,2020년 11월 11일 08시,수요일,강원도 삼척시 정상동,경상사고,0,0,1,0,차대차 - 기타,안전운전불이행,기타,맑음,교차로 - 교차로안,자전거,남,73세,경상,승용,여,38세,상해없음
2020111100100102,2020년 11월 11일 08시,수요일,강원도 태백시 황지동,경상사고,0,0,2,0,차대차 - 측면충돌,교차로운행방법위반,건조,맑음,교차로 - 교차로안,승용,여,50세,상해없음,화물,남,48세,경상
2020111100100146,2020년 11월 11일 09시,수요일,강원도 춘천시 우두동,중상사고,0,1,0,0,차대사람 - 기타,안전운전불이행,건조,맑음,교차로 - 교차로부근,승합,남,60세,상해없음,보행자,여,69세,중상
2020111100100147,2020년 11월 11일 09시,수요일,강원도 동해시 송정동,중상사고,0,1,3,0,차대차 - 측면충돌,안전거리미확보,건조,맑음,단일로 - 기타,건설기계,남,61세,상해없음,승용,여,58세,중상
2020111100100232,2020년 11월 11일 11시,수요일,강원도 삼척시 당저동,경상사고,0,0,1,0,차대차 - 기타,안전운전불이행,기타,맑음,교차로 - 교차로안,승용,여,59세,상해없음,승용,남,73세,상해없음
2020111100100233,2020년 11월 11일 11시,수요일,강원도 홍천군 두촌면,중상사고,0,1,3,0,차대차 - 측면충돌,기타,건조,맑음,단일로 - 지하차도(도로)내,화물,남,84세,상해없음,승용,남,21세,경상
2020111100100280,2020년 11월 11일 12시,수요일,강원도 홍천군 남면,중상사고,0,1,2,0,차대차 - 추돌,안전거리미확보,건조,맑음,단일로 - 지하차도(도로)내,건설기계,남,54세,상해없음,화물,남,28세,경상
2020111100100322,2020년 11월 11일 13시,수요일,강원도 횡성군 공근면,경상사고,0,0,3,0,차대차 - 기타,안전운전불이행,건조,맑음,교차로 - 교차로안,이륜,남,57세,경상,승용,남,27세,경상
2020111100100368,2020년 11월 11일 14시,수요일,강원도 춘천시 사북면,중상사고,0,3,1,0,차대차 - 추돌,안전운전불이행,건조,맑음,단일로 - 기타,승용,남,41세,상해없음,승용,남,67세,중상
2020111100100369,2020년 11월 11일 14시,수요일,강원도 원주시 호저면,중상사고,0,1,0,0,차대차 - 측면충돌,안전운전불이행,건조,맑음,단일로 - 기타,화물,남,47세,상해없음,이륜,남,41세,중상
2020111100100451,2020년 11월 11일 16시,수요일,강원도 강릉시 홍제동,경상사고,0,0,1,0,차대차 - 측면충돌,안전운전불이행,건조,맑음,교차로 - 교차로안,승용,남,65세,상해없음,승용,남,27세,경상
2020111100100452,2020년 11월 11일 16시,수요일,강원도 횡성군 서원면,중상사고,0,1,0,0,차대사람 - 횡단중,안전운전불이행,건조,맑음,단일로 - 기타,화물,여,46세,상해없음,보행자,남,41세,중상
2020111100100497,2020년 11월 11일 17시,수요일,강원도 원주시 문막읍,경상사고,0,0,1,0,차대차 - 측면충돌,안전운전불이행,건조,맑음,단일로 - 기타,승용,여,58세,상해없음,화물,남,43세,경상
2020111100100551,2020년 11월 11일 18시,수요일,강원도 강릉시 내곡동,경상사고,0,0,2,0,차대사람 - 횡단중,보행자보호의무위반,건조,맑음,교차로 - 교차로안,승용,여,55세,상해없음,보행자,여,24세,경상
2020111100100552,2020년 11월 11일 18시,수요일,강원도 고성군 토성면,경상사고,0,0,2,0,차대차 - 추돌,안전거리미확보,건조,맑음,기타 - 기타,승용,여,54세,상해없음,승용,남,34세,경상
2020111100100623,2020년 11월 11일 19시,수요일,강원도 춘천시 효자동,사망사고,1,0,0,0,차대차 - 기타,중앙선침범,건조,맑음,단일로 - 기타,승용,남,51세,상해없음,이륜,남,47세,사망
2020111100100671,2020년 11월 11일 20시,수요일,강원도 강릉시 노암동,경상사고,0,0,1,0,차대차 - 추돌,안전운전불이행,건조,맑음,교차로 - 교차로부근,승용,남,50세,상해없음,승용,여,52세,경상
2020111100100699,2020년 11월 11일 21시,수요일,강원도 정선군 사북읍,중상사고,0,1,0,0,차대차 - 후진중충돌,안전운전불이행,건조,맑음,단일로 - 기타,승용,남,68세,상해없음,승용,남,48세,중상
2020111100100745,2020년 11월 11일 23시,수요일,강원도 원주시 단계동,경상사고,0,0,1,0,차대차 - 측면충돌,직진우회전진행방해,건조,맑음,교차로 - 교차로안,승용,남,55세,상해없음,승용,남,72세,경상
2020111100100746,2020년 11월 11일 23시,수요일,강원도 원주시 학성동,중상사고,0,1,0,0,차대차 - 측면충돌,안전운전불이행,건조,흐림,단일로 - 기타,승용,남,63세,상해없음,승용,남,49세,중상
2020111200100028,2020년 11월 12일 01시,목요일,강원도 속초시 조양동,경상사고,0,0,1,0,차대차 - 측면충돌,교차로운행방법위반,건조,맑음,교차로 - 교차로안,승용,남,55세,상해없음,승용,남,24세,상해없음
2020111200100052,2020년 11월 12일 05시,목요일,강원도 원주시 무실동,경상사고,0,0,1,0,차대차 - 측면충돌,안전운전불이행,건조,맑음,단일로 - 기타,승용,남,46세,상해없음,승용,남,33세,경상
2020111200100091,2020년 11월 12일 07시,목요일,강원도 강릉시 유산동,경상사고,0,0,1,0,차대차 - 측면충돌,신호위반,건조,맑음,교차로 - 교차로안,승용,여,47세,상해없음,화물,남,46세,경상
2020111200100092,2020년 11월 12일 07시,목요일,강원도 고성군 토성면,중상사고,0,1,0,0,차대차 - 측면충돌,안전운전불이행,건조,맑음,기타 - 기타,건설기계,남,53세,상해없음,이륜,남,64세,중상
2020111200100123,2020년 11월 12일 08시,목요일,강원도 강릉시 사천면,경상사고,0,0,2,0,차대차 - 추돌,안전운전불이행,건조,맑음,단일로 - 기타,승용,남,74세,경상,승용,남,42세,상해없음
2020111200100124,2020년 11월 12일 08시,목요일,강원도 고성군 거진읍,사망사고,1,0,3,0,차대차 - 추돌,안전거리미확보,건조,맑음,교차로 - 교차로부근,화물,남,81세,사망,승용,남,30세,상해없음
2020111200100166,2020년 11월 12일 09시,목요일,강원도 원주시 명륜동,경상사고,0,0,1,0,차대사람 - 기타,안전운전불이행,건조,맑음,단일로 - 기타,승합,남,64세,상해없음,보행자,여,60세,경상
2020111200100167,2020년 11월 12일 09시,목요일,강원도 원주시 중앙동,경상사고,0,0,1,0,차대차 - 측면충돌,교차로운행방법위반,건조,맑음,교차로 - 교차로안,화물,남,65세,상해없음,승용,남,35세,경상
2020111200100168,2020년 11월 12일 09시,목요일,강원도 화천군 화천읍,경상사고,0,0,2,0,차대차 - 측면충돌,교차로운행방법위반,건조,맑음,교차로 - 교차로안,승용,여,50세,경상,승용,여,36세,경상
2020111200100223,2020년 11월 12일 11시,목요일,강원도 삼척시 당저동,경상사고,0,0,1,0,차대사람 - 횡단중,안전운전불이행,기타,맑음,기타 - 기타,승용,남,74세,상해없음,보행자,여,79세,경상
2020111200100224,2020년 11월 12일 11시,목요일,강원도 평창군 봉평면,경상사고,0,0,1,0,차대차 - 측면충돌,안전운전불이행,건조,맑음,기타 - 기타,화물,남,70세,경상,화물,남,59세,상해없음
2020111200100225,2020년 11월 12일 11시,목요일,강원도 동해시 천곡동,경상사고,0,0,1,0,차대사람 - 횡단중,안전운전불이행,건조,맑음,단일로 - 기타,승용,남,65세,상해없음,보행자,남,35세,경상
2020111200100256,2020년 11월 12일 12시,목요일,강원도 강릉시 송정동,중상사고,0,1,0,0,차대차 - 기타,안전운전불이행,건조,맑음,교차로 - 교차로안,승용,남,21세,상해없음,이륜,남,44세,중상
2020111200100291,2020년 11월 12일 13시,목요일,강원도 원주시 우산동,중상사고,0,1,3,0,차대차 - 추돌,안전운전불이행,건조,맑음,단일로 - 기타,화물,남,62세,상해없음,화물,남,39세,경상
2020111200100292,2020년 11월 12일 13시,목요일,강원도 삼척시 근덕면,중상사고,0,1,0,0,차대차 - 추돌,안전운전불이행,건조,맑음,단일로 - 기타,화물,남,28세,상해없음,승용,남,78세,기타불명
2020111200100329,2020년 11월 12일 14시,목요일,강원도 춘천시 온의동,중상사고,0,1,0,0,차대사람 - 횡단중,안전운전불이행,건조,맑음,교차로 - 교차로안,승용,남,66세,상해없음,보행자,남,77세,중상
2020111200100330,2020년 11월 12일 14시,목요일,강원도 원주시 호저면,사망사고,1,2,0,1,차대차 - 추돌,안전운전불이행,건조,맑음,단일로 - 기타,화물,남,58세,상해없음,승합,남,58세,사망
2020111200100408,2020년 11월 12일 16시,목요일,강원도 춘천시 신동면,경상사고,0,0,2,0,차대차 - 측면충돌,중앙선침범,건조,맑음,단일로 - 기타,승용,남,64세,상해없음,화물,남,42세,경상
2020111200100451,2020년 11월 12일 17시,목요일,강원도 화천군 화천읍,경상사고,0,0,1,0,차대차 - 측면충돌,안전운전불이행,건조,맑음,교차로 - 교차로안,승용,여,25세,경상,화물,남,49세,상해없음
2020111200100514,2020년 11월 12일 18시,목요일,강원도 춘천시 효자동,경상사고,0,0,1,0,차대차 - 기타,안전운전불이행,건조,맑음,교차로 - 교차로안,승용,남,50세,기타불명,이륜,남,41세,경상
2020111200100515,2020년 11월 12일 18시,목요일,강원도 원주시 호저면,경상사고,0,0,1,0,차대차 - 추돌,안전운전불이행,건조,기타,기타 - 기타,화물,남,57세,상해없음,승용,남,40세,경상
2020111200100589,2020년 11월 12일 19시,목요일,강원도 철원군 갈말읍,경상사고,0,0,1,0,차대차 - 추돌,안전거리미확보,건조,맑음,단일로 - 기타,승용,남,66세,상해없음,승용,남,32세,경상
2020111200100622,2020년 11월 12일 20시,목요일,강원도 원주시 단구동,경상사고,0,0,1,0,차대사람 - 횡단중,안전운전불이행,건조,맑음,단일로 - 기타,이륜,남,18세,상해없음,보행자,남,57세,경상
2020111200100645,2020년 11월 12일 21시,목요일,강원도 춘천시 석사동,경상사고,0,0,1,0,차대사람 - 횡단중,보행자보호의무위반,건조,맑음,교차로 - 교차로횡단보도내,승용,남,68세,상해없음,보행자,남,54세,경상
2020111200100646,2020년 11월 12일 21시,목요일,강원도 춘천시 석사동,경상사고,0,0,6,0,차대차 - 추돌,안전운전불이행,건조,맑음,교차로 - 교차로부근,승용,남,27세,상해없음,승용,여,38세,경상
2020111200100647,2020년 11월 12일 21시,목요일,강원도 강릉시 구정면,중상사고,0,1,0,0,차대차 - 측면충돌,안전운전불이행,건조,맑음,단일로 - 기타,승용,남,53세,기타불명,원동기,남,21세,중상
2020111200100672,2020년 11월 12일 22시,목요일,강원도 춘천시 동면,경상사고,0,0,2,0,차대차 - 측면충돌,신호위반,건조,맑음,교차로 - 교차로안,승용,남,57세,상해없음,승용,여,44세,경상
2020111200100673,2020년 11월 12일 22시,목요일,강원도 철원군 동송읍,중상사고,0,1,0,0,차대사람 - 차도통행중,안전운전불이행,건조,맑음,교차로 - 교차로부근,승용,여,32세,상해없음,보행자,남,37세,중상
2020111300100006,2020년 11월 13일 00시,금요일,강원도 춘천시 퇴계동,경상사고,0,0,1,0,차대차 - 기타,안전운전불이행,건조,맑음,교차로 - 교차로안,승용,남,25세,상해없음,승용,남,45세,경상
2020111300100032,2020년 11월 13일 03시,금요일,강원도 강릉시 교동,경상사고,0,0,1,0,차대사람 - 기타,안전운전불이행,건조,맑음,교차로 - 교차로안,승용,남,59세,상해없음,보행자,여,18세,경상
2020111300100060,2020년 11월 13일 06시,금요일,강원도 원주시 단계동,경상사고,0,0,2,0,차대차 - 측면충돌,안전거리미확보,건조,맑음,단일로 - 기타,승용,남,68세,경상,승용,남,24세,경상
2020111300100151,2020년 11월 13일 09시,금요일,강원도 원주시 중앙동,경상사고,0,0,5,0,차대차 - 측면충돌,안전운전불이행,건조,맑음,교차로 - 교차로안,화물,남,46세,기타불명,승용,남,19세,경상
2020111300100152,2020년 11월 13일 09시,금요일,강원도 원주시 단계동,경상사고,0,0,1,0,차대차 - 측면충돌,안전운전불이행,건조,맑음,단일로 - 기타,승용,남,45세,상해없음,승용,남,36세,경상
2020111300100153,2020년 11월 13일 09시,금요일,강원도 속초시 교동,중상사고,0,1,0,0,차대사람 - 차도통행중,안전운전불이행,건조,맑음,교차로 - 교차로안,승용,남,80세,상해없음,보행자,여,30세,중상
2020111300100154,2020년 11월 13일 09시,금요일,강원도 삼척시 원당동,경상사고,0,0,1,0,차량단독 - 공작물충돌,안전운전불이행,건조,맑음,단일로 - 지하차도(도로)내,원동기,남,38세,경상,,,,
2020111300100184,2020년 11월 13일 10시,금요일,강원도 삼척시 근덕면,중상사고,0,1,0,0,차량단독 - 전도전복 - 전도,안전운전불이행,건조,맑음,단일로 - 지하차도(도로)내,자전거,남,85세,중상,,,,
2020111300100217,2020년 11월 13일 11시,금요일,강원도 속초시 교동,경상사고,0,0,1,0,차대차 - 측면충돌,안전운전불이행,건조,맑음,단일로 - 기타,승용,여,62세,상해없음,승용,여,60세,경상
2020111300100218,2020년 11월 13일 11시,금요일,강원도 홍천군 홍천읍,중상사고,0,2,2,0,차대차 - 추돌,안전거리미확보,건조,맑음,교차로 - 교차로안,승용,남,59세,상해없음,승용,남,65세,중상
2020111300100275,2020년 11월 13일 13시,금요일,강원도 춘천시 후평동,경상사고,0,0,1,0,차대차 - 측면충돌,교차로운행방법위반,건조,맑음,교차로 - 교차로안,승용,남,83세,상해없음,이륜,남,38세,경상
2020111300100276,2020년 11월 13일 13시,금요일,강원도 강릉시 옥천동,경상사고,0,0,2,0,차대차 - 측면충돌,안전운전불이행,건조,맑음,교차로 - 교차로안,승용,남,61세,상해없음,승용,여,70세,경상
2020111300100277,2020년 11월 13일 13시,금요일,강원도 원주시 명륜동,중상사고,0,2,0,0,차대차 - 측면충돌,안전거리미확보,건조,맑음,단일로 - 기타,승용,여,73세,상해없음,승용,여,49세,중상
2020111300100278,2020년 11월 13일 13시,금요일,강원도 영월군 한반도면,부상신고사고,0,0,0,1,차대차 - 측면충돌,교차로운행방법위반,건조,맑음,교차로 - 교차로안,이륜,남,81세,부상신고,승용,여,50세,상해없음
2020111300100279,2020년 11월 13일 13시,금요일,강원도 횡성군 공근면,경상사고,0,0,1,0,차대차 - 추돌,안전운전불이행,건조,맑음,단일로 - 기타,화물,여,51세,상해없음,승용,여,27세,경상
2020111300100280,2020년 11월 13일 13시,금요일,강원도 인제군 북면,부상신고사고,0,0,0,1,차대차 - 측면충돌,안전운전불이행,건조,맑음,교차로 - 교차로부근,승용,남,51세,상해없음,이륜,남,59세,부상신고
2020111300100305,2020년 11월 13일 14시,금요일,강원도 강릉시 노암동,경상사고,0,0,1,0,차대차 - 측면충돌,안전운전불이행,건조,맑음,교차로 - 교차로안,화물,남,30세,상해없음,승용,남,67세,경상
2020111300100376,2020년 11월 13일 16시,금요일,강원도 강릉시 남문동,경상사고,0,0,1,0,차대차 - 측면충돌,안전운전불이행,건조,맑음,교차로 - 교차로안,승합,남,38세,상해없음,승용,여,51세,경상
2020111300100423,2020년 11월 13일 17시,금요일,강원도 원주시 단계동,경상사고,0,0,3,0,차대차 - 측면충돌,안전운전불이행,건조,맑음,교차로 - 교차로안,승용,남,66세,경상,승용,여,37세,경상
2020111300100424,2020년 11월 13일 17시,금요일,강원도 동해시 이도동,경상사고,0,0,1,0,차대차 - 추돌,안전운전불이행,건조,맑음,단일로 - 기타,화물,남,37세,상해없음,승용,여,61세,경상
2020111300100481,2020년 11월 13일 18시,금요일,강원도 춘천시 퇴계동,부상신고사고,0,0,0,1,차대차 - 기타,교차로운행방법위반,건조,맑음,교차로 - 교차로안,승용,남,25세,상해없음,승용,남,40세,부상신고
2020111300100548,2020년 11월 13일 19시,금요일,강원도 춘천시 퇴계동,경상사고,0,0,3,0,차대차 - 측면충돌,교차로운행방법위반,건조,맑음,교차로 - 교차로안,승용,남,56세,상해없음,이륜,남,18세,경상
2020111300100549,2020년 11월 13일 19시,금요일,강원도 원주시 단구동,부상신고사고,0,0,0,1,차대차 - 추돌,안전운전불이행,건조,맑음,단일로 - 기타,승용,남,50세,상해없음,승용,남,22세,부상신고
2020111300100550,2020년 11월 13일 19시,금요일,강원도 원주시 태장동,경상사고,0,0,1,0,차대차 - 측면충돌,안전운전불이행,건조,맑음,단일로 - 기타,승용,남,45세,상해없음,승용,남,68세,경상
2020111300100587,2020년 11월 13일 20시,금요일,강원도 춘천시 효자동,중상사고,0,1,0,0,차량단독 - 기타,안전거리미확보,건조,맑음,단일로 - 기타,승합,남,57세,상해없음,,,,
2020111300100588,2020년 11월 13일 20시,금요일,강원도 원주시 명륜동,부상신고사고,0,0,0,1,차대사람 - 길가장자리구역통행중,안전운전불이행,건조,흐림,단일로 - 기타,승용,기타불명,미분류,기타불명,보행자,남,63세,부상신고
2020111300100630,2020년 11월 13일 21시,금요일,강원도 강릉시 옥천동,경상사고,0,0,3,0,차대차 - 측면충돌,안전운전불이행,건조,맑음,교차로 - 교차로안,승용,남,25세,상해없음,승용,남,41세,경상
2020111400100084,2020년 11월 14일 05시,토요일,강원도 삼척시 미로면,중상사고,0,1,1,0,차대차 - 추돌,안전운전불이행,건조,맑음,단일로 - 지하차도(도로)내,승용,남,71세,중상,건설기계,남,52세,상해없음
2020111400100094,2020년 11월 14일 06시,토요일,강원도 홍천군 남면,중상사고,0,1,0,0,차대차 - 측면충돌,교차로운행방법위반,젖음/습기,안개,교차로 - 교차로안,승합,남,47세,기타불명,승용,남,27세,중상
2020111400100143,2020년 11월 14일 09시,토요일,강원도 원주시 신림면,경상사고,0,0,1,0,차대차 - 기타,안전운전불이행,건조,맑음,단일로 - 기타,승용,남,75세,상해없음,승용,남,43세,경상
2020111400100144,2020년 11월 14일 09시,토요일,강원도 고성군 토성면,경상사고,0,0,2,0,차대차 - 추돌,안전운전불이행,건조,맑음,교차로 - 교차로안,승용,남,40세,상해없음,승용,여,43세,경상
2020111400100178,2020년 11월 14일 10시,토요일,강원도 원주시 문막읍,경상사고,0,0,1,0,차대차 - 측면충돌,중앙선침범,건조,맑음,교차로 - 교차로부근,승용,남,80세,상해없음,승용,여,43세,경상
2020111400100213,2020년 11월 14일 11시,토요일,강원도 인제군 기린면,중상사고,0,2,0,0,차대차 - 측면충돌,안전운전불이행,건조,맑음,교차로 - 교차로안,승용,남,75세,중상,건설기계,남,45세,중상
2020111400100214,2020년 11월 14일 11시,토요일,강원도 철원군 서면,중상사고,0,1,1,0,차대차 - 측면충돌,신호위반,건조,맑음,교차로 - 교차로안,승합,남,23세,상해없음,화물,남,58세,경상
2020111400100256,2020년 11월 14일 12시,토요일,강원도 춘천시 신동,경상사고,0,0,1,0,차대차 - 측면충돌,직진우회전진행방해,건조,맑음,교차로 - 교차로안,승용,남,27세,상해없음,화물,남,49세,경상
2020111400100257,2020년 11월 14일 12시,토요일,강원도 원주시 무실동,경상사고,0,0,1,0,차대차 - 추돌,안전운전불이행,건조,맑음,교차로 - 교차로부근,승용,남,40세,상해없음,화물,남,61세,경상
2020111400100258,2020년 11월 14일 12시,토요일,강원도 양양군 양양읍,경상사고,0,0,4,0,차대차 - 정면충돌,신호위반,건조,맑음,교차로 - 교차로안,승용,여,45세,상해없음,승용,여,29세,경상
2020111400100294,2020년 11월 14일 13시,토요일,강원도 춘천시 동면,경상사고,0,0,1,0,차대차 - 측면충돌,교차로운행방법위반,건조,맑음,교차로 - 교차로안,화물,남,80세,상해없음,승용,남,68세,경상
2020111400100295,2020년 11월 14일 13시,토요일,강원도 동해시 천곡동,중상사고,0,1,0,0,차대사람 - 차도통행중,안전운전불이행,건조,맑음,단일로 - 기타,승용,여,56세,상해없음,보행자,여,90세,중상
2020111400100412,2020년 11월 14일 16시,토요일,강원도 원주시 일산동,경상사고,0,0,1,0,차대차 - 측면충돌,기타,건조,맑음,교차로 - 교차로안,이륜,남,27세,상해없음,이륜,남,34세,경상
2020111400100413,2020년 11월 14일 16시,토요일,강원도 홍천군 동면,경상사고,0,0,2,0,차대차 - 정면충돌,중앙선침범,건조,맑음,단일로 - 기타,이륜,남,42세,경상,승용,남,62세,상해없음
2020111400100414,2020년 11월 14일 16시,토요일,강원도 평창군 평창읍,경상사고,0,0,1,0,차대차 - 측면충돌,안전운전불이행,건조,맑음,교차로 - 교차로부근,승용,남,38세,경상,화물,남,57세,상해없음
2020111400100452,2020년 11월 14일 17시,토요일,강원도 강릉시 교동,경상사고,0,0,1,0,차대차 - 추돌,안전운전불이행,건조,맑음,단일로 - 기타,화물,남,50세,상해없음,승용,남,37세,경상
2020111400100453,2020년 11월 14일 17시,토요일,강원도 정선군 고한읍,경상사고,0,0,3,0,차대차 - 추돌,안전운전불이행,건조,맑음,교차로 - 교차로부근,승용,남,70세,상해없음,승용,남,34세,경상
2020111400100506,2020년 11월 14일 18시,토요일,강원도 춘천시 우두동,경상사고,0,0,1,0,차대차 - 측면충돌,안전운전불이행,건조,맑음,교차로 - 교차로부근,이륜,남,38세,경상,승용,여,46세,상해없음
2020111400100507,2020년 11월 14일 18시,토요일,강원도 태백시 화전동,경상사고,0,0,1,1,차대차 - 측면충돌,신호위반,건조,맑음,단일로 - 터널,승용,남,78세,상해없음,승용,여,33세,경상
2020111400100579,2020년 11월 14일 20시,토요일,강원도 춘천시 석사동,경상사고,0,0,2,0,차대차 - 기타,안전운전불이행,건조,맑음,교차로 - 교차로안,승용,남,59세,상해없음,승용,남,27세,경상
2020111400100617,2020년 11월 14일 22시,토요일,강원도 강릉시 포남동,경상사고,0,0,1,0,차대차 - 기타,안전운전불이행,건조,맑음,교차로 - 교차로안,승용,남,49세,상해없음,승용,남,36세,경상
2020111400100636,2020년 11월 14일 23시,토요일,강원도 춘천시 후평동,경상사고,0,0,1,0,차대차 - 측면충돌,안전운전불이행,건조,맑음,교차로 - 교차로안,화물,여,55세,상해없음,이륜,남,27세,경상
2020111500100057,2020년 11월 15일 08시,일요일,강원도 춘천시 운교동,중상사고,0,1,0,0,차대차 - 측면충돌,신호위반,건조,맑음,교차로 - 교차로부근,승용,여,25세,상해없음,개인형이동수단(PM),남,22세,중상
2020111500100072,2020년 11월 15일 09시,일요일,강원도 삼척시 정상동,경상사고,0,0,2,0,차대차 - 정면충돌,안전운전불이행,건조,맑음,교차로 - 교차로안,승용,남,57세,경상,승용,남,68세,경상
2020111500100073,2020년 11월 15일 09시,일요일,강원도 영월군 영월읍,중상사고,0,1,0,0,차대차 - 측면충돌,교차로운행방법위반,건조,맑음,교차로 - 교차로안,승용,남,74세,상해없음,승용,여,65세,중상
2020111500100074,2020년 11월 15일 09시,일요일,강원도 동해시 평릉동,경상사고,0,0,1,0,차대차 - 측면충돌,차로위반,건조,맑음,교차로 - 교차로부근,승용,남,58세,상해없음,승용,여,60세,경상
2020111500100093,2020년 11월 15일 10시,일요일,강원도 동해시 이도동,중상사고,0,1,0,0,차대차 - 기타,안전운전불이행,건조,맑음,단일로 - 기타,이륜,남,85세,중상,건설기계,남,69세,상해없음
2020111500100143,2020년 11월 15일 12시,일요일,강원도 속초시 청학동,중상사고,0,1,0,0,차대차 - 측면충돌,안전운전불이행,건조,맑음,교차로 - 교차로안,승용,남,40세,상해없음,이륜,남,38세,중상
2020111500100172,2020년 11월 15일 13시,일요일,강원도 춘천시 퇴계동,경상사고,0,0,1,0,차대사람 - 차도통행중,안전운전불이행,건조,맑음,단일로 - 기타,이륜,남,18세,상해없음,보행자,남,63세,경상
2020111500100173,2020년 11월 15일 13시,일요일,강원도 태백시 백산동,경상사고,0,0,1,0,차대차 - 측면충돌,안전운전불이행,건조,맑음,단일로 - 기타,화물,남,54세,상해없음,승용,남,70세,경상
2020111500100203,2020년 11월 15일 14시,일요일,강원도 강릉시 교동,경상사고,0,0,1,0,차대사람 - 횡단중,안전운전불이행,건조,맑음,단일로 - 기타,승용,남,25세,상해없음,보행자,남,9세,경상
2020111500100277,2020년 11월 15일 16시,일요일,강원도 원주시 판부면,경상사고,0,0,2,0,차대차 - 추돌,안전거리미확보,건조,맑음,단일로 - 기타,화물,남,32세,상해없음,승용,남,40세,경상
2020111500100278,2020년 11월 15일 16시,일요일,강원도 삼척시 근덕면,경상사고,0,0,1,0,차대차 - 측면충돌,안전운전불이행,건조,맑음,교차로 - 교차로안,승용,남,50세,상해없음,이륜,남,71세,경상
2020111500100337,2020년 11월 15일 18시,일요일,강원도 강릉시 연곡면,경상사고,0,0,2,0,차대차 - 추돌,안전운전불이행,건조,맑음,단일로 - 기타,승용,남,59세,상해없음,농기계,남,82세,경상
2020111500100391,2020년 11월 15일 19시,일요일,강원도 춘천시 후평동,경상사고,0,0,1,0,차대차 - 측면충돌,직진우회전진행방해,건조,맑음,교차로 - 교차로안,승용,남,25세,상해없음,승용,남,60세,경상
2020111500100392,2020년 11월 15일 19시,일요일,강원도 양구군 양구읍,경상사고,0,0,1,0,차대차 - 측면충돌,직진우회전진행방해,건조,맑음,교차로 - 교차로안,이륜,남,52세,상해없음,승용,여,49세,경상
2020111500100420,2020년 11월 15일 20시,일요일,강원도 원주시 문막읍,중상사고,0,1,0,0,차대차 - 추돌,안전운전불이행,건조,맑음,단일로 - 기타,승용,남,64세,상해없음,승용,여,23세,중상
2020111600100027,2020년 11월 16일 05시,월요일,강원도 원주시 태장동,경상사고,0,0,1,0,차대차 - 측면충돌,안전운전불이행,건조,맑음,교차로 - 교차로안,승용,남,22세,상해없음,승용,남,58세,경상
2020111600100075,2020년 11월 16일 07시,월요일,강원도 원주시 단계동,경상사고,0,0,2,0,차대차 - 추돌,안전거리미확보,건조,맑음,단일로 - 기타,화물,남,66세,상해없음,화물,남,29세,경상
2020111600100104,2020년 11월 16일 08시,월요일,강원도 춘천시 동면,경상사고,0,0,3,0,차대차 - 측면충돌,신호위반,건조,맑음,교차로 - 교차로안,승용,여,54세,경상,승용,남,72세,경상
2020111600100105,2020년 11월 16일 08시,월요일,강원도 강릉시 포남동,경상사고,0,0,1,0,차대사람 - 기타,안전운전불이행,건조,맑음,단일로 - 기타,승용,여,52세,상해없음,보행자,여,10세,경상
2020111600100148,2020년 11월 16일 09시,월요일,강원도 홍천군 홍천읍,경상사고,0,0,1,0,차대차 - 측면충돌,교차로운행방법위반,건조,맑음,교차로 - 교차로안,승용,남,59세,상해없음,승용,남,65세,경상
2020111600100175,2020년 11월 16일 10시,월요일,강원도 강릉시 교동,경상사고,0,0,2,0,차대차 - 측면충돌,안전운전불이행,건조,맑음,교차로 - 교차로안,승합,남,40세,상해없음,승용,남,29세,경상
2020111600100221,2020년 11월 16일 11시,월요일,강원도 원주시 우산동,경상사고,0,0,1,0,차대차 - 측면충돌,안전운전불이행,건조,맑음,교차로 - 교차로안,자전거,남,89세,경상,승합,남,48세,상해없음
2020111600100222,2020년 11월 16일 11시,월요일,강원도 속초시 동명동,경상사고,0,0,1,0,차대차 - 측면충돌,안전운전불이행,건조,맑음,교차로 - 교차로안,승용,여,49세,상해없음,승용,여,25세,경상
2020111600100223,2020년 11월 16일 11시,월요일,강원도 홍천군 홍천읍,경상사고,0,0,2,0,차대차 - 측면충돌,안전거리미확보,건조,맑음,단일로 - 기타,승용,남,58세,기타불명,승용,여,37세,경상
2020111600100266,2020년 11월 16일 12시,월요일,강원도 삼척시 남양동,경상사고,0,0,1,0,차대차 - 기타,안전운전불이행,기타,맑음,단일로 - 기타,승용,남,31세,기타불명,화물,남,57세,상해없음