사고번호,사고일시,요일,시군구,사고내용,사망자수,중상자수,경상자수,부상신고자수,사고유형,법규위반,노면상태,기상상태,도로형태,가해운전자 차종,가해운전자 성별,가해운전자 연령,가해운전자 상해정도,피해운전자 차종,피해운전자 성별,피해운전자 연령,피해운전자 상해정도
2020111600100267,2020년 11월 16일 12시,월요일,강원도 화천군 화천읍,중상사고,0,1,2,1,차대차 - 측면충돌,교차로운행방법위반,건조,맑음,교차로 - 교차로안,승용,여,55세,부상신고,승용,남,77세,경상
2020111600100295,2020년 11월 16일 13시,월요일,강원도 양구군 남면,경상사고,0,0,3,0,차대차 - 추돌,안전운전불이행,건조,맑음,단일로 - 터널,화물,남,52세,상해없음,승용,남,55세,경상
2020111600100373,2020년 11월 16일 15시,월요일,강원도 춘천시 온의동,중상사고,0,1,0,0,차대사람 - 보도통행중,기타,건조,맑음,단일로 - 기타,승용,여,61세,상해없음,보행자,여,84세,중상
2020111600100374,2020년 11월 16일 15시,월요일,강원도 춘천시 신동,중상사고,0,1,0,0,차대차 - 측면충돌,직진우회전진행방해,건조,맑음,교차로 - 교차로안,승용,여,59세,상해없음,승용,남,35세,중상
2020111600100375,2020년 11월 16일 15시,월요일,강원도 동해시 천곡동,경상사고,0,0,1,0,차대차 - 측면충돌,안전운전불이행,건조,맑음,교차로 - 교차로부근,승합,남,71세,기타불명,이륜,남,20세,경상
2020111600100454,2020년 11월 16일 17시,월요일,강원도 평창군 봉평면,경상사고,0,0,1,0,차대차 - 기타,중앙선침범,건조,맑음,교차로 - 교차로안,화물,남,59세,상해없음,승용,여,68세,경상
2020111600100510,2020년 11월 16일 18시,월요일,강원도 춘천시 퇴계동,경상사고,0,0,1,0,차대차 - 측면충돌,안전운전불이행,건조,맑음,단일로 - 기타,개인형이동수단(PM),남,22세,경상,승용,여,40세,상해없음
2020111600100511,2020년 11월 16일 18시,월요일,강원도 춘천시 동내면,경상사고,0,0,1,0,차대차 - 기타,안전운전불이행,건조,맑음,교차로 - 교차로안,화물,남,40세,상해없음,승용,남,28세,경상
2020111600100512,2020년 11월 16일 18시,월요일,강원도 강릉시 옥천동,경상사고,0,0,1,0,차대사람 - 기타,안전운전불이행,건조,맑음,교차로 - 교차로안,승용,여,34세,상해없음,보행자,남,67세,경상
2020111600100513,2020년 11월 16일 18시,월요일,강원도 원주시 단구동,경상사고,0,0,1,0,차대사람 - 횡단중,보행자보호의무위반,건조,맑음,교차로 - 교차로안,승용,여,54세,상해없음,보행자,여,45세,경상
2020111600100570,2020년 11월 16일 19시,월요일,강원도 철원군 동송읍,중상사고,0,1,0,0,차대차 - 기타,안전운전불이행,건조,맑음,단일로 - 기타,자전거,남,52세,중상,이륜,남,20세,상해없음
2020111600100605,2020년 11월 16일 20시,월요일,강원도 강릉시 입암동,중상사고,0,1,0,0,차대차 - 측면충돌,안전운전불이행,젖음/습기,흐림,교차로 - 교차로안,승용,남,69세,상해없음,이륜,남,48세,중상
2020111600100627,2020년 11월 16일 21시,월요일,강원도 삼척시 교동,경상사고,0,0,2,0,차대차 - 측면충돌,안전운전불이행,건조,맑음,단일로 - 지하차도(도로)내,승용,남,67세,상해없음,승용,남,21세,경상
2020111600100654,2020년 11월 16일 22시,월요일,강원도 홍천군 홍천읍,경상사고,0,0,1,0,차대사람 - 기타,안전운전불이행,건조,맑음,교차로 - 교차로부근,승용,여,30세,상해없음,보행자,남,67세,경상
2020111700100003,2020년 11월 17일 00시,화요일,강원도 춘천시 석사동,경상사고,0,0,1,0,차대차 - 기타,교차로운행방법위반,건조,맑음,교차로 - 교차로안,이륜,남,23세,상해없음,승용,남,64세,경상
2020111700100004,2020년 11월 17일 00시,화요일,강원도 춘천시 효자동,경상사고,0,0,2,0,차대차 - 측면충돌,안전운전불이행,건조,맑음,교차로 - 교차로안,승용,여,33세,상해없음,승용,남,22세,경상
2020111700100018,2020년 11월 17일 01시,화요일,강원도 강릉시 교동,경상사고,0,0,1,0,차대차 - 측면충돌,신호위반,건조,맑음,교차로 - 교차로안,승용,여,49세,상해없음,승용,남,36세,경상
2020111700100041,2020년 11월 17일 05시,화요일,강원도 강릉시 교동,중상사고,0,1,0,0,차대차 - 측면충돌,신호위반,건조,맑음,교차로 - 교차로안,승용,남,22세,상해없음,승용,여,64세,중상
2020111700100067,2020년 11월 17일 07시,화요일,강원도 춘천시 석사동,경상사고,0,0,1,0,차대차 - 측면충돌,차로위반,건조,맑음,단일로 - 기타,화물,남,51세,상해없음,화물,남,29세,경상
2020111700100096,2020년 11월 17일 08시,화요일,강원도 원주시 무실동,경상사고,0,0,1,0,차대차 - 정면충돌,신호위반,건조,흐림,교차로 - 교차로안,승용,남,42세,상해없음,자전거,여,59세,경상
2020111700100097,2020년 11월 17일 08시,화요일,강원도 속초시 청호동,경상사고,0,0,1,0,차대차 - 측면충돌,안전운전불이행,건조,맑음,교차로 - 교차로부근,화물,남,33세,상해없음,이륜,남,73세,경상
2020111700100259,2020년 11월 17일 13시,화요일,강원도 태백시 황지동,경상사고,0,0,1,0,차대차 - 측면충돌,교차로운행방법위반,건조,맑음,교차로 - 교차로안,승용,남,66세,상해없음,승용,남,59세,경상
2020111700100287,2020년 11월 17일 14시,화요일,강원도 춘천시 효자동,경상사고,0,0,1,0,차대차 - 기타,교차로운행방법위반,건조,맑음,교차로 - 교차로안,이륜,남,22세,상해없음,승용,남,31세,경상
2020111700100288,2020년 11월 17일 14시,화요일,강원도 삼척시 원당동,중상사고,0,1,0,0,차대사람 - 기타,안전운전불이행,건조,맑음,주차장 - 주차장,화물,남,71세,상해없음,보행자,여,83세,중상
2020111700100332,2020년 11월 17일 15시,화요일,강원도 원주시 평원동,부상신고사고,0,0,0,1,차대차 - 기타,안전운전불이행,건조,맑음,교차로 - 교차로안,이륜,남,38세,부상신고,화물,남,47세,상해없음
2020111700100403,2020년 11월 17일 17시,화요일,강원도 춘천시 동면,경상사고,0,0,1,0,차대차 - 측면충돌,안전거리미확보,건조,맑음,단일로 - 기타,승용,여,48세,상해없음,원동기,남,22세,경상
2020111700100404,2020년 11월 17일 17시,화요일,강원도 원주시 개운동,경상사고,0,0,1,0,차대차 - 정면충돌,직진우회전진행방해,건조,맑음,교차로 - 교차로안,승용,남,46세,상해없음,승용,여,57세,경상
2020111700100405,2020년 11월 17일 17시,화요일,강원도 영월군 영월읍,사망사고,1,0,0,0,차대사람 - 횡단중,안전운전불이행,건조,맑음,교차로 - 교차로부근,화물,남,66세,상해없음,보행자,남,75세,사망
2020111700100406,2020년 11월 17일 17시,화요일,강원도 평창군 봉평면,경상사고,0,0,1,0,차대차 - 측면충돌,중앙선침범,건조,맑음,기타 - 기타,농기계,남,63세,상해없음,승용,여,67세,경상
2020111700100407,2020년 11월 17일 17시,화요일,강원도 고성군 토성면,경상사고,0,0,1,0,차대차 - 추돌,안전운전불이행,건조,맑음,단일로 - 기타,승용,남,42세,상해없음,승용,여,44세,경상
2020111700100408,2020년 11월 17일 17시,화요일,강원도 양구군 양구읍,경상사고,0,0,4,0,차대차 - 기타,직진우회전진행방해,건조,맑음,교차로 - 교차로부근,화물,여,73세,경상,승용,남,63세,경상
2020111700100409,2020년 11월 17일 17시,화요일,강원도 동해시 발한동,경상사고,0,0,1,0,차대사람 - 횡단중,보행자보호의무위반,건조,맑음,교차로 - 교차로횡단보도내,승용,남,69세,상해없음,보행자,여,68세,경상
2020111700100410,2020년 11월 17일 17시,화요일,강원도 원주시 호저면,경상사고,0,0,1,0,차대차 - 기타,안전운전불이행,건조,맑음,단일로 - 기타,화물,남,61세,상해없음,승용,남,33세,경상
2020111700100476,2020년 11월 17일 18시,화요일,강원도 춘천시 효자동,경상사고,0,0,1,0,차대차 - 추돌,안전운전불이행,건조,맑음,단일로 - 기타,승용,남,26세,상해없음,승용,여,64세,경상
2020111700100477,2020년 11월 17일 18시,화요일,강원도 원주시 인동,경상사고,0,0,4,0,차대차 - 측면충돌,안전거리미확보,건조,맑음,교차로 - 교차로안,승용,남,63세,상해없음,승용,남,19세,경상
2020111700100634,2020년 11월 17일 22시,화요일,강원도 원주시 행구동,경상사고,0,0,2,0,차대사람 - 기타,안전운전불이행,건조,맑음,단일로 - 기타,승용,남,28세,상해없음,보행자,남,26세,경상
2020111700100655,2020년 11월 17일 23시,화요일,강원도 강릉시 입암동,경상사고,0,0,1,0,차대차 - 측면충돌,안전운전불이행,건조,맑음,단일로 - 기타,이륜,남,21세,상해없음,승용,남,18세,경상
2020111800100008,2020년 11월 18일 00시,수요일,강원도 원주시 우산동,경상사고,0,0,1,0,차대사람 - 횡단중,보행자보호의무위반,젖음/습기,비,교차로 - 교차로횡단보도내,승용,남,40세,상해없음,보행자,남,62세,경상
2020111800100119,2020년 11월 18일 08시,수요일,강원도 춘천시 동면,경상사고,0,0,1,0,차대차 - 측면충돌,신호위반,건조,맑음,교차로 - 교차로안,승용,여,48세,상해없음,화물,남,32세,경상
2020111800100120,2020년 11월 18일 08시,수요일,강원도 강릉시 옥천동,경상사고,0,0,1,0,차대차 - 측면충돌,안전운전불이행,건조,맑음,교차로 - 교차로안,승용,여,40세,상해없음,승용,남,20세,경상
2020111800100121,2020년 11월 18일 08시,수요일,강원도 홍천군 내면,경상사고,0,0,2,0,차대차 - 측면충돌,교차로운행방법위반,건조,맑음,교차로 - 교차로부근,승용,남,63세,경상,승용,여,60세,경상
2020111800100203,2020년 11월 18일 10시,수요일,강원도 속초시 노학동,경상사고,0,0,1,0,차대차 - 측면충돌,교차로운행방법위반,건조,맑음,교차로 - 교차로안,승용,남,83세,상해없음,이륜,남,27세,경상
2020111800100233,2020년 11월 18일 11시,수요일,강원도 원주시 명륜동,경상사고,0,0,6,0,차대차 - 기타,교차로운행방법위반,건조,맑음,교차로 - 교차로안,승용,남,76세,상해없음,승용,여,67세,경상
2020111800100446,2020년 11월 18일 17시,수요일,강원도 춘천시 교동,경상사고,0,0,1,0,차대사람 - 횡단중,보행자보호의무위반,젖음/습기,비,교차로 - 교차로횡단보도내,승용,남,60세,상해없음,보행자,여,42세,경상
2020111800100448,2020년 11월 18일 17시,수요일,강원도 양구군 양구읍,경상사고,0,0,1,0,차대차 - 측면충돌,중앙선침범,젖음/습기,비,단일로 - 기타,승용,남,75세,상해없음,화물,남,41세,경상
2020111800100500,2020년 11월 18일 18시,수요일,강원도 강릉시 주문진읍,중상사고,0,1,0,0,차대차 - 측면충돌,안전운전불이행,건조,맑음,교차로 - 교차로안,승용,여,45세,상해없음,원동기,남,54세,중상
2020111800100501,2020년 11월 18일 18시,수요일,강원도 원주시 신림면,경상사고,0,0,1,0,차대차 - 측면충돌,안전거리미확보,건조,맑음,단일로 - 기타,기타불명,기타불명,미분류,기타불명,화물,남,36세,경상
2020111800100502,2020년 11월 18일 18시,수요일,강원도 원주시 단계동,경상사고,0,0,1,0,차대차 - 측면충돌,안전거리미확보,건조,맑음,교차로 - 교차로안,승용,남,65세,상해없음,승용,남,23세,경상
2020111800100613,2020년 11월 18일 20시,수요일,강원도 춘천시 효자동,경상사고,0,0,1,0,차대차 - 기타,안전운전불이행,건조,맑음,단일로 - 기타,승용,남,23세,상해없음,원동기,남,56세,경상
2020111800100614,2020년 11월 18일 20시,수요일,강원도 원주시 태장동,경상사고,0,0,1,0,차대차 - 추돌,안전거리미확보,건조,맑음,교차로 - 교차로부근,승용,남,46세,상해없음,승용,여,43세,경상
2020111900100024,2020년 11월 19일 01시,목요일,강원도 원주시 단계동,중상사고,0,1,0,0,차대차 - 측면충돌,교차로운행방법위반,젖음/습기,비,교차로 - 교차로안,승용,여,35세,상해없음,이륜,남,50세,중상
2020111900100049,2020년 11월 19일 04시,목요일,강원도 춘천시 후평동,경상사고,0,0,1,0,차대차 - 기타,안전거리미확보,젖음/습기,비,단일로 - 기타,승용,남,61세,상해없음,이륜,남,19세,경상
2020111900100076,2020년 11월 19일 06시,목요일,강원도 춘천시 남산면,경상사고,0,0,1,0,차대차 - 추돌,안전운전불이행,젖음/습기,비,단일로 - 기타,승용,남,80세,상해없음,승용,남,31세,경상
2020111900100120,2020년 11월 19일 07시,목요일,강원도 정선군 고한읍,경상사고,0,0,2,0,차대차 - 기타,기타,젖음/습기,흐림,단일로 - 기타,승용,남,22세,기타불명,화물,남,30세,경상
2020111900100162,2020년 11월 19일 08시,목요일,강원도 원주시 흥업면,경상사고,0,0,1,0,차대차 - 추돌,안전운전불이행,건조,맑음,교차로 - 교차로부근,승용,남,27세,상해없음,승용,여,23세,경상
2020111900100247,2020년 11월 19일 10시,목요일,강원도 원주시 무실동,경상사고,0,0,1,0,차대차 - 추돌,안전거리미확보,건조,맑음,단일로 - 기타,승용,여,32세,상해없음,승용,여,60세,경상
2020111900100249,2020년 11월 19일 10시,목요일,강원도 태백시 황지동,경상사고,0,0,3,0,차대차 - 정면충돌,안전운전불이행,젖음/습기,흐림,주차장 - 주차장,승용,남,85세,상해없음,승용,남,27세,경상
2020111900100284,2020년 11월 19일 11시,목요일,강원도 춘천시 효자동,중상사고,0,1,0,0,차대차 - 기타,교차로운행방법위반,건조,맑음,교차로 - 교차로안,화물,남,56세,상해없음,이륜,남,19세,중상
2020111900100285,2020년 11월 19일 11시,목요일,강원도 영월군 영월읍,중상사고,0,1,0,0,차대차 - 측면충돌,교차로운행방법위반,젖음/습기,비,교차로 - 교차로안,화물,남,53세,상해없음,승용,여,71세,중상
2020111900100316,2020년 11월 19일 12시,목요일,강원도 강릉시 사천면,경상사고,0,0,1,0,차대차 - 추돌,안전운전불이행,건조,맑음,교차로 - 교차로안,승용,남,47세,상해없음,승용,여,42세,경상
2020111900100350,2020년 11월 19일 13시,목요일,강원도 춘천시 후평동,중상사고,0,1,0,0,차대사람 - 횡단중,보행자보호의무위반,젖음/습기,비,교차로 - 교차로횡단보도내,승용,여,52세,상해없음,보행자,남,53세,중상
2020111900100351,2020년 11월 19일 13시,목요일,강원도 삼척시 도계읍,경상사고,0,0,2,0,차대차 - 정면충돌,중앙선침범,젖음/습기,비,단일로 - 기타,승용,남,41세,상해없음,승용,여,26세,경상
2020111900100379,2020년 11월 19일 14시,목요일,강원도 원주시 가현동,중상사고,0,1,0,0,차대차 - 기타,안전운전불이행,젖음/습기,흐림,단일로 - 기타,화물,남,66세,상해없음,자전거,남,70세,중상
2020111900100381,2020년 11월 19일 14시,목요일,강원도 태백시 황지동,경상사고,0,0,4,0,차대차 - 측면충돌,안전운전불이행,건조,맑음,단일로 - 기타,화물,남,78세,상해없음,승용,남,34세,경상
2020111900100413,2020년 11월 19일 15시,목요일,강원도 영월군 중동면,사망사고,1,0,0,2,차대차 - 추돌,안전운전불이행,젖음/습기,비,단일로 - 기타,화물,남,62세,사망,화물,남,62세,부상신고
2020111900100487,2020년 11월 19일 17시,목요일,강원도 홍천군 홍천읍,경상사고,0,0,1,0,차대차 - 추돌,교차로운행방법위반,건조,맑음,교차로 - 교차로안,화물,여,60세,상해없음,승용,남,23세,경상
2020112000100030,2020년 11월 20일 01시,금요일,강원도 원주시 호저면,중상사고,0,1,0,0,차량단독 - 공작물충돌,안전운전불이행,건조,맑음,단일로 - 기타,승용,남,24세,중상,,,,
2020112000100111,2020년 11월 20일 08시,금요일,강원도 원주시 일산동,경상사고,0,0,1,0,차대차 - 측면충돌,직진우회전진행방해,건조,맑음,교차로 - 교차로안,자전거,여,47세,경상,화물,남,56세,상해없음
2020112000100150,2020년 11월 20일 09시,금요일,강원도 삼척시 남양동,경상사고,0,0,1,0,차대차 - 측면충돌,안전운전불이행,건조,맑음,교차로 - 교차로안,이륜,남,66세,경상,승용,남,74세,상해없음
2020112000100173,2020년 11월 20일 10시,금요일,강원도 고성군 토성면,중상사고,0,1,0,0,차대사람 - 기타,안전운전불이행,건조,맑음,기타 - 기타,승용,남,75세,상해없음,보행자,남,61세,중상
2020112000100201,2020년 11월 20일 11시,금요일,강원도 속초시 교동,경상사고,0,0,1,0,차대차 - 측면충돌,안전운전불이행,건조,맑음,교차로 - 교차로부근,승용,여,72세,상해없음,화물,남,67세,경상
2020112000100202,2020년 11월 20일 11시,금요일,강원도 홍천군 서면,부상신고사고,0,0,0,1,차량단독 - 공작물충돌,안전운전불이행,건조,흐림,단일로 - 지하차도(도로)내,승용,남,80세,부상신고,,,,
2020112000100239,2020년 11월 20일 12시,금요일,강원도 강릉시 교동,경상사고,0,0,1,0,차대차 - 측면충돌,안전운전불이행,건조,맑음,교차로 - 교차로부근,승용,남,53세,상해없음,승용,남,27세,경상
2020112000100275,2020년 11월 20일 13시,금요일,강원도 원주시 단계동,경상사고,0,0,1,0,차대차 - 후진중충돌,안전운전불이행,건조,맑음,교차로 - 교차로부근,승용,여,44세,상해없음,승용,남,32세,경상
2020112000100276,2020년 11월 20일 13시,금요일,강원도 원주시 학성동,경상사고,0,0,2,0,차대차 - 측면충돌,직진우회전진행방해,건조,맑음,교차로 - 교차로안,승용,남,64세,상해없음,승용,여,31세,경상
2020112000100277,2020년 11월 20일 13시,금요일,강원도 삼척시 교동,경상사고,0,0,1,0,차대차 - 측면충돌,안전운전불이행,건조,맑음,교차로 - 교차로안,승합,남,52세,상해없음,승용,여,52세,경상
2020112000100278,2020년 11월 20일 13시,금요일,강원도 영월군 영월읍,중상사고,0,1,0,0,차대차 - 측면충돌,안전거리미확보,건조,맑음,단일로 - 기타,승용,남,72세,상해없음,승용,여,68세,중상
2020112000100279,2020년 11월 20일 13시,금요일,강원도 영월군 중동면,중상사고,0,2,0,0,차대차 - 추돌,안전거리미확보,건조,맑음,단일로 - 교량,승용,남,65세,상해없음,화물,남,49세,중상
2020112000100346,2020년 11월 20일 15시,금요일,강원도 춘천시 신북읍,중상사고,0,1,0,0,차대차 - 추돌,안전운전불이행,건조,맑음,교차로 - 교차로부근,승용,남,54세,상해없음,승용,여,57세,중상
2020112000100347,2020년 11월 20일 15시,금요일,강원도 속초시 교동,중상사고,0,1,0,0,차대차 - 측면충돌,안전운전불이행,건조,맑음,교차로 - 교차로안,화물,남,60세,상해없음,이륜,남,52세,중상
2020112000100384,2020년 11월 20일 16시,금요일,강원도 속초시 청호동,중상사고,0,1,0,0,차대차 - 측면충돌,안전운전불이행,건조,맑음,교차로 - 교차로안,승용,남,34세,상해없음,승용,여,35세,중상
2020112000100439,2020년 11월 20일 17시,금요일,강원도 강릉시 사천면,경상사고,0,0,3,0,차대차 - 추돌,안전운전불이행,건조,맑음,단일로 - 기타,화물,남,44세,상해없음,화물,여,58세,경상
2020112000100440,2020년 11월 20일 17시,금요일,강원도 홍천군 화촌면,경상사고,0,0,2,0,차대차 - 측면충돌,안전운전불이행,건조,맑음,단일로 - 지하차도(도로)내,승용,여,41세,경상,승용,남,21세,경상
2020112000100441,2020년 11월 20일 17시,금요일,강원도 화천군 간동면,경상사고,0,0,1,0,차대차 - 정면충돌,안전운전불이행,건조,맑음,교차로 - 교차로안,화물,남,53세,상해없음,승용,여,49세,경상
2020112000100520,2020년 11월 20일 18시,금요일,강원도 원주시 단계동,경상사고,0,0,1,0,차대사람 - 횡단중,안전운전불이행,건조,맑음,단일로 - 기타,화물,남,59세,상해없음,보행자,여,24세,경상
2020112000100521,2020년 11월 20일 18시,금요일,강원도 삼척시 우지동,경상사고,0,0,1,0,차대차 - 후진중충돌,안전운전불이행,건조,맑음,교차로 - 교차로부근,기타불명,기타불명,미분류,기타불명,승용,남,68세,경상
2020112000100522,2020년 11월 20일 18시,금요일,강원도 삼척시 남양동,경상사고,0,0,1,0,차대차 - 측면충돌,안전운전불이행,기타,맑음,기타 - 기타,승용,여,59세,상해없음,승용,여,28세,상해없음
2020112000100523,2020년 11월 20일 18시,금요일,강원도 평창군 대관령면,중상사고,0,1,1,0,차대차 - 측면충돌,신호위반,건조,맑음,교차로 - 교차로안,승합,남,71세,상해없음,승용,여,61세,중상
2020112000100658,2020년 11월 20일 21시,금요일,강원도 춘천시 퇴계동,경상사고,0,0,1,0,차대차 - 측면충돌,신호위반,건조,맑음,교차로 - 교차로안,승용,남,72세,상해없음,이륜,남,39세,경상
2020112000100659,2020년 11월 20일 21시,금요일,강원도 양양군 강현면,경상사고,0,0,1,0,차대사람 - 차도통행중,안전운전불이행,건조,맑음,단일로 - 기타,이륜,남,46세,상해없음,보행자,남,42세,경상
2020112000100687,2020년 11월 20일 22시,금요일,강원도 원주시 단계동,경상사고,0,0,1,0,차대사람 - 횡단중,안전운전불이행,건조,맑음,교차로 - 교차로안,승용,남,58세,상해없음,보행자,남,41세,경상
2020112100100041,2020년 11월 21일 02시,토요일,강원도 원주시 단계동,부상신고사고,0,0,0,1,차대사람 - 기타,보행자보호의무위반,건조,맑음,교차로 - 교차로부근,승용,기타불명,미분류,기타불명,보행자,여,30세,부상신고
2020112100100049,2020년 11월 21일 03시,토요일,강원도 춘천시 후평동,경상사고,0,0,1,0,차대차 - 측면충돌,직진우회전진행방해,건조,맑음,교차로 - 교차로안,승용,남,33세,상해없음,승용,여,60세,경상
2020112100100067,2020년 11월 21일 05시,토요일,강원도 원주시 문막읍,경상사고,0,0,1,0,차대차 - 측면충돌,교차로운행방법위반,건조,맑음,교차로 - 교차로안,승용,남,40세,상해없음,화물,남,48세,경상
2020112100100264,2020년 11월 21일 13시,토요일,강원도 원주시 문막읍,경상사고,0,0,1,0,차대차 - 측면충돌,안전운전불이행,건조,맑음,교차로 - 교차로안,승용,남,72세,상해없음,승용,남,59세,경상
2020112100100307,2020년 11월 21일 14시,토요일,강원도 철원군 철원읍,중상사고,0,2,3,0,차대차 - 측면충돌,직진우회전진행방해,건조,맑음,교차로 - 교차로안,승용,여,57세,상해없음,승용,남,55세,중상
2020112100100375,2020년 11월 21일 16시,토요일,강원도 원주시 개운동,경상사고,0,0,2,0,차대차 - 측면충돌,직진우회전진행방해,건조,맑음,교차로 - 교차로안,승용,남,79세,상해없음,승용,남,80세,경상
2020112100100376,2020년 11월 21일 16시,토요일,강원도 원주시 문막읍,경상사고,0,0,1,0,차대차 - 측면충돌,안전운전불이행,건조,맑음,단일로 - 기타,승용,남,50세,상해없음,승용,여,32세,경상
2020112100100377,2020년 11월 21일 16시,토요일,강원도 홍천군 홍천읍,경상사고,0,0,1,0,차대차 - 측면충돌,안전운전불이행,건조,맑음,기타 - 기타,이륜,남,19세,상해없음,승용,남,26세,경상
2020112100100378,2020년 11월 21일 16시,토요일,강원도 고성군 토성면,부상신고사고,0,0,0,1,차대차 - 측면충돌,안전운전불이행,건조,맑음,단일로 - 기타,건설기계,남,51세,상해없음,승용,남,68세,부상신고
2020112100100411,2020년 11월 21일 17시,토요일,강원도 화천군 하남면,중상사고,0,2,0,1,차대차 - 정면충돌,중앙선침범,건조,맑음,단일로 - 기타,승용,남,24세,부상신고,화물,남,47세,중상
2020112100100493,2020년 11월 21일 19시,토요일,강원도 고성군 현내면,부상신고사고,0,0,0,1,차대차 - 추돌,안전운전불이행,건조,맑음,교차로 - 교차로부근,원동기,남,60세,상해없음,승용,여,48세,부상신고
2020112100100526,2020년 11월 21일 20시,토요일,강원도 원주시 단구동,중상사고,0,1,1,0,차대차 - 측면충돌,신호위반,건조,맑음,교차로 - 교차로안,승용,남,57세,상해없음,승용,남,54세,중상
2020112100100527,2020년 11월 21일 20시,토요일,강원도 원주시 단계동,중상사고,0,1,2,0,차대차 - 측면충돌,신호위반,건조,맑음,교차로 - 교차로안,승용,여,30세,상해없음,승합,남,59세,경상
2020112100100545,2020년 11월 21일 21시,토요일,강원도 원주시 흥업면,경상사고,0,0,1,0,차대차 - 추돌,안전거리미확보,건조,맑음,교차로 - 교차로부근,승용,남,46세,상해없음,승용,여,42세,경상
2020112200100025,2020년 11월 22일 01시,일요일,강원도 춘천시 후평동,경상사고,0,0,4,0,차대차 - 추돌,안전운전불이행,건조,맑음,교차로 - 교차로부근,승용,남,27세,상해없음,승용,남,21세,경상
2020112200100056,2020년 11월 22일 03시,일요일,강원도 속초시 조양동,경상사고,0,0,1,0,차대차 - 추돌,안전운전불이행,건조,맑음,교차로 - 교차로안,화물,남,54세,상해없음,승용,남,72세,경상
2020112200100100,2020년 11월 22일 08시,일요일,강원도 횡성군 공근면,사망사고,1,0,0,1,차대차 - 측면충돌,기타,젖음/습기,비,단일로 - 교량,화물,남,59세,사망,승용,남,52세,부상신고
2020112200100138,2020년 11월 22일 11시,일요일,강원도 춘천시 퇴계동,부상신고사고,0,0,0,1,차대차 - 정면충돌,안전운전불이행,젖음/습기,흐림,교차로 - 교차로부근,승용,남,63세,상해없음,이륜,남,44세,부상신고
2020112200100151,2020년 11월 22일 12시,일요일,강원도 춘천시 후평동,중상사고,0,3,2,0,차대차 - 측면충돌,직진우회전진행방해,건조,맑음,교차로 - 교차로안,승용,여,71세,경상,승용,남,42세,중상
2020112200100175,2020년 11월 22일 13시,일요일,강원도 원주시 단구동,경상사고,0,0,1,0,차대차 - 기타,안전운전불이행,건조,맑음,단일로 - 기타,승용,남,63세,상해없음,이륜,남,59세,경상
2020112200100255,2020년 11월 22일 16시,일요일,강원도 강릉시 유산동,경상사고,0,0,1,0,차대차 - 정면충돌,신호위반,건조,맑음,교차로 - 교차로안,승용,남,20세,상해없음,승용,남,51세,경상
2020112200100284,2020년 11월 22일 17시,일요일,강원도 평창군 대관령면,부상신고사고,0,0,0,1,차대사람 - 횡단중,보행자보호의무위반,건조,맑음,교차로 - 교차로안,기타불명,기타불명,미분류,기타불명,보행자,남,78세,부상신고
2020112200100285,2020년 11월 22일 17시,일요일,강원도 태백시 황지동,경상사고,0,0,2,0,차대차 - 측면충돌,차로위반,건조,맑음,단일로 - 기타,승용,남,54세,상해없음,승용,여,63세,경상
2020112200100343,2020년 11월 22일 19시,일요일,강원도 홍천군 홍천읍,중상사고,0,1,0,0,차대차 - 측면충돌,안전운전불이행,건조,맑음,단일로 - 지하차도(도로)내,승용,여,34세,상해없음,이륜,남,21세,중상
2020112200100410,2020년 11월 22일 22시,일요일,강원도 강릉시 홍제동,경상사고,0,0,1,0,차대사람 - 기타,안전운전불이행,건조,맑음,단일로 - 기타,원동기,남,59세,상해없음,보행자,남,24세,경상
2020112300100040,2020년 11월 23일 06시,월요일,강원도 춘천시 남산면,중상사고,0,1,0,0,차대차 - 측면충돌,신호위반,건조,맑음,교차로 - 교차로안,승용,여,62세,상해없음,승용,남,35세,중상
2020112300100100,2020년 11월 23일 08시,월요일,강원도 춘천시 동내면,중상사고,0,1,1,0,차대차 - 기타,안전거리미확보,건조,맑음,교차로 - 교차로부근,건설기계,남,57세,상해없음,승합,남,72세,중상
2020112300100101,2020년 11월 23일 08시,월요일,강원도 춘천시 동면,중상사고,0,1,0,0,차대차 - 기타,교차로운행방법위반,건조,맑음,단일로 - 기타,승용,남,39세,상해없음,승용,여,56세,중상
2020112300100245,2020년 11월 23일 12시,월요일,강원도 홍천군 화촌면,경상사고,0,0,5,0,차대차 - 추돌,안전거리미확보,건조,맑음,단일로 - 터널,화물,남,66세,기타불명,승용,여,32세,경상
2020112300100290,2020년 11월 23일 13시,월요일,강원도 춘천시 신동면,경상사고,0,0,1,0,차대차 - 측면충돌,신호위반,건조,맑음,교차로 - 교차로안,승용,여,21세,상해없음,승용,남,33세,경상
2020112300100355,2020년 11월 23일 15시,월요일,강원도 춘천시 중앙로3가,경상사고,0,0,1,0,차대차 - 기타,중앙선침범,건조,맑음,단일로 - 기타,화물,남,54세,상해없음,이륜,남,40세,경상