사고번호,사고일시,요일,시군구,사고내용,사망자수,중상자수,경상자수,부상신고자수,사고유형,법규위반,노면상태,기상상태,도로형태,가해운전자 차종,가해운전자 성별,가해운전자 연령,가해운전자 상해정도,피해운전자 차종,피해운전자 성별,피해운전자 연령,피해운전자 상해정도
2020113000100490,2020년 11월 30일 18시,월요일,강원도 춘천시 후평동,경상사고,0,0,1,0,차대사람 - 차도통행중,안전운전불이행,건조,맑음,단일로 - 기타,승용,남,61세,상해없음,보행자,여,16세,경상
2020113000100491,2020년 11월 30일 18시,월요일,강원도 원주시 무실동,경상사고,0,0,2,0,차대차 - 측면충돌,안전운전불이행,건조,맑음,단일로 - 기타,승용,남,30세,상해없음,승용,남,29세,경상
2020113000100550,2020년 11월 30일 19시,월요일,강원도 춘천시 동면,경상사고,0,0,2,0,차대차 - 추돌,안전운전불이행,건조,맑음,단일로 - 기타,승용,남,49세,경상,건설기계,남,55세,경상
2020120100100089,2020년 12월 1일 08시,화요일,강원도 원주시 학성동,중상사고,0,1,0,0,차대사람 - 횡단중,보행자보호의무위반,건조,맑음,교차로 - 교차로안,화물,남,58세,상해없음,보행자,여,76세,중상
2020120100100090,2020년 12월 1일 08시,화요일,강원도 원주시 문막읍,경상사고,0,0,1,0,차대차 - 측면충돌,신호위반,건조,맑음,교차로 - 교차로안,승용,남,49세,상해없음,승용,남,54세,경상
2020120100100091,2020년 12월 1일 08시,화요일,강원도 원주시 명륜동,중상사고,0,1,0,0,차대차 - 측면충돌,중앙선침범,건조,맑음,단일로 - 기타,승용,여,33세,상해없음,원동기,남,38세,중상
2020120100100325,2020년 12월 1일 14시,화요일,강원도 양양군 양양읍,경상사고,0,0,2,0,차대차 - 측면충돌,안전운전불이행,건조,맑음,교차로 - 교차로안,승용,남,66세,상해없음,화물,남,62세,경상
2020120100100326,2020년 12월 1일 14시,화요일,강원도 평창군 평창읍,경상사고,0,0,2,0,차대차 - 측면충돌,신호위반,건조,맑음,교차로 - 교차로안,승용,남,30세,상해없음,승용,남,73세,경상
2020120100100327,2020년 12월 1일 14시,화요일,강원도 태백시 소도동,경상사고,0,0,1,0,차대차 - 측면충돌,안전운전불이행,건조,흐림,교차로 - 교차로안,승용,여,65세,상해없음,승용,남,59세,경상
2020120100100364,2020년 12월 1일 15시,화요일,강원도 강릉시 임당동,경상사고,0,0,1,0,차대사람 - 보도통행중,기타,건조,맑음,단일로 - 기타,승용,남,61세,상해없음,보행자,여,62세,경상
2020120100100365,2020년 12월 1일 15시,화요일,강원도 고성군 현내면,경상사고,0,0,1,0,차대차 - 측면충돌,기타,건조,맑음,교차로 - 교차로부근,화물,여,49세,상해없음,화물,남,49세,경상
2020120100100407,2020년 12월 1일 16시,화요일,강원도 삼척시 남양동,경상사고,0,0,1,0,차대사람 - 차도통행중,안전운전불이행,건조,맑음,단일로 - 지하차도(도로)내,승용,남,64세,상해없음,보행자,남,45세,경상
2020120100100453,2020년 12월 1일 17시,화요일,강원도 원주시 호저면,경상사고,0,0,1,0,차대차 - 측면충돌,신호위반,건조,맑음,교차로 - 교차로안,승용,남,31세,상해없음,승용,남,37세,경상
2020120100100582,2020년 12월 1일 20시,화요일,강원도 원주시 무실동,경상사고,0,0,1,0,차대차 - 측면충돌,안전운전불이행,건조,맑음,교차로 - 교차로안,승용,남,60세,상해없음,승용,여,49세,경상
2020120100100583,2020년 12월 1일 20시,화요일,강원도 동해시 효가동,경상사고,0,0,2,0,차대차 - 추돌,안전운전불이행,건조,맑음,교차로 - 교차로부근,승용,남,49세,상해없음,승용,남,39세,경상
2020120100100606,2020년 12월 1일 21시,화요일,강원도 원주시 단구동,경상사고,0,0,6,0,차대차 - 기타,안전운전불이행,건조,맑음,교차로 - 교차로안,승용,남,25세,경상,승용,남,48세,경상
2020120100100607,2020년 12월 1일 21시,화요일,강원도 고성군 거진읍,경상사고,0,0,1,0,차대사람 - 기타,안전운전불이행,건조,맑음,기타 - 기타,승용,남,71세,상해없음,보행자,남,51세,경상
2020120200100046,2020년 12월 2일 07시,수요일,강원도 춘천시 사농동,경상사고,0,0,1,0,차대차 - 측면충돌,안전운전불이행,건조,맑음,교차로 - 교차로안,승용,남,43세,경상,화물,남,58세,상해없음
2020120200100127,2020년 12월 2일 10시,수요일,강원도 원주시 중앙동,경상사고,0,0,1,0,차대사람 - 차도통행중,안전운전불이행,건조,맑음,단일로 - 기타,승용,남,68세,상해없음,보행자,여,73세,경상
2020120200100148,2020년 12월 2일 11시,수요일,강원도 춘천시 후평동,경상사고,0,0,1,0,차대차 - 측면충돌,직진우회전진행방해,건조,맑음,교차로 - 교차로안,승용,남,66세,상해없음,승용,여,28세,경상
2020120200100149,2020년 12월 2일 11시,수요일,강원도 춘천시 효자동,경상사고,0,0,2,0,차대차 - 추돌,안전운전불이행,건조,맑음,교차로 - 교차로안,승용,남,51세,상해없음,승용,남,52세,경상
2020120200100150,2020년 12월 2일 11시,수요일,강원도 원주시 귀래면,사망사고,1,0,0,0,차량단독 - 전도전복 - 전복,안전운전불이행,건조,맑음,단일로 - 기타,화물,남,56세,사망,,,,
2020120200100151,2020년 12월 2일 11시,수요일,강원도 동해시 구미동,중상사고,0,1,1,0,차대차 - 측면충돌,직진우회전진행방해,건조,흐림,교차로 - 교차로안,승용,남,66세,상해없음,화물,남,63세,경상
2020120200100246,2020년 12월 2일 14시,수요일,강원도 속초시 교동,경상사고,0,0,1,0,차대차 - 측면충돌,안전운전불이행,건조,맑음,교차로 - 교차로안,승용,남,62세,상해없음,화물,여,57세,경상
2020120200100247,2020년 12월 2일 14시,수요일,강원도 홍천군 홍천읍,경상사고,0,0,1,0,차대차 - 측면충돌,중앙선침범,건조,맑음,단일로 - 지하차도(도로)내,승용,여,46세,상해없음,화물,남,22세,경상
2020120200100281,2020년 12월 2일 15시,수요일,강원도 속초시 청학동,중상사고,0,1,0,0,차대사람 - 기타,안전운전불이행,건조,맑음,단일로 - 기타,승용,남,69세,상해없음,보행자,남,62세,중상
2020120200100282,2020년 12월 2일 15시,수요일,강원도 삼척시 가곡면,중상사고,0,1,0,0,차대차 - 측면충돌,중앙선침범,건조,맑음,단일로 - 기타,승용,여,41세,상해없음,화물,남,60세,중상
2020120200100312,2020년 12월 2일 16시,수요일,강원도 춘천시 후평동,경상사고,0,0,1,0,차대차 - 측면충돌,신호위반,건조,맑음,교차로 - 교차로안,자전거,남,69세,상해없음,승용,남,56세,경상
2020120200100416,2020년 12월 2일 18시,수요일,강원도 춘천시 후평동,경상사고,0,0,1,0,차대사람 - 횡단중,보행자보호의무위반,건조,맑음,교차로 - 교차로횡단보도내,화물,남,27세,상해없음,보행자,여,45세,경상
2020120200100417,2020년 12월 2일 18시,수요일,강원도 원주시 문막읍,경상사고,0,0,1,0,차대차 - 정면충돌,중앙선침범,건조,맑음,단일로 - 기타,화물,남,66세,상해없음,승용,남,38세,경상
2020120200100510,2020년 12월 2일 20시,수요일,강원도 횡성군 횡성읍,중상사고,0,1,0,0,차대차 - 측면충돌,안전운전불이행,건조,맑음,교차로 - 교차로안,승용,남,44세,상해없음,승용,남,47세,중상
2020120200100555,2020년 12월 2일 22시,수요일,강원도 춘천시 신북읍,경상사고,0,0,1,0,차대차 - 측면충돌,직진우회전진행방해,건조,맑음,교차로 - 교차로안,승용,여,22세,상해없음,승합,남,54세,경상
2020120200100556,2020년 12월 2일 22시,수요일,강원도 원주시 개운동,경상사고,0,0,1,1,차대차 - 측면충돌,직진우회전진행방해,건조,맑음,교차로 - 교차로안,승용,여,51세,부상신고,승용,남,45세,경상
2020120200100567,2020년 12월 2일 23시,수요일,강원도 원주시 무실동,경상사고,0,0,3,0,차대차 - 정면충돌,중앙선침범,건조,기타,기타 - 기타,승용,여,24세,상해없음,승용,남,36세,경상
2020120300100057,2020년 12월 3일 07시,목요일,강원도 원주시 반곡동,경상사고,0,0,1,0,차대차 - 측면충돌,교차로운행방법위반,건조,맑음,교차로 - 교차로안,화물,남,54세,기타불명,승용,여,53세,경상
2020120300100160,2020년 12월 3일 11시,목요일,강원도 원주시 반곡동,중상사고,0,1,0,0,차대차 - 기타,안전운전불이행,건조,맑음,교차로 - 교차로부근,승용,여,39세,상해없음,이륜,남,40세,중상
2020120300100161,2020년 12월 3일 11시,목요일,강원도 정선군 신동읍,경상사고,0,0,1,0,차대차 - 추돌,안전운전불이행,건조,맑음,단일로 - 기타,건설기계,남,45세,상해없음,화물,남,50세,경상
2020120300100225,2020년 12월 3일 13시,목요일,강원도 동해시 평릉동,경상사고,0,0,1,0,차대차 - 기타,신호위반,건조,맑음,교차로 - 교차로안,화물,남,52세,상해없음,승합,남,44세,상해없음
2020120300100260,2020년 12월 3일 14시,목요일,강원도 춘천시 퇴계동,중상사고,0,1,0,0,차대차 - 측면충돌,직진우회전진행방해,건조,맑음,교차로 - 교차로안,승용,여,61세,상해없음,자전거,남,84세,중상
2020120300100261,2020년 12월 3일 14시,목요일,강원도 원주시 행구동,경상사고,0,0,1,0,차대차 - 측면충돌,교차로운행방법위반,건조,맑음,교차로 - 교차로안,승용,남,83세,상해없음,승용,여,63세,경상
2020120300100262,2020년 12월 3일 14시,목요일,강원도 동해시 이도동,경상사고,0,0,1,0,차대차 - 추돌,안전거리미확보,건조,맑음,단일로 - 기타,화물,남,60세,상해없음,승용,여,41세,경상
2020120300100290,2020년 12월 3일 15시,목요일,강원도 원주시 학성동,중상사고,0,1,0,0,차량단독 - 공작물충돌,안전운전불이행,건조,맑음,단일로 - 기타,승용,남,68세,중상,,,,
2020120300100291,2020년 12월 3일 15시,목요일,강원도 속초시 교동,중상사고,0,1,0,0,차대사람 - 기타,안전운전불이행,건조,맑음,단일로 - 지하차도(도로)내,화물,남,43세,상해없음,보행자,여,82세,중상
2020120300100330,2020년 12월 3일 16시,목요일,강원도 강릉시 교동,경상사고,0,0,3,0,차대차 - 측면충돌,안전운전불이행,건조,맑음,교차로 - 교차로안,승용,여,24세,경상,승용,여,28세,경상
2020120300100331,2020년 12월 3일 16시,목요일,강원도 속초시 교동,중상사고,0,1,0,0,차대사람 - 횡단중,안전운전불이행,건조,맑음,교차로 - 교차로부근,승용,여,58세,상해없음,보행자,여,66세,중상
2020120300100332,2020년 12월 3일 16시,목요일,강원도 태백시 황지동,경상사고,0,0,1,0,차량단독 - 기타,안전운전불이행,건조,맑음,교차로 - 교차로부근,승용,남,74세,상해없음,,,,
2020120300100420,2020년 12월 3일 18시,목요일,강원도 원주시 단계동,중상사고,0,1,0,0,차대차 - 측면충돌,직진우회전진행방해,건조,맑음,교차로 - 교차로안,화물,남,47세,상해없음,이륜,남,35세,중상
2020120300100421,2020년 12월 3일 18시,목요일,강원도 원주시 반곡동,경상사고,0,0,1,0,차대차 - 기타,기타,건조,맑음,교차로 - 교차로안,이륜,남,30세,경상,승용,남,50세,기타불명
2020120300100422,2020년 12월 3일 18시,목요일,강원도 원주시 단계동,부상신고사고,0,0,0,1,차대차 - 기타,직진우회전진행방해,건조,맑음,교차로 - 교차로부근,이륜,남,19세,상해없음,이륜,남,58세,부상신고
2020120300100423,2020년 12월 3일 18시,목요일,강원도 동해시 효가동,경상사고,0,0,1,0,차대차 - 기타,중앙선침범,건조,맑음,단일로 - 기타,승용,남,56세,상해없음,자전거,남,49세,경상
2020120300100472,2020년 12월 3일 19시,목요일,강원도 춘천시 후평동,부상신고사고,0,0,0,1,차대사람 - 횡단중,보행자보호의무위반,건조,맑음,단일로 - 기타,기타불명,기타불명,미분류,기타불명,보행자,남,80세,부상신고
2020120300100496,2020년 12월 3일 20시,목요일,강원도 춘천시 교동,경상사고,0,0,1,0,차대차 - 측면충돌,교차로운행방법위반,건조,맑음,교차로 - 교차로안,승용,여,27세,상해없음,승용,남,36세,경상
2020120300100522,2020년 12월 3일 21시,목요일,강원도 춘천시 근화동,중상사고,0,1,0,0,차대차 - 측면충돌,중앙선침범,건조,맑음,교차로 - 교차로부근,승용,여,63세,상해없음,이륜,남,26세,중상
2020120300100523,2020년 12월 3일 21시,목요일,강원도 원주시 단구동,경상사고,0,0,1,0,차대차 - 추돌,안전운전불이행,건조,맑음,단일로 - 기타,승용,남,33세,상해없음,승용,남,65세,상해없음
2020120300100539,2020년 12월 3일 22시,목요일,강원도 원주시 관설동,경상사고,0,0,3,0,차대차 - 측면충돌,신호위반,건조,맑음,교차로 - 교차로안,승용,남,27세,상해없음,승용,남,57세,경상
2020120400100017,2020년 12월 4일 01시,금요일,강원도 속초시 교동,중상사고,0,1,0,0,차대차 - 측면충돌,안전운전불이행,건조,맑음,교차로 - 교차로안,승용,남,39세,상해없음,승용,여,53세,중상
2020120400100024,2020년 12월 4일 03시,금요일,강원도 원주시 단구동,경상사고,0,0,1,0,차대사람 - 기타,안전운전불이행,기타,맑음,기타 - 기타,승용,남,63세,상해없음,보행자,여,47세,경상
2020120400100049,2020년 12월 4일 06시,금요일,강원도 양양군 현남면,경상사고,0,0,1,0,차대사람 - 차도통행중,안전운전불이행,건조,맑음,단일로 - 기타,이륜,남,74세,상해없음,보행자,남,63세,경상
2020120400100050,2020년 12월 4일 06시,금요일,강원도 태백시 황지동,중상사고,0,1,0,0,차대사람 - 횡단중,보행자보호의무위반,건조,흐림,단일로 - 기타,승용,남,68세,상해없음,보행자,남,58세,중상
2020120400100107,2020년 12월 4일 08시,금요일,강원도 춘천시 석사동,경상사고,0,0,1,0,차대차 - 측면충돌,교차로운행방법위반,건조,맑음,교차로 - 교차로안,승용,여,60세,상해없음,승용,남,46세,경상
2020120400100146,2020년 12월 4일 09시,금요일,강원도 홍천군 홍천읍,중상사고,0,1,0,0,차대사람 - 차도통행중,안전운전불이행,건조,맑음,단일로 - 기타,승용,남,65세,상해없음,보행자,여,50세,중상
2020120400100147,2020년 12월 4일 09시,금요일,강원도 정선군 화암면,부상신고사고,0,0,0,2,차대차 - 측면충돌,안전운전불이행,건조,맑음,단일로 - 기타,이륜,남,60세,부상신고,화물,남,28세,부상신고
2020120400100176,2020년 12월 4일 10시,금요일,강원도 원주시 학성동,경상사고,0,0,2,0,차대차 - 기타,안전운전불이행,건조,맑음,교차로 - 교차로안,승용,남,55세,경상,승용,남,63세,경상
2020120400100177,2020년 12월 4일 10시,금요일,강원도 원주시 행구동,경상사고,0,0,1,0,차대사람 - 횡단중,보행자보호의무위반,건조,맑음,단일로 - 기타,승용,여,53세,상해없음,보행자,남,33세,경상
2020120400100264,2020년 12월 4일 13시,금요일,강원도 춘천시 온의동,부상신고사고,0,0,0,1,차대차 - 측면충돌,차로위반,건조,맑음,단일로 - 기타,화물,남,56세,상해없음,승용,남,44세,부상신고
2020120400100265,2020년 12월 4일 13시,금요일,강원도 춘천시 퇴계동,부상신고사고,0,0,0,1,차대차 - 측면충돌,교차로운행방법위반,건조,맑음,교차로 - 교차로부근,승용,여,64세,상해없음,승합,남,55세,상해없음
2020120400100266,2020년 12월 4일 13시,금요일,강원도 원주시 단구동,경상사고,0,0,1,0,차대사람 - 횡단중,안전운전불이행,건조,맑음,기타 - 기타,승용,남,72세,상해없음,보행자,남,55세,경상
2020120400100301,2020년 12월 4일 14시,금요일,강원도 삼척시 정상동,경상사고,0,0,1,0,차대차 - 측면충돌,신호위반,건조,맑음,교차로 - 교차로부근,승용,남,49세,상해없음,자전거,여,62세,경상
2020120400100302,2020년 12월 4일 14시,금요일,강원도 철원군 동송읍,경상사고,0,0,1,0,차대차 - 측면충돌,직진우회전진행방해,건조,맑음,교차로 - 교차로안,승용,남,55세,상해없음,자전거,남,48세,경상
2020120400100330,2020년 12월 4일 15시,금요일,강원도 춘천시 퇴계동,경상사고,0,0,1,0,차대차 - 측면충돌,직진우회전진행방해,건조,맑음,교차로 - 교차로안,승용,여,41세,상해없음,이륜,남,31세,경상
2020120400100331,2020년 12월 4일 15시,금요일,강원도 춘천시 후평동,경상사고,0,0,2,0,차대차 - 기타,안전운전불이행,건조,맑음,교차로 - 교차로부근,승용,남,77세,경상,이륜,남,49세,경상
2020120400100332,2020년 12월 4일 15시,금요일,강원도 원주시 반곡동,경상사고,0,0,2,0,차대차 - 추돌,안전운전불이행,건조,맑음,단일로 - 기타,화물,남,41세,상해없음,승용,여,48세,경상
2020120400100371,2020년 12월 4일 16시,금요일,강원도 춘천시 석사동,부상신고사고,0,0,0,1,차대차 - 측면충돌,차로위반,건조,맑음,단일로 - 기타,승용,남,62세,상해없음,승용,남,31세,부상신고
2020120400100415,2020년 12월 4일 17시,금요일,강원도 춘천시 후평동,경상사고,0,0,2,0,차대차 - 측면충돌,안전운전불이행,건조,맑음,교차로 - 교차로안,승용,남,43세,경상,승용,여,29세,경상
2020120400100416,2020년 12월 4일 17시,금요일,강원도 춘천시 소양로1가,경상사고,0,0,1,0,차대사람 - 횡단중,신호위반,건조,맑음,교차로 - 교차로부근,승용,남,27세,상해없음,보행자,여,57세,경상
2020120400100417,2020년 12월 4일 17시,금요일,강원도 동해시 발한동,경상사고,0,0,3,0,차대차 - 기타,기타,건조,맑음,단일로 - 기타,승용,여,64세,상해없음,승용,여,32세,경상
2020120400100482,2020년 12월 4일 18시,금요일,강원도 강릉시 옥천동,경상사고,0,0,1,0,차대차 - 후진중충돌,안전운전불이행,건조,맑음,단일로 - 기타,승용,남,62세,상해없음,자전거,남,11세,경상
2020120400100483,2020년 12월 4일 18시,금요일,강원도 동해시 발한동,경상사고,0,0,2,0,차대차 - 기타,안전운전불이행,건조,맑음,교차로 - 교차로안,승용,여,66세,상해없음,승용,남,26세,경상
2020120400100619,2020년 12월 4일 21시,금요일,강원도 철원군 동송읍,경상사고,0,0,1,0,차대차 - 기타,기타,건조,맑음,교차로 - 교차로안,승용,남,22세,상해없음,이륜,남,19세,경상
2020120500100080,2020년 12월 5일 09시,토요일,강원도 원주시 중앙동,부상신고사고,0,0,0,1,차대사람 - 보도통행중,안전운전불이행,건조,맑음,기타 - 기타,기타불명,기타불명,미분류,기타불명,보행자,여,54세,부상신고
2020120500100110,2020년 12월 5일 10시,토요일,강원도 춘천시 근화동,경상사고,0,0,1,0,차대차 - 측면충돌,안전운전불이행,건조,맑음,단일로 - 기타,화물,남,75세,상해없음,승용,남,28세,경상
2020120500100111,2020년 12월 5일 10시,토요일,강원도 태백시 장성동,중상사고,0,2,1,0,차대차 - 측면충돌,과속,건조,맑음,교차로 - 교차로안,승용,남,59세,경상,승용,남,77세,중상
2020120500100145,2020년 12월 5일 11시,토요일,강원도 강릉시 주문진읍,경상사고,0,0,1,0,차대차 - 측면충돌,안전운전불이행,건조,맑음,교차로 - 교차로안,승용,남,68세,상해없음,승용,여,50세,경상
2020120500100146,2020년 12월 5일 11시,토요일,강원도 강릉시 주문진읍,경상사고,0,0,1,0,차대차 - 측면충돌,안전운전불이행,건조,맑음,교차로 - 교차로안,승용,남,53세,상해없음,화물,남,68세,경상
2020120500100147,2020년 12월 5일 11시,토요일,강원도 원주시 행구동,경상사고,0,0,1,0,차대차 - 기타,안전운전불이행,건조,맑음,교차로 - 교차로안,화물,남,56세,상해없음,승용,여,40세,경상
2020120500100148,2020년 12월 5일 11시,토요일,강원도 삼척시 교동,경상사고,0,0,1,0,차대차 - 측면충돌,안전운전불이행,건조,맑음,교차로 - 교차로안,자전거,남,13세,경상,승용,여,57세,상해없음
2020120500100191,2020년 12월 5일 12시,토요일,강원도 철원군 동송읍,경상사고,0,0,1,0,차대차 - 측면충돌,안전운전불이행,건조,맑음,단일로 - 기타,승합,남,63세,기타불명,승용,남,63세,경상
2020120500100233,2020년 12월 5일 13시,토요일,강원도 원주시 단구동,경상사고,0,0,1,0,차대사람 - 길가장자리구역통행중,안전운전불이행,건조,맑음,단일로 - 기타,승용,여,24세,상해없음,보행자,여,12세,경상
2020120500100335,2020년 12월 5일 16시,토요일,강원도 강릉시 포남동,경상사고,0,0,1,0,차대차 - 측면충돌,안전운전불이행,건조,맑음,교차로 - 교차로안,승용,남,55세,상해없음,원동기,남,44세,경상
2020120500100336,2020년 12월 5일 16시,토요일,강원도 영월군 남면,경상사고,0,0,2,0,차대차 - 측면충돌,중앙선침범,건조,맑음,단일로 - 교량,승용,여,42세,상해없음,승용,남,58세,경상
2020120500100373,2020년 12월 5일 17시,토요일,강원도 영월군 영월읍,중상사고,0,1,0,0,차대차 - 측면충돌,교차로운행방법위반,건조,맑음,교차로 - 교차로안,승용,여,61세,상해없음,승용,남,36세,중상
2020120500100416,2020년 12월 5일 18시,토요일,강원도 원주시 문막읍,경상사고,0,0,1,0,차대차 - 추돌,안전거리미확보,건조,맑음,교차로 - 교차로부근,승용,남,60세,상해없음,승용,남,80세,경상
2020120500100417,2020년 12월 5일 18시,토요일,강원도 홍천군 홍천읍,중상사고,0,1,0,0,차대차 - 추돌,차로위반,건조,맑음,단일로 - 기타,승용,남,60세,상해없음,승용,남,56세,중상
2020120500100460,2020년 12월 5일 19시,토요일,강원도 춘천시 효자동,중상사고,0,1,0,0,차대사람 - 횡단중,보행자보호의무위반,건조,맑음,교차로 - 교차로횡단보도내,승용,남,63세,상해없음,보행자,남,67세,중상
2020120500100491,2020년 12월 5일 20시,토요일,강원도 홍천군 서면,경상사고,0,0,2,0,차대차 - 추돌,안전운전불이행,건조,맑음,주차장 - 주차장,승용,남,38세,상해없음,승용,여,26세,경상
2020120500100518,2020년 12월 5일 21시,토요일,강원도 동해시 묵호진동,중상사고,0,1,0,0,차대사람 - 횡단중,교차로운행방법위반,건조,흐림,교차로 - 교차로안,승용,남,63세,상해없음,보행자,남,66세,중상
2020120500100534,2020년 12월 5일 22시,토요일,강원도 원주시 소초면,경상사고,0,0,1,0,차대차 - 측면충돌,중앙선침범,건조,맑음,단일로 - 기타,승용,남,47세,상해없음,승용,남,44세,경상
2020120500100535,2020년 12월 5일 22시,토요일,강원도 양구군 양구읍,중상사고,0,1,0,0,차량단독 - 도로외이탈 - 기타,안전운전불이행,건조,맑음,단일로 - 기타,승합,남,53세,중상,,,,
2020120600100095,2020년 12월 6일 10시,일요일,강원도 강릉시 옥계면,경상사고,0,0,1,0,차대차 - 측면충돌,신호위반,건조,맑음,교차로 - 교차로안,화물,남,74세,상해없음,승용,남,52세,상해없음
2020120600100096,2020년 12월 6일 10시,일요일,강원도 강릉시 교동,경상사고,0,0,1,0,차대차 - 기타,안전운전불이행,건조,맑음,교차로 - 교차로안,승용,남,36세,상해없음,승용,남,53세,상해없음
2020120600100113,2020년 12월 6일 11시,일요일,강원도 춘천시 남산면,경상사고,0,0,4,0,차대차 - 후진중충돌,안전운전불이행,건조,맑음,단일로 - 기타,승합,남,59세,경상,승용,남,40세,경상
2020120600100114,2020년 12월 6일 11시,일요일,강원도 삼척시 오분동,경상사고,0,0,1,0,차대사람 - 기타,안전운전불이행,기타,맑음,기타 - 기타,화물,남,48세,상해없음,보행자,남,34세,경상
2020120600100115,2020년 12월 6일 11시,일요일,강원도 횡성군 우천면,중상사고,0,1,1,0,차대차 - 측면충돌,안전운전불이행,건조,맑음,단일로 - 기타,승용,남,48세,상해없음,승용,남,51세,중상
2020120600100116,2020년 12월 6일 11시,일요일,강원도 철원군 동송읍,사망사고,1,0,0,0,차량단독 - 전도전복 - 전도,안전운전불이행,건조,맑음,단일로 - 기타,사륜오토바이(ATV),남,21세,상해없음,,,,
2020120600100133,2020년 12월 6일 12시,일요일,강원도 춘천시 서면,중상사고,0,2,1,0,차대차 - 추돌,안전운전불이행,건조,맑음,교차로 - 교차로부근,이륜,남,45세,경상,승용,여,58세,중상
2020120600100134,2020년 12월 6일 12시,일요일,강원도 강릉시 견소동,경상사고,0,0,2,0,차대차 - 측면충돌,안전운전불이행,건조,맑음,단일로 - 기타,승용,여,23세,상해없음,승용,남,31세,경상
2020120600100135,2020년 12월 6일 12시,일요일,강원도 삼척시 미로면,중상사고,0,1,2,0,차대차 - 추돌,안전운전불이행,기타,맑음,기타 - 기타,승용,남,65세,상해없음,승용,남,51세,경상
2020120600100162,2020년 12월 6일 13시,일요일,강원도 동해시 천곡동,경상사고,0,0,2,0,차대차 - 측면충돌,직진우회전진행방해,건조,맑음,교차로 - 교차로안,승용,여,23세,상해없음,승용,남,49세,경상
2020120600100223,2020년 12월 6일 15시,일요일,강원도 원주시 단구동,경상사고,0,0,1,0,차대차 - 추돌,교차로운행방법위반,건조,맑음,교차로 - 교차로안,승용,남,65세,상해없음,승용,여,46세,경상
2020120600100224,2020년 12월 6일 15시,일요일,강원도 평창군 진부면,중상사고,0,1,0,0,차대차 - 기타,교차로운행방법위반,건조,맑음,교차로 - 교차로안,승용,남,59세,상해없음,승용,여,63세,중상
2020120700100005,2020년 12월 7일 00시,월요일,강원도 동해시 천곡동,사망사고,1,0,0,0,차대사람 - 기타,안전운전불이행,건조,맑음,단일로 - 기타,승용,남,24세,상해없음,보행자,남,64세,사망
2020120700100060,2020년 12월 7일 07시,월요일,강원도 홍천군 서석면,경상사고,0,0,2,0,차대차 - 정면충돌,중앙선침범,건조,맑음,단일로 - 지하차도(도로)내,승용,여,71세,상해없음,화물,남,59세,경상
2020120700100222,2020년 12월 7일 13시,월요일,강원도 원주시 명륜동,경상사고,0,0,1,0,차대차 - 추돌,안전운전불이행,건조,맑음,교차로 - 교차로안,이륜,남,59세,경상,승합,남,64세,상해없음
2020120700100245,2020년 12월 7일 14시,월요일,강원도 홍천군 홍천읍,중상사고,0,1,0,0,차대차 - 측면충돌,교차로운행방법위반,건조,맑음,교차로 - 교차로안,승용,남,36세,기타불명,승용,여,40세,중상
2020120700100267,2020년 12월 7일 15시,월요일,강원도 춘천시 퇴계동,경상사고,0,0,1,0,차대차 - 기타,안전운전불이행,건조,맑음,기타 - 기타,승용,남,65세,상해없음,자전거,남,14세,경상
2020120700100268,2020년 12월 7일 15시,월요일,강원도 강릉시 임당동,중상사고,0,1,0,0,차대사람 - 횡단중,보행자보호의무위반,건조,맑음,단일로 - 기타,승용,여,40세,상해없음,보행자,여,76세,중상
2020120700100269,2020년 12월 7일 15시,월요일,강원도 속초시 중앙동,경상사고,0,0,1,0,차대사람 - 길가장자리구역통행중,안전운전불이행,건조,맑음,교차로 - 교차로부근,승용,남,86세,상해없음,보행자,남,37세,경상
2020120700100313,2020년 12월 7일 16시,월요일,강원도 원주시 단구동,경상사고,0,0,1,0,차대차 - 추돌,안전거리미확보,건조,맑음,단일로 - 기타,승용,남,70세,상해없음,승용,여,29세,경상
2020120700100347,2020년 12월 7일 17시,월요일,강원도 원주시 학성동,중상사고,0,1,0,0,차대차 - 측면충돌,불법유턴,건조,맑음,교차로 - 교차로부근,화물,남,63세,상해없음,이륜,남,27세,중상
2020120700100393,2020년 12월 7일 18시,월요일,강원도 춘천시 근화동,경상사고,0,0,1,0,차대사람 - 기타,안전운전불이행,건조,맑음,단일로 - 기타,승용,여,29세,상해없음,보행자,남,22세,경상
2020120700100394,2020년 12월 7일 18시,월요일,강원도 원주시 문막읍,중상사고,0,1,1,0,차대차 - 추돌,신호위반,건조,맑음,교차로 - 교차로안,승용,남,37세,상해없음,승용,남,48세,경상
2020120700100395,2020년 12월 7일 18시,월요일,강원도 원주시 명륜동,중상사고,0,1,0,0,차대사람 - 횡단중,신호위반,건조,맑음,교차로 - 교차로횡단보도내,원동기,남,21세,상해없음,보행자,남,28세,중상
2020120700100440,2020년 12월 7일 19시,월요일,강원도 춘천시 퇴계동,경상사고,0,0,1,0,차대차 - 측면충돌,교차로운행방법위반,건조,맑음,교차로 - 교차로안,승용,여,29세,상해없음,이륜,남,29세,경상