사고번호,사고일시,요일,시군구,사고내용,사망자수,중상자수,경상자수,부상신고자수,사고유형,법규위반,노면상태,기상상태,도로형태,가해운전자 차종,가해운전자 성별,가해운전자 연령,가해운전자 상해정도,피해운전자 차종,피해운전자 성별,피해운전자 연령,피해운전자 상해정도
2020120800100007,2020년 12월 8일 01시,화요일,강원도 춘천시 석사동,중상사고,0,1,2,0,차대차 - 측면충돌,직진우회전진행방해,건조,맑음,교차로 - 교차로안,승용,남,28세,중상,승용,남,60세,경상
2020120800100049,2020년 12월 8일 07시,화요일,강원도 춘천시 퇴계동,사망사고,1,0,0,0,차대차 - 기타,안전거리미확보,건조,맑음,단일로 - 기타,자전거,남,70세,사망,승용,여,54세,상해없음
2020120800100126,2020년 12월 8일 09시,화요일,강원도 춘천시 동내면,경상사고,0,0,2,0,차대차 - 측면충돌,신호위반,건조,맑음,교차로 - 교차로안,승용,여,60세,상해없음,승용,여,47세,경상
2020120800100155,2020년 12월 8일 10시,화요일,강원도 인제군 인제읍,경상사고,0,0,1,0,차대차 - 측면충돌,안전운전불이행,건조,맑음,교차로 - 교차로안,승용,남,66세,상해없음,승용,여,57세,경상
2020120800100180,2020년 12월 8일 11시,화요일,강원도 강릉시 용강동,경상사고,0,0,1,0,차대차 - 측면충돌,중앙선침범,건조,맑음,단일로 - 기타,승용,남,63세,상해없음,승용,여,54세,경상
2020120800100210,2020년 12월 8일 12시,화요일,강원도 강릉시 노암동,경상사고,0,0,2,0,차대차 - 측면충돌,중앙선침범,건조,맑음,단일로 - 기타,화물,남,83세,상해없음,승용,남,25세,경상
2020120800100211,2020년 12월 8일 12시,화요일,강원도 강릉시 안현동,경상사고,0,0,1,0,차대차 - 측면충돌,안전운전불이행,건조,맑음,교차로 - 교차로안,승용,남,60세,상해없음,승용,여,24세,경상
2020120800100212,2020년 12월 8일 12시,화요일,강원도 영월군 북면,중상사고,0,1,0,0,차대차 - 추돌,안전운전불이행,건조,맑음,교차로 - 교차로부근,승용,남,71세,상해없음,승용,여,51세,중상
2020120800100295,2020년 12월 8일 14시,화요일,강원도 춘천시 운교동,경상사고,0,0,1,0,차대차 - 추돌,신호위반,건조,맑음,교차로 - 교차로안,승용,남,80세,상해없음,이륜,남,49세,경상
2020120800100297,2020년 12월 8일 14시,화요일,강원도 태백시 황지동,경상사고,0,0,1,0,차대차 - 측면충돌,신호위반,건조,맑음,교차로 - 교차로안,화물,남,32세,상해없음,승용,남,63세,경상
2020120800100298,2020년 12월 8일 14시,화요일,강원도 횡성군 둔내면,경상사고,0,0,1,0,차대차 - 측면충돌,안전운전불이행,건조,맑음,단일로 - 기타,화물,남,62세,상해없음,승용,남,51세,상해없음
2020120800100337,2020년 12월 8일 15시,화요일,강원도 강릉시 임당동,중상사고,0,1,0,0,차대사람 - 횡단중,신호위반,건조,맑음,단일로 - 기타,승용,남,51세,상해없음,보행자,여,33세,중상
2020120800100368,2020년 12월 8일 16시,화요일,강원도 영월군 영월읍,중상사고,0,1,0,0,차대사람 - 횡단중,안전운전불이행,건조,맑음,교차로 - 교차로부근,승용,여,40세,상해없음,보행자,여,63세,중상
2020120800100472,2020년 12월 8일 18시,화요일,강원도 원주시 문막읍,경상사고,0,0,1,0,차대차 - 측면충돌,안전거리미확보,건조,맑음,교차로 - 교차로안,특수,남,59세,상해없음,승용,여,45세,경상
2020120800100473,2020년 12월 8일 18시,화요일,강원도 원주시 단계동,경상사고,0,0,1,0,차대사람 - 기타,안전운전불이행,건조,맑음,기타 - 기타,승용,남,22세,상해없음,보행자,남,21세,경상
2020120800100474,2020년 12월 8일 18시,화요일,강원도 철원군 갈말읍,경상사고,0,0,1,0,차대차 - 정면충돌,안전운전불이행,건조,맑음,교차로 - 교차로안,승용,여,29세,상해없음,승용,여,34세,경상
2020120800100475,2020년 12월 8일 18시,화요일,강원도 동해시 쇄운동,경상사고,0,0,1,0,차대차 - 측면충돌,신호위반,건조,맑음,교차로 - 교차로안,승용,남,68세,상해없음,승합,여,63세,경상
2020120800100527,2020년 12월 8일 19시,화요일,강원도 원주시 단구동,중상사고,0,1,0,0,차대차 - 기타,직진우회전진행방해,건조,맑음,교차로 - 교차로안,승용,남,40세,상해없음,이륜,남,38세,중상
2020120800100528,2020년 12월 8일 19시,화요일,강원도 원주시 일산동,경상사고,0,0,1,0,차대차 - 기타,중앙선침범,건조,흐림,단일로 - 기타,승용,남,65세,상해없음,승용,여,52세,경상
2020120800100610,2020년 12월 8일 22시,화요일,강원도 춘천시 근화동,경상사고,0,0,1,0,차대차 - 측면충돌,안전운전불이행,건조,맑음,단일로 - 기타,승용,남,42세,상해없음,승용,여,42세,상해없음
2020120900100051,2020년 12월 9일 07시,수요일,강원도 춘천시 동내면,경상사고,0,0,1,0,차대차 - 측면충돌,신호위반,건조,맑음,교차로 - 교차로안,화물,남,54세,상해없음,승용,남,39세,경상
2020120900100052,2020년 12월 9일 07시,수요일,강원도 원주시 소초면,경상사고,0,0,1,0,차대차 - 추돌,안전거리미확보,건조,맑음,단일로 - 기타,승용,여,46세,상해없음,승용,여,31세,경상
2020120900100085,2020년 12월 9일 08시,수요일,강원도 춘천시 후평동,경상사고,0,0,1,0,차대차 - 기타,안전운전불이행,건조,맑음,교차로 - 교차로안,건설기계,남,51세,상해없음,자전거,남,17세,경상
2020120900100086,2020년 12월 9일 08시,수요일,강원도 원주시 행구동,경상사고,0,0,1,0,차대차 - 측면충돌,안전운전불이행,건조,맑음,단일로 - 기타,건설기계,남,61세,상해없음,승용,남,40세,경상
2020120900100132,2020년 12월 9일 09시,수요일,강원도 강릉시 교동,경상사고,0,0,1,0,차대차 - 추돌,안전운전불이행,건조,맑음,교차로 - 교차로부근,화물,여,44세,상해없음,승용,여,58세,경상
2020120900100164,2020년 12월 9일 10시,수요일,강원도 삼척시 가곡면,중상사고,0,2,2,0,차대차 - 정면충돌,중앙선침범,건조,맑음,단일로 - 기타,화물,남,49세,상해없음,화물,남,68세,중상
2020120900100189,2020년 12월 9일 11시,수요일,강원도 원주시 관설동,중상사고,0,1,0,0,차대차 - 기타,안전운전불이행,건조,맑음,기타 - 기타,기타불명,기타불명,미분류,기타불명,화물,남,63세,중상
2020120900100212,2020년 12월 9일 12시,수요일,강원도 춘천시 우두동,경상사고,0,0,1,0,차대차 - 측면충돌,안전운전불이행,건조,맑음,단일로 - 기타,화물,남,68세,상해없음,승용,여,46세,경상
2020120900100213,2020년 12월 9일 12시,수요일,강원도 원주시 태장동,경상사고,0,0,1,0,차대차 - 측면충돌,기타,건조,맑음,교차로 - 교차로부근,승용,남,89세,상해없음,이륜,남,58세,경상
2020120900100298,2020년 12월 9일 15시,수요일,강원도 춘천시 온의동,경상사고,0,0,2,0,차대차 - 측면충돌,직진우회전진행방해,건조,맑음,교차로 - 교차로안,승용,남,31세,상해없음,승용,남,23세,경상
2020120900100360,2020년 12월 9일 17시,수요일,강원도 원주시 문막읍,중상사고,0,1,0,0,차대사람 - 횡단중,보행자보호의무위반,건조,맑음,교차로 - 교차로부근,승용,여,41세,상해없음,보행자,여,19세,중상
2020120900100361,2020년 12월 9일 17시,수요일,강원도 원주시 무실동,경상사고,0,0,1,0,차대차 - 측면충돌,교차로운행방법위반,건조,맑음,교차로 - 교차로안,승용,여,62세,상해없음,승용,남,41세,경상
2020120900100487,2020년 12월 9일 19시,수요일,강원도 춘천시 우두동,중상사고,0,1,0,0,차대차 - 측면충돌,차로위반,건조,맑음,단일로 - 기타,승용,여,50세,상해없음,이륜,남,24세,중상
2020120900100488,2020년 12월 9일 19시,수요일,강원도 강릉시 강문동,경상사고,0,0,1,0,차대사람 - 차도통행중,안전운전불이행,건조,맑음,단일로 - 기타,원동기,여,23세,상해없음,보행자,남,57세,경상
2020120900100489,2020년 12월 9일 19시,수요일,강원도 원주시 단계동,중상사고,0,1,0,0,차대사람 - 기타,안전운전불이행,건조,맑음,단일로 - 기타,승용,여,35세,상해없음,보행자,남,24세,중상
2020121000100016,2020년 12월 10일 05시,목요일,강원도 동해시 발한동,중상사고,0,1,0,0,차대사람 - 길가장자리구역통행중,신호위반,건조,맑음,교차로 - 교차로부근,승용,여,51세,상해없음,보행자,남,71세,중상
2020121000100096,2020년 12월 10일 09시,목요일,강원도 원주시 단계동,경상사고,0,0,1,0,차대차 - 기타,안전운전불이행,건조,맑음,교차로 - 교차로안,승용,남,36세,상해없음,승용,남,25세,경상
2020121000100115,2020년 12월 10일 10시,목요일,강원도 정선군 정선읍,중상사고,0,1,1,0,차대차 - 정면충돌,중앙선침범,건조,맑음,단일로 - 기타,승용,남,64세,중상,승용,여,76세,경상
2020121000100168,2020년 12월 10일 12시,목요일,강원도 원주시 소초면,경상사고,0,0,1,0,차대차 - 측면충돌,차로위반,건조,맑음,단일로 - 기타,승용,남,24세,기타불명,승용,여,56세,경상
2020121000100201,2020년 12월 10일 13시,목요일,강원도 원주시 반곡동,경상사고,0,0,1,0,차대차 - 측면충돌,안전운전불이행,건조,맑음,단일로 - 기타,승용,남,34세,상해없음,원동기,남,23세,경상
2020121000100225,2020년 12월 10일 14시,목요일,강원도 원주시 태장동,중상사고,0,1,0,0,차대차 - 측면충돌,안전운전불이행,건조,맑음,단일로 - 기타,이륜,남,42세,중상,화물,남,61세,상해없음
2020121000100226,2020년 12월 10일 14시,목요일,강원도 원주시 문막읍,중상사고,0,2,3,0,차대차 - 추돌,신호위반,건조,맑음,교차로 - 교차로안,승용,여,61세,상해없음,승용,여,51세,중상
2020121000100314,2020년 12월 10일 17시,목요일,강원도 횡성군 강림면,중상사고,0,1,0,0,차대차 - 추돌,안전운전불이행,건조,흐림,미분류 - 미분류,화물,남,76세,기타불명,개인형이동수단(PM),남,79세,중상
2020121000100364,2020년 12월 10일 18시,목요일,강원도 춘천시 운교동,경상사고,0,0,1,0,차대사람 - 기타,안전운전불이행,건조,맑음,교차로 - 교차로안,승용,여,61세,상해없음,보행자,남,55세,경상
2020121000100535,2020년 12월 10일 23시,목요일,강원도 춘천시 소양로2가,경상사고,0,0,1,0,차대사람 - 길가장자리구역통행중,안전운전불이행,건조,맑음,교차로 - 교차로부근,승용,남,30세,상해없음,보행자,남,45세,경상
2020121100100017,2020년 12월 11일 02시,금요일,강원도 동해시 구호동,중상사고,0,1,0,0,차량단독 - 공작물충돌,안전운전불이행,건조,맑음,단일로 - 기타,승용,남,18세,상해없음,,,,
2020121100100078,2020년 12월 11일 08시,금요일,강원도 춘천시 교동,중상사고,0,1,0,0,차대사람 - 횡단중,보행자보호의무위반,건조,맑음,교차로 - 교차로횡단보도내,승용,남,28세,상해없음,보행자,여,45세,중상
2020121100100079,2020년 12월 11일 08시,금요일,강원도 원주시 소초면,경상사고,0,0,1,0,차대차 - 측면충돌,중앙선침범,건조,맑음,단일로 - 기타,화물,남,68세,상해없음,승용,남,68세,경상
2020121100100080,2020년 12월 11일 08시,금요일,강원도 원주시 흥업면,경상사고,0,0,1,0,차대차 - 기타,직진우회전진행방해,건조,맑음,교차로 - 교차로안,승합,남,61세,상해없음,승용,여,36세,경상
2020121100100112,2020년 12월 11일 10시,금요일,강원도 춘천시 소양로1가,중상사고,0,1,2,0,차대차 - 추돌,안전운전불이행,건조,맑음,교차로 - 교차로부근,화물,남,28세,상해없음,승용,여,31세,중상
2020121100100113,2020년 12월 11일 10시,금요일,강원도 홍천군 홍천읍,중상사고,0,1,2,0,차대차 - 측면충돌,안전거리미확보,건조,맑음,단일로 - 지하차도(도로)내,승용,여,55세,중상,화물,남,49세,경상
2020121100100136,2020년 12월 11일 11시,금요일,강원도 강릉시 홍제동,중상사고,0,1,1,0,차대차 - 측면충돌,안전운전불이행,건조,맑음,교차로 - 교차로안,승용,남,49세,상해없음,승합,남,59세,상해없음
2020121100100137,2020년 12월 11일 11시,금요일,강원도 원주시 무실동,중상사고,0,1,1,0,차대차 - 추돌,교차로운행방법위반,건조,맑음,교차로 - 교차로안,승용,남,67세,상해없음,승용,남,53세,경상
2020121100100173,2020년 12월 11일 12시,금요일,강원도 영월군 남면,중상사고,0,2,0,0,차대차 - 측면충돌,안전거리미확보,건조,맑음,단일로 - 고가도로위,건설기계,남,44세,중상,승용,남,27세,중상
2020121100100199,2020년 12월 11일 13시,금요일,강원도 원주시 흥업면,경상사고,0,0,3,0,차대차 - 추돌,안전거리미확보,건조,맑음,교차로 - 교차로부근,승용,여,63세,상해없음,승용,남,67세,경상
2020121100100280,2020년 12월 11일 15시,금요일,강원도 고성군 토성면,중상사고,0,2,3,0,차대차 - 측면충돌,중앙선침범,건조,맑음,교차로 - 교차로부근,승용,남,45세,경상,승용,남,38세,중상
2020121100100314,2020년 12월 11일 16시,금요일,강원도 강릉시 포남동,경상사고,0,0,1,0,차대사람 - 차도통행중,기타,건조,맑음,단일로 - 기타,승용,남,39세,상해없음,보행자,남,6세,경상
2020121100100315,2020년 12월 11일 16시,금요일,강원도 동해시 천곡동,경상사고,0,0,2,0,차대차 - 측면충돌,안전운전불이행,건조,맑음,단일로 - 기타,승용,여,42세,상해없음,승용,남,51세,경상
2020121100100352,2020년 12월 11일 17시,금요일,강원도 원주시 명륜동,경상사고,0,0,2,0,차대차 - 측면충돌,신호위반,건조,맑음,교차로 - 교차로안,승용,여,50세,상해없음,승용,남,23세,경상
2020121100100413,2020년 12월 11일 18시,금요일,강원도 홍천군 홍천읍,경상사고,0,0,1,0,차대사람 - 기타,안전운전불이행,건조,기타,교차로 - 교차로부근,승용,남,63세,상해없음,보행자,남,9세,경상
2020121100100472,2020년 12월 11일 19시,금요일,강원도 춘천시 효자동,경상사고,0,0,1,0,차대차 - 기타,중앙선침범,건조,맑음,교차로 - 교차로안,이륜,남,23세,상해없음,승용,여,37세,경상
2020121100100473,2020년 12월 11일 19시,금요일,강원도 춘천시 후평동,경상사고,0,0,2,0,차대사람 - 횡단중,보행자보호의무위반,건조,맑음,교차로 - 교차로횡단보도내,기타불명,기타불명,미분류,기타불명,보행자,여,15세,경상
2020121100100474,2020년 12월 11일 19시,금요일,강원도 춘천시 동내면,경상사고,0,0,1,0,차대차 - 추돌,안전운전불이행,건조,맑음,단일로 - 기타,승용,남,25세,상해없음,승용,남,28세,경상
2020121200100053,2020년 12월 12일 07시,토요일,강원도 춘천시 동내면,중상사고,0,1,3,0,차량단독 - 공작물충돌,안전운전불이행,서리/결빙,맑음,단일로 - 기타,화물,남,66세,상해없음,,,,
2020121200100074,2020년 12월 12일 09시,토요일,강원도 동해시 천곡동,경상사고,0,0,1,0,차대차 - 기타,직진우회전진행방해,건조,맑음,교차로 - 교차로안,승용,남,78세,상해없음,화물,남,51세,경상
2020121200100159,2020년 12월 12일 12시,토요일,강원도 속초시 교동,중상사고,0,1,0,0,차대차 - 측면충돌,차로위반,건조,맑음,단일로 - 고가도로위,승용,여,32세,상해없음,이륜,남,27세,중상
2020121200100200,2020년 12월 12일 13시,토요일,강원도 원주시 단계동,경상사고,0,0,1,0,차대차 - 추돌,안전거리미확보,건조,맑음,단일로 - 기타,승용,남,35세,상해없음,승용,남,35세,경상
2020121200100227,2020년 12월 12일 14시,토요일,강원도 동해시 천곡동,중상사고,0,1,0,0,차대사람 - 횡단중,안전운전불이행,건조,맑음,교차로 - 교차로안,승용,남,35세,상해없음,보행자,여,18세,중상
2020121200100228,2020년 12월 12일 14시,토요일,강원도 홍천군 내촌면,경상사고,0,0,4,2,차대차 - 추돌,기타,건조,맑음,단일로 - 기타,화물,남,68세,기타불명,승용,남,28세,경상
2020121200100256,2020년 12월 12일 15시,토요일,강원도 춘천시 신북읍,중상사고,0,1,1,0,차대차 - 기타,중앙선침범,건조,맑음,단일로 - 기타,승용,여,67세,상해없음,승용,여,23세,중상
2020121200100320,2020년 12월 12일 17시,토요일,강원도 춘천시 약사동,경상사고,0,0,1,0,차대사람 - 횡단중,안전운전불이행,건조,맑음,교차로 - 교차로횡단보도내,승용,여,47세,상해없음,보행자,남,23세,경상
2020121200100408,2020년 12월 12일 19시,토요일,강원도 원주시 일산동,경상사고,0,0,3,0,차대차 - 정면충돌,중앙선침범,건조,맑음,교차로 - 교차로부근,승용,남,25세,경상,승용,여,56세,경상
2020121200100409,2020년 12월 12일 19시,토요일,강원도 원주시 단계동,경상사고,0,0,1,0,차대차 - 기타,안전운전불이행,건조,맑음,단일로 - 기타,승용,여,52세,상해없음,이륜,남,24세,경상
2020121300100020,2020년 12월 13일 02시,일요일,강원도 춘천시 동면,경상사고,0,0,1,0,차대차 - 측면충돌,직진우회전진행방해,건조,맑음,교차로 - 교차로안,화물,남,71세,상해없음,승용,여,27세,경상
2020121300100031,2020년 12월 13일 04시,일요일,강원도 횡성군 횡성읍,경상사고,0,0,2,0,차대차 - 측면충돌,안전운전불이행,건조,기타,단일로 - 기타,화물,남,46세,상해없음,승용,여,52세,경상
2020121300100039,2020년 12월 13일 07시,일요일,강원도 원주시 단구동,경상사고,0,0,2,0,차대차 - 추돌,신호위반,건조,맑음,교차로 - 교차로안,승용,남,61세,상해없음,승용,여,41세,경상
2020121300100066,2020년 12월 13일 09시,일요일,강원도 춘천시 신북읍,경상사고,0,0,1,0,차대사람 - 길가장자리구역통행중,안전운전불이행,적설,눈,단일로 - 기타,화물,남,75세,상해없음,보행자,남,56세,경상
2020121300100067,2020년 12월 13일 09시,일요일,강원도 원주시 흥업면,경상사고,0,0,1,0,차대차 - 기타,안전운전불이행,적설,눈,교차로 - 교차로안,승용,남,65세,상해없음,화물,남,54세,상해없음
2020121300100068,2020년 12월 13일 09시,일요일,강원도 횡성군 횡성읍,부상신고사고,0,0,0,1,차대차 - 추돌,기타,적설,눈,교차로 - 교차로안,승용,남,58세,기타불명,승용,남,89세,부상신고
2020121300100080,2020년 12월 13일 10시,일요일,강원도 영월군 영월읍,경상사고,0,0,1,0,차대차 - 측면충돌,교차로운행방법위반,적설,눈,교차로 - 교차로안,승용,여,25세,상해없음,승용,남,56세,경상
2020121300100081,2020년 12월 13일 10시,일요일,강원도 영월군 영월읍,중상사고,0,1,0,0,차대차 - 측면충돌,안전운전불이행,서리/결빙,눈,단일로 - 고가도로위,승용,여,49세,상해없음,승용,남,46세,중상
2020121300100082,2020년 12월 13일 10시,일요일,강원도 평창군 대관령면,경상사고,0,0,1,0,차대차 - 기타,안전운전불이행,적설,눈,단일로 - 기타,승용,남,53세,상해없음,승용,남,26세,경상
2020121300100083,2020년 12월 13일 10시,일요일,강원도 정선군 정선읍,경상사고,0,0,1,0,차대차 - 기타,중앙선침범,적설,눈,교차로 - 교차로부근,승용,여,49세,상해없음,승용,남,51세,경상
2020121300100102,2020년 12월 13일 11시,일요일,강원도 원주시 지정면,경상사고,0,0,1,0,차대차 - 추돌,안전운전불이행,서리/결빙,눈,기타 - 기타,승용,남,35세,상해없음,화물,남,52세,경상
2020121300100103,2020년 12월 13일 11시,일요일,강원도 태백시 황지동,경상사고,0,0,2,0,차대차 - 측면충돌,안전운전불이행,적설,눈,단일로 - 기타,승용,남,55세,기타불명,승용,남,26세,경상
2020121300100104,2020년 12월 13일 11시,일요일,강원도 고성군 거진읍,중상사고,0,1,0,0,차대차 - 정면충돌,중앙선침범,건조,맑음,교차로 - 교차로안,화물,남,65세,중상,승용,남,59세,기타불명
2020121300100105,2020년 12월 13일 11시,일요일,강원도 동해시 발한동,경상사고,0,0,1,0,차대차 - 후진중충돌,안전운전불이행,건조,맑음,단일로 - 기타,화물,남,53세,상해없음,이륜,남,78세,경상
2020121300100126,2020년 12월 13일 12시,일요일,강원도 원주시 신림면,경상사고,0,0,1,0,차대차 - 측면충돌,안전운전불이행,서리/결빙,맑음,단일로 - 기타,승용,남,54세,상해없음,승용,남,49세,상해없음
2020121300100127,2020년 12월 13일 12시,일요일,강원도 횡성군 둔내면,중상사고,0,1,0,0,차대차 - 정면충돌,중앙선침범,적설,눈,단일로 - 기타,승합,남,61세,기타불명,승용,남,53세,중상
2020121300100128,2020년 12월 13일 12시,일요일,강원도 인제군 남면,경상사고,0,0,1,0,차대차 - 추돌,안전운전불이행,젖음/습기,흐림,단일로 - 기타,승용,남,59세,상해없음,승합,남,68세,경상
2020121300100143,2020년 12월 13일 13시,일요일,강원도 춘천시 동면,부상신고사고,0,0,0,1,차량단독 - 기타,안전운전불이행,적설,눈,교차로 - 교차로안,승용,남,38세,상해없음,,,,
2020121300100144,2020년 12월 13일 13시,일요일,강원도 춘천시 후평동,경상사고,0,0,1,0,차대사람 - 기타,안전운전불이행,서리/결빙,눈,단일로 - 기타,기타불명,기타불명,미분류,기타불명,보행자,여,18세,경상
2020121300100173,2020년 12월 13일 14시,일요일,강원도 강릉시 교동,중상사고,0,1,0,0,차대차 - 측면충돌,안전운전불이행,젖음/습기,비,교차로 - 교차로안,승용,여,38세,상해없음,원동기,남,50세,중상
2020121300100245,2020년 12월 13일 17시,일요일,강원도 태백시 황지동,경상사고,0,0,1,0,차대차 - 측면충돌,안전운전불이행,적설,눈,단일로 - 기타,승용,남,36세,상해없음,승용,남,31세,경상
2020121300100246,2020년 12월 13일 17시,일요일,강원도 횡성군 청일면,경상사고,0,0,2,0,차대차 - 측면충돌,안전운전불이행,젖음/습기,흐림,교차로 - 교차로안,농기계,남,73세,상해없음,승용,남,45세,경상
2020121300100277,2020년 12월 13일 18시,일요일,강원도 강릉시 유천동,경상사고,0,0,2,0,차대차 - 추돌,안전운전불이행,서리/결빙,흐림,단일로 - 기타,승용,여,29세,상해없음,승용,남,28세,경상
2020121300100278,2020년 12월 13일 18시,일요일,강원도 태백시 화전동,경상사고,0,0,1,0,차대차 - 추돌,교차로운행방법위반,서리/결빙,눈,교차로 - 교차로부근,승용,남,60세,상해없음,승용,남,50세,상해없음
2020121300100313,2020년 12월 13일 19시,일요일,강원도 태백시 화전동,경상사고,0,0,3,0,차대차 - 추돌,안전운전불이행,적설,눈,단일로 - 기타,승용,남,72세,상해없음,승용,여,56세,경상
2020121300100314,2020년 12월 13일 19시,일요일,강원도 철원군 동송읍,경상사고,0,0,1,0,차대차 - 측면충돌,안전운전불이행,적설,흐림,교차로 - 교차로부근,이륜,남,19세,경상,승용,남,34세,상해없음
2020121400100001,2020년 12월 14일 00시,월요일,강원도 춘천시 효자동,경상사고,0,0,1,1,차대차 - 추돌,안전운전불이행,젖음/습기,맑음,교차로 - 교차로안,승용,여,51세,부상신고,승용,남,41세,경상
2020121400100002,2020년 12월 14일 00시,월요일,강원도 강릉시 임당동,경상사고,0,0,2,0,차대차 - 기타,신호위반,건조,맑음,교차로 - 교차로안,승용,남,20세,상해없음,승용,남,68세,상해없음
2020121400100140,2020년 12월 14일 10시,월요일,강원도 원주시 태장동,경상사고,0,0,2,0,차대차 - 추돌,안전운전불이행,건조,맑음,단일로 - 기타,승용,남,66세,상해없음,화물,남,53세,경상
2020121400100193,2020년 12월 14일 12시,월요일,강원도 인제군 북면,사망사고,1,0,2,1,차대차 - 정면충돌,안전운전불이행,건조,맑음,교차로 - 교차로부근,화물,남,53세,사망,승용,남,68세,기타불명
2020121400100295,2020년 12월 14일 15시,월요일,강원도 강릉시 임당동,경상사고,0,0,1,0,차대차 - 기타,안전운전불이행,건조,맑음,교차로 - 교차로안,승용,남,66세,상해없음,화물,남,43세,경상
2020121400100296,2020년 12월 14일 15시,월요일,강원도 동해시 천곡동,경상사고,0,0,1,0,차대차 - 측면충돌,직진우회전진행방해,건조,흐림,교차로 - 교차로안,승용,남,58세,상해없음,승용,남,48세,경상
2020121400100364,2020년 12월 14일 17시,월요일,강원도 원주시 지정면,경상사고,0,0,1,0,차대차 - 후진중충돌,안전운전불이행,건조,맑음,단일로 - 기타,화물,남,34세,기타불명,승용,여,43세,경상
2020121400100413,2020년 12월 14일 18시,월요일,강원도 춘천시 석사동,경상사고,0,0,3,0,차대차 - 기타,기타,건조,맑음,교차로 - 교차로횡단보도내,승용,남,57세,상해없음,승용,남,36세,경상
2020121400100414,2020년 12월 14일 18시,월요일,강원도 원주시 관설동,경상사고,0,0,1,0,차대차 - 추돌,안전거리미확보,건조,맑음,단일로 - 기타,승용,남,25세,상해없음,승용,여,23세,경상
2020121400100496,2020년 12월 14일 20시,월요일,강원도 원주시 지정면,경상사고,0,0,1,0,차대차 - 추돌,안전운전불이행,건조,맑음,교차로 - 교차로부근,승용,남,31세,상해없음,승용,남,41세,경상
2020121500100002,2020년 12월 15일 00시,화요일,강원도 평창군 봉평면,중상사고,0,1,1,0,차대차 - 측면충돌,안전운전불이행,적설,눈,단일로 - 기타,승용,남,24세,상해없음,승용,남,30세,중상
2020121500100113,2020년 12월 15일 10시,화요일,강원도 양양군 강현면,경상사고,0,0,1,0,차대차 - 추돌,안전거리미확보,건조,맑음,단일로 - 고가도로위,승합,남,50세,상해없음,화물,남,43세,경상
2020121500100114,2020년 12월 15일 10시,화요일,강원도 고성군 간성읍,중상사고,0,1,0,0,차대사람 - 횡단중,안전운전불이행,건조,맑음,단일로 - 기타,승용,여,45세,상해없음,보행자,남,70세,중상
2020121500100175,2020년 12월 15일 12시,화요일,강원도 양양군 서면,경상사고,0,0,1,0,차대차 - 측면충돌,안전운전불이행,건조,맑음,교차로 - 교차로부근,승용,여,67세,상해없음,건설기계,남,39세,경상
2020121500100205,2020년 12월 15일 13시,화요일,강원도 원주시 단계동,경상사고,0,0,1,0,차대차 - 기타,안전운전불이행,서리/결빙,맑음,단일로 - 기타,승용,여,56세,상해없음,이륜,남,46세,경상
2020121500100236,2020년 12월 15일 14시,화요일,강원도 원주시 태장동,중상사고,0,1,0,0,차대차 - 추돌,안전거리미확보,건조,맑음,단일로 - 기타,승용,남,20세,상해없음,승용,여,37세,중상
2020121500100317,2020년 12월 15일 16시,화요일,강원도 원주시 단구동,중상사고,0,1,0,0,차대사람 - 횡단중,보행자보호의무위반,건조,맑음,교차로 - 교차로부근,승용,여,59세,상해없음,보행자,여,60세,중상
2020121500100400,2020년 12월 15일 18시,화요일,강원도 원주시 단계동,경상사고,0,0,1,0,차대차 - 측면충돌,안전운전불이행,서리/결빙,흐림,교차로 - 교차로안,승용,남,55세,상해없음,원동기,남,42세,경상
2020121500100533,2020년 12월 15일 21시,화요일,강원도 강릉시 교동,경상사고,0,0,1,0,차대차 - 측면충돌,안전운전불이행,건조,맑음,단일로 - 기타,화물,남,61세,상해없음,승용,남,53세,경상
2020121500100551,2020년 12월 15일 22시,화요일,강원도 원주시 단계동,경상사고,0,0,1,0,차대차 - 측면충돌,신호위반,서리/결빙,맑음,교차로 - 교차로안,승용,남,47세,상해없음,승용,남,22세,경상
2020121500100552,2020년 12월 15일 22시,화요일,강원도 속초시 조양동,경상사고,0,0,1,0,차대차 - 측면충돌,안전운전불이행,건조,맑음,교차로 - 교차로부근,승용,남,55세,상해없음,이륜,남,23세,경상
2020121600100074,2020년 12월 16일 08시,수요일,강원도 춘천시 온의동,경상사고,0,0,1,0,차대사람 - 횡단중,보행자보호의무위반,서리/결빙,맑음,단일로 - 기타,승용,남,34세,상해없음,보행자,남,41세,경상
2020121600100075,2020년 12월 16일 08시,수요일,강원도 속초시 교동,중상사고,0,1,2,0,차대차 - 측면충돌,신호위반,건조,맑음,교차로 - 교차로안,승용,남,75세,상해없음,화물,남,33세,경상
2020121600100113,2020년 12월 16일 09시,수요일,강원도 춘천시 석사동,경상사고,0,0,1,0,차대사람 - 기타,안전운전불이행,건조,맑음,교차로 - 교차로안,승용,남,62세,상해없음,보행자,여,44세,경상