사고번호,사고일시,요일,시군구,사고내용,사망자수,중상자수,경상자수,부상신고자수,사고유형,법규위반,노면상태,기상상태,도로형태,가해운전자 차종,가해운전자 성별,가해운전자 연령,가해운전자 상해정도,피해운전자 차종,피해운전자 성별,피해운전자 연령,피해운전자 상해정도
2020121600100155,2020년 12월 16일 11시,수요일,강원도 삼척시 원덕읍,경상사고,0,0,1,0,차대차 - 추돌,안전운전불이행,기타,맑음,교차로 - 교차로부근,승용,여,56세,상해없음,승용,여,55세,경상
2020121600100243,2020년 12월 16일 14시,수요일,강원도 춘천시 신북읍,경상사고,0,0,2,0,차대차 - 추돌,안전운전불이행,건조,맑음,단일로 - 기타,승용,남,56세,상해없음,승용,여,52세,경상
2020121600100244,2020년 12월 16일 14시,수요일,강원도 원주시 봉산동,경상사고,0,0,1,0,차대차 - 기타,안전운전불이행,건조,맑음,기타 - 기타,승용,남,54세,상해없음,이륜,남,40세,경상
2020121600100245,2020년 12월 16일 14시,수요일,강원도 양구군 동면,경상사고,0,0,3,0,차대차 - 측면충돌,중앙선침범,건조,맑음,단일로 - 기타,승용,남,68세,상해없음,승용,남,46세,경상
2020121600100246,2020년 12월 16일 14시,수요일,강원도 동해시 천곡동,경상사고,0,0,1,0,차대사람 - 횡단중,보행자보호의무위반,건조,맑음,단일로 - 기타,승용,여,35세,상해없음,보행자,여,69세,경상
2020121600100279,2020년 12월 16일 15시,수요일,강원도 춘천시 소양로2가,경상사고,0,0,1,0,차대차 - 측면충돌,안전운전불이행,건조,맑음,교차로 - 교차로부근,건설기계,남,41세,상해없음,승용,여,38세,경상
2020121600100340,2020년 12월 16일 17시,수요일,강원도 원주시 소초면,경상사고,0,0,2,0,차대차 - 추돌,안전거리미확보,건조,맑음,단일로 - 교량,승용,여,23세,상해없음,승용,여,40세,경상
2020121600100341,2020년 12월 16일 17시,수요일,강원도 태백시 황지동,경상사고,0,0,1,0,차대차 - 측면충돌,안전운전불이행,건조,맑음,교차로 - 교차로부근,승용,여,55세,상해없음,화물,여,40세,경상
2020121600100342,2020년 12월 16일 17시,수요일,강원도 동해시 동회동,경상사고,0,0,1,0,차대사람 - 기타,안전운전불이행,건조,맑음,주차장 - 주차장,화물,남,66세,상해없음,보행자,남,53세,경상
2020121600100397,2020년 12월 16일 18시,수요일,강원도 속초시 조양동,중상사고,0,1,0,0,차대차 - 측면충돌,중앙선침범,건조,맑음,교차로 - 교차로부근,승용,남,29세,상해없음,이륜,남,35세,중상
2020121600100486,2020년 12월 16일 20시,수요일,강원도 속초시 청학동,경상사고,0,0,1,0,차대차 - 측면충돌,차로위반,건조,흐림,단일로 - 지하차도(도로)내,승용,남,66세,상해없음,승용,여,39세,경상
2020121700100005,2020년 12월 17일 00시,목요일,강원도 원주시 우산동,중상사고,0,1,0,0,차대차 - 추돌,직진우회전진행방해,건조,맑음,교차로 - 교차로안,승용,남,57세,상해없음,승용,남,59세,중상
2020121700100006,2020년 12월 17일 00시,목요일,강원도 속초시 교동,경상사고,0,0,1,0,차대차 - 측면충돌,교차로운행방법위반,건조,맑음,교차로 - 교차로안,승용,남,60세,상해없음,이륜,남,26세,경상
2020121700100028,2020년 12월 17일 06시,목요일,강원도 동해시 초구동,중상사고,0,1,2,0,차대차 - 기타,중앙선침범,건조,맑음,단일로 - 기타,승용,남,25세,상해없음,화물,남,75세,상해없음
2020121700100049,2020년 12월 17일 07시,목요일,강원도 춘천시 우두동,경상사고,0,0,1,0,차대차 - 추돌,안전거리미확보,건조,맑음,단일로 - 기타,화물,남,63세,상해없음,승용,남,35세,경상
2020121700100084,2020년 12월 17일 08시,목요일,강원도 화천군 화천읍,사망사고,1,1,1,0,차대차 - 측면충돌,안전운전불이행,건조,맑음,교차로 - 교차로안,승용,여,38세,중상,건설기계,남,32세,경상
2020121700100194,2020년 12월 17일 11시,목요일,강원도 원주시 일산동,경상사고,0,0,1,0,차대차 - 측면충돌,안전운전불이행,건조,맑음,교차로 - 교차로안,승용,남,60세,상해없음,원동기,남,34세,경상
2020121700100224,2020년 12월 17일 12시,목요일,강원도 홍천군 홍천읍,경상사고,0,0,1,0,차대차 - 정면충돌,직진우회전진행방해,서리/결빙,맑음,교차로 - 교차로안,승용,여,42세,상해없음,승용,남,73세,상해없음
2020121700100265,2020년 12월 17일 13시,목요일,강원도 태백시 황지동,중상사고,0,1,0,0,차대사람 - 횡단중,신호위반,건조,맑음,교차로 - 교차로횡단보도내,승용,여,75세,상해없음,보행자,남,71세,중상
2020121700100266,2020년 12월 17일 13시,목요일,강원도 횡성군 공근면,경상사고,0,0,2,1,차대차 - 측면충돌,안전운전불이행,건조,맑음,단일로 - 기타,승용,남,73세,부상신고,기타불명,남,19세,경상
2020121700100292,2020년 12월 17일 14시,목요일,강원도 춘천시 퇴계동,경상사고,0,0,2,0,차대차 - 측면충돌,안전거리미확보,건조,맑음,단일로 - 기타,승용,남,66세,상해없음,승용,남,34세,경상
2020121700100357,2020년 12월 17일 16시,목요일,강원도 춘천시 후평동,경상사고,0,0,1,0,차대차 - 후진중충돌,안전운전불이행,건조,맑음,단일로 - 기타,승합,남,42세,상해없음,승용,남,25세,경상
2020121700100358,2020년 12월 17일 16시,목요일,강원도 원주시 호저면,경상사고,0,0,1,0,차대차 - 정면충돌,기타,건조,맑음,단일로 - 기타,승용,남,50세,상해없음,자전거,남,91세,경상
2020121700100516,2020년 12월 17일 20시,목요일,강원도 원주시 태장동,경상사고,0,0,1,0,차대차 - 기타,안전거리미확보,건조,맑음,단일로 - 기타,승용,남,35세,상해없음,이륜,남,25세,경상
2020121700100592,2020년 12월 17일 23시,목요일,강원도 삼척시 교동,경상사고,0,0,1,0,차대차 - 정면충돌,안전운전불이행,건조,맑음,단일로 - 기타,승용,남,50세,상해없음,승용,남,57세,경상
2020121800100091,2020년 12월 18일 08시,금요일,강원도 춘천시 후평동,경상사고,0,0,1,1,차대차 - 정면충돌,신호위반,건조,맑음,교차로 - 교차로안,승용,여,29세,부상신고,승용,남,52세,경상
2020121800100134,2020년 12월 18일 10시,금요일,강원도 강릉시 옥천동,경상사고,0,0,1,0,차대사람 - 횡단중,보행자보호의무위반,건조,맑음,교차로 - 교차로횡단보도내,화물,남,49세,상해없음,보행자,여,51세,경상
2020121800100135,2020년 12월 18일 10시,금요일,강원도 삼척시 미로면,사망사고,1,0,0,0,차대차 - 추돌,안전운전불이행,건조,맑음,단일로 - 교량,건설기계,남,49세,상해없음,화물,남,64세,사망
2020121800100173,2020년 12월 18일 11시,금요일,강원도 횡성군 안흥면,사망사고,1,2,0,0,차대차 - 정면충돌,중앙선침범,젖음/습기,맑음,단일로 - 기타,승용,남,56세,사망,승용,남,36세,중상
2020121800100198,2020년 12월 18일 12시,금요일,강원도 원주시 명륜동,중상사고,0,1,1,0,차대차 - 측면충돌,안전운전불이행,건조,맑음,교차로 - 교차로안,승용,남,55세,상해없음,승합,여,37세,중상
2020121800100199,2020년 12월 18일 12시,금요일,강원도 원주시 판부면,사망사고,1,1,0,0,차량단독 - 공작물충돌,안전운전불이행,서리/결빙,흐림,단일로 - 기타,화물,남,61세,사망,,,,
2020121800100258,2020년 12월 18일 14시,금요일,강원도 원주시 관설동,경상사고,0,0,1,0,차대사람 - 횡단중,안전운전불이행,건조,맑음,교차로 - 교차로횡단보도내,승용,여,28세,상해없음,보행자,여,10세,경상
2020121800100259,2020년 12월 18일 14시,금요일,강원도 원주시 학성동,경상사고,0,0,1,0,차대차 - 후진중충돌,안전운전불이행,건조,맑음,교차로 - 교차로부근,승용,남,56세,상해없음,승용,여,37세,경상
2020121800100260,2020년 12월 18일 14시,금요일,강원도 태백시 황지동,중상사고,0,1,0,0,차대사람 - 횡단중,보행자보호의무위반,젖음/습기,맑음,단일로 - 기타,화물,남,54세,상해없음,보행자,남,67세,중상
2020121800100261,2020년 12월 18일 14시,금요일,강원도 철원군 김화읍,경상사고,0,0,1,0,차대차 - 정면충돌,중앙선침범,건조,맑음,단일로 - 기타,승용,여,62세,상해없음,승용,여,36세,경상
2020121800100346,2020년 12월 18일 16시,금요일,강원도 원주시 학성동,중상사고,0,2,0,0,차대차 - 정면충돌,안전운전불이행,건조,맑음,단일로 - 기타,승용,남,72세,상해없음,승용,여,43세,중상
2020121800100395,2020년 12월 18일 17시,금요일,강원도 강릉시 입암동,경상사고,0,0,1,0,차대차 - 측면충돌,중앙선침범,건조,맑음,단일로 - 기타,승용,남,66세,상해없음,승용,남,36세,경상
2020121800100396,2020년 12월 18일 17시,금요일,강원도 태백시 황지동,경상사고,0,0,1,0,차대차 - 측면충돌,신호위반,건조,흐림,교차로 - 교차로안,승용,남,55세,상해없음,승용,남,64세,경상
2020121800100469,2020년 12월 18일 18시,금요일,강원도 춘천시 서면,경상사고,0,0,2,0,차대차 - 측면충돌,교차로운행방법위반,건조,맑음,교차로 - 교차로안,승용,남,67세,상해없음,승용,남,26세,경상
2020121800100470,2020년 12월 18일 18시,금요일,강원도 강릉시 노암동,중상사고,0,1,0,0,차대사람 - 차도통행중,안전운전불이행,건조,맑음,단일로 - 기타,승용,남,38세,상해없음,보행자,남,80세,중상
2020121800100471,2020년 12월 18일 18시,금요일,강원도 횡성군 횡성읍,경상사고,0,0,3,0,차대차 - 측면충돌,안전운전불이행,건조,맑음,단일로 - 기타,승용,남,48세,경상,승용,여,56세,경상
2020121800100531,2020년 12월 18일 19시,금요일,강원도 춘천시 효자동,경상사고,0,0,1,0,차대차 - 기타,안전운전불이행,건조,맑음,단일로 - 기타,승용,남,44세,기타불명,승용,남,57세,상해없음
2020121800100532,2020년 12월 18일 19시,금요일,강원도 원주시 태장동,중상사고,0,1,0,0,차대차 - 기타,불법유턴,건조,기타,기타 - 기타,승용,남,63세,상해없음,이륜,남,41세,중상
2020121800100533,2020년 12월 18일 19시,금요일,강원도 원주시 관설동,부상신고사고,0,0,0,1,차대차 - 기타,교차로운행방법위반,젖음/습기,흐림,교차로 - 교차로안,기타불명,기타불명,미분류,기타불명,이륜,남,29세,부상신고
2020121800100582,2020년 12월 18일 20시,금요일,강원도 원주시 반곡동,경상사고,0,0,1,0,차대차 - 정면충돌,기타,건조,맑음,교차로 - 교차로안,승용,남,63세,상해없음,승용,여,56세,경상
2020121900100040,2020년 12월 19일 06시,토요일,강원도 강릉시 저동,경상사고,0,0,1,0,차대차 - 측면충돌,중앙선침범,건조,맑음,단일로 - 기타,건설기계,남,60세,상해없음,승용,남,41세,경상
2020121900100054,2020년 12월 19일 07시,토요일,강원도 춘천시 동산면,사망사고,1,0,0,0,차량단독 - 공작물충돌,안전운전불이행,건조,맑음,단일로 - 기타,화물,남,51세,사망,,,,
2020121900100129,2020년 12월 19일 11시,토요일,강원도 춘천시 퇴계동,경상사고,0,0,1,0,차대차 - 기타,안전운전불이행,건조,맑음,교차로 - 교차로안,화물,남,59세,상해없음,이륜,남,26세,경상
2020121900100130,2020년 12월 19일 11시,토요일,강원도 원주시 태장동,경상사고,0,0,2,0,차대차 - 측면충돌,안전운전불이행,건조,맑음,교차로 - 교차로안,승용,여,61세,상해없음,승용,남,25세,경상
2020121900100131,2020년 12월 19일 11시,토요일,강원도 횡성군 횡성읍,중상사고,0,1,0,0,차대사람 - 횡단중,안전운전불이행,건조,맑음,교차로 - 교차로안,화물,남,62세,상해없음,보행자,여,77세,중상
2020121900100160,2020년 12월 19일 12시,토요일,강원도 춘천시 석사동,경상사고,0,0,4,0,차대차 - 기타,차로위반,건조,맑음,단일로 - 기타,승용,남,55세,상해없음,승용,남,40세,경상
2020121900100198,2020년 12월 19일 13시,토요일,강원도 강릉시 성남동,경상사고,0,0,1,0,차대차 - 측면충돌,안전운전불이행,건조,맑음,교차로 - 교차로안,승용,남,28세,상해없음,승용,여,60세,경상
2020121900100199,2020년 12월 19일 13시,토요일,강원도 원주시 무실동,중상사고,0,1,0,0,차대차 - 측면충돌,안전운전불이행,건조,맑음,단일로 - 기타,승용,남,23세,기타불명,이륜,남,45세,중상
2020121900100228,2020년 12월 19일 14시,토요일,강원도 춘천시 퇴계동,경상사고,0,0,1,0,차대사람 - 보도통행중,신호위반,건조,맑음,교차로 - 교차로안,이륜,남,19세,상해없음,보행자,여,63세,경상
2020121900100229,2020년 12월 19일 14시,토요일,강원도 원주시 문막읍,경상사고,0,0,1,0,차대차 - 기타,직진우회전진행방해,건조,맑음,교차로 - 교차로안,승용,남,36세,상해없음,승용,여,44세,경상
2020121900100338,2020년 12월 19일 17시,토요일,강원도 춘천시 효자동,경상사고,0,0,1,0,차대차 - 정면충돌,신호위반,건조,맑음,교차로 - 교차로안,승용,남,23세,상해없음,이륜,남,43세,경상
2020121900100384,2020년 12월 19일 18시,토요일,강원도 원주시 무실동,경상사고,0,0,2,0,차대차 - 기타,안전운전불이행,건조,맑음,단일로 - 기타,승용,남,20세,상해없음,승용,남,29세,상해없음
2020121900100385,2020년 12월 19일 18시,토요일,강원도 원주시 명륜동,중상사고,0,1,0,0,차대차 - 측면충돌,안전운전불이행,건조,맑음,단일로 - 기타,승용,남,45세,상해없음,이륜,남,33세,중상
2020121900100386,2020년 12월 19일 18시,토요일,강원도 홍천군 동면,중상사고,0,1,1,0,차량단독 - 전도전복 - 전도,안전운전불이행,적설,흐림,단일로 - 기타,승용,남,66세,중상,,,,
2020121900100453,2020년 12월 19일 19시,토요일,강원도 원주시 우산동,중상사고,0,1,3,0,차대차 - 측면충돌,신호위반,건조,맑음,교차로 - 교차로안,승용,남,69세,상해없음,승용,여,37세,경상
2020121900100489,2020년 12월 19일 20시,토요일,강원도 원주시 단구동,경상사고,0,0,2,0,차대차 - 추돌,안전운전불이행,건조,맑음,교차로 - 교차로부근,승용,남,48세,상해없음,승용,남,53세,경상
2020121900100531,2020년 12월 19일 21시,토요일,강원도 원주시 개운동,경상사고,0,0,1,0,차대차 - 추돌,안전거리미확보,건조,맑음,단일로 - 기타,승용,남,49세,상해없음,승용,여,57세,경상
2020122000100042,2020년 12월 20일 09시,일요일,강원도 춘천시 후평동,중상사고,0,1,1,0,차대차 - 추돌,안전운전불이행,젖음/습기,맑음,교차로 - 교차로부근,승용,여,30세,경상,승용,남,58세,중상
2020122000100067,2020년 12월 20일 11시,일요일,강원도 강릉시 청량동,중상사고,0,1,0,0,차대차 - 측면충돌,안전운전불이행,건조,맑음,교차로 - 교차로안,원동기,남,76세,상해없음,승용,남,19세,상해없음
2020122000100068,2020년 12월 20일 11시,일요일,강원도 태백시 장성동,경상사고,0,0,1,0,차대차 - 측면충돌,안전운전불이행,건조,맑음,교차로 - 교차로안,승용,남,61세,상해없음,승용,남,61세,경상
2020122000100084,2020년 12월 20일 12시,일요일,강원도 원주시 단계동,경상사고,0,0,1,0,차대차 - 추돌,안전운전불이행,건조,맑음,단일로 - 기타,승용,여,61세,상해없음,승용,남,38세,경상
2020122000100114,2020년 12월 20일 13시,일요일,강원도 원주시 가현동,경상사고,0,0,1,0,차대차 - 측면충돌,기타,건조,맑음,교차로 - 교차로안,화물,남,54세,상해없음,승용,여,47세,경상
2020122000100188,2020년 12월 20일 16시,일요일,강원도 춘천시 석사동,중상사고,0,1,0,0,차대차 - 측면충돌,안전운전불이행,건조,맑음,단일로 - 기타,화물,남,66세,상해없음,이륜,남,23세,중상
2020122000100205,2020년 12월 20일 17시,일요일,강원도 횡성군 횡성읍,경상사고,0,0,2,0,차대차 - 측면충돌,직진우회전진행방해,건조,맑음,교차로 - 교차로안,화물,남,67세,상해없음,화물,남,56세,경상
2020122000100298,2020년 12월 20일 20시,일요일,강원도 원주시 지정면,중상사고,0,1,0,0,차대차 - 측면충돌,안전운전불이행,건조,맑음,단일로 - 기타,승용,남,34세,상해없음,이륜,남,33세,중상
2020122000100299,2020년 12월 20일 20시,일요일,강원도 양양군 손양면,경상사고,0,0,2,0,차대차 - 추돌,안전운전불이행,건조,맑음,교차로 - 교차로부근,승용,남,64세,상해없음,화물,남,67세,경상
2020122100100011,2020년 12월 21일 01시,월요일,강원도 속초시 조양동,경상사고,0,0,1,0,차대사람 - 차도통행중,안전운전불이행,건조,맑음,교차로 - 교차로안,승용,여,60세,상해없음,보행자,남,18세,경상
2020122100100158,2020년 12월 21일 10시,월요일,강원도 춘천시 석사동,중상사고,0,1,0,0,차대사람 - 보도통행중,보행자보호의무위반,건조,맑음,교차로 - 교차로횡단보도내,승용,남,62세,상해없음,보행자,여,75세,중상
2020122100100159,2020년 12월 21일 10시,월요일,강원도 원주시 행구동,경상사고,0,0,1,0,차대차 - 측면충돌,안전운전불이행,건조,맑음,교차로 - 교차로안,승용,여,68세,상해없음,화물,남,37세,경상
2020122100100160,2020년 12월 21일 10시,월요일,강원도 원주시 명륜동,경상사고,0,0,1,0,차대차 - 측면충돌,안전거리미확보,건조,맑음,교차로 - 교차로부근,승용,남,67세,상해없음,승용,남,71세,경상
2020122100100198,2020년 12월 21일 11시,월요일,강원도 원주시 단계동,경상사고,0,0,2,0,차대차 - 추돌,안전거리미확보,건조,맑음,단일로 - 기타,화물,남,69세,경상,승용,여,51세,경상
2020122100100266,2020년 12월 21일 13시,월요일,강원도 원주시 호저면,경상사고,0,0,1,0,차대차 - 측면충돌,중앙선침범,건조,맑음,기타 - 기타,화물,남,60세,상해없음,승용,남,30세,경상
2020122100100267,2020년 12월 21일 13시,월요일,강원도 고성군 거진읍,경상사고,0,0,1,0,차대차 - 후진중충돌,안전운전불이행,건조,맑음,단일로 - 기타,화물,남,59세,상해없음,승용,여,60세,경상
2020122100100331,2020년 12월 21일 15시,월요일,강원도 고성군 토성면,경상사고,0,0,4,0,차대차 - 추돌,안전운전불이행,건조,맑음,기타 - 기타,화물,남,53세,상해없음,승용,남,62세,경상
2020122100100413,2020년 12월 21일 17시,월요일,강원도 춘천시 서면,경상사고,0,0,1,0,차대차 - 추돌,안전운전불이행,건조,흐림,단일로 - 기타,승용,남,61세,상해없음,승용,여,44세,경상
2020122100100465,2020년 12월 21일 18시,월요일,강원도 동해시 동회동,중상사고,0,1,0,0,차대차 - 측면충돌,안전운전불이행,건조,맑음,단일로 - 기타,이륜,남,41세,중상,승용,여,22세,상해없음
2020122100100522,2020년 12월 21일 19시,월요일,강원도 춘천시 근화동,사망사고,1,0,0,0,차대사람 - 횡단중,신호위반,건조,맑음,단일로 - 기타,승합,남,52세,상해없음,보행자,여,27세,사망
2020122100100572,2020년 12월 21일 20시,월요일,강원도 인제군 기린면,경상사고,0,0,1,1,차대차 - 측면충돌,기타,건조,맑음,교차로 - 교차로안,승용,남,42세,상해없음,승용,여,58세,부상신고
2020122200100023,2020년 12월 22일 05시,화요일,강원도 원주시 일산동,중상사고,0,1,0,0,차대사람 - 횡단중,보행자보호의무위반,젖음/습기,흐림,교차로 - 교차로안,화물,남,39세,상해없음,보행자,여,52세,중상
2020122200100024,2020년 12월 22일 05시,화요일,강원도 양구군 해안면,중상사고,0,1,0,0,차대사람 - 기타,안전운전불이행,건조,흐림,기타 - 기타,승용,여,47세,상해없음,보행자,여,81세,중상
2020122200100037,2020년 12월 22일 06시,화요일,강원도 삼척시 도계읍,중상사고,0,1,0,0,차대사람 - 차도통행중,안전운전불이행,기타,맑음,교차로 - 교차로안,화물,남,48세,상해없음,보행자,여,64세,중상
2020122200100057,2020년 12월 22일 07시,화요일,강원도 평창군 평창읍,경상사고,0,0,1,0,차대차 - 추돌,안전운전불이행,서리/결빙,흐림,단일로 - 기타,화물,남,63세,상해없음,승용,남,55세,경상
2020122200100166,2020년 12월 22일 11시,화요일,강원도 속초시 동명동,경상사고,0,0,3,0,차대차 - 측면충돌,안전운전불이행,건조,맑음,교차로 - 교차로안,화물,남,57세,상해없음,승용,남,36세,경상
2020122200100167,2020년 12월 22일 11시,화요일,강원도 양양군 서면,경상사고,0,0,1,0,차대차 - 측면충돌,안전운전불이행,건조,맑음,교차로 - 교차로안,화물,남,50세,상해없음,승용,남,75세,경상
2020122200100201,2020년 12월 22일 12시,화요일,강원도 춘천시 효자동,경상사고,0,0,1,0,차대차 - 기타,차로위반,건조,맑음,교차로 - 교차로부근,승용,여,33세,상해없음,이륜,남,33세,경상
2020122200100232,2020년 12월 22일 13시,화요일,강원도 홍천군 홍천읍,경상사고,0,0,2,0,차대차 - 추돌,안전거리미확보,건조,맑음,단일로 - 지하차도(도로)내,원동기,남,22세,경상,승용,여,29세,경상
2020122200100252,2020년 12월 22일 14시,화요일,강원도 원주시 호저면,경상사고,0,0,1,0,차대차 - 측면충돌,교차로운행방법위반,건조,맑음,교차로 - 교차로안,승용,여,41세,상해없음,화물,남,62세,경상
2020122200100253,2020년 12월 22일 14시,화요일,강원도 속초시 동명동,경상사고,0,0,1,0,차대차 - 측면충돌,안전운전불이행,건조,맑음,교차로 - 교차로부근,승용,남,55세,상해없음,이륜,남,35세,경상
2020122200100363,2020년 12월 22일 17시,화요일,강원도 원주시 단계동,경상사고,0,0,1,0,차대차 - 후진중충돌,기타,건조,맑음,주차장 - 주차장,화물,여,31세,상해없음,승용,남,31세,경상
2020122200100399,2020년 12월 22일 18시,화요일,강원도 원주시 호저면,경상사고,0,0,1,0,차대차 - 측면충돌,안전운전불이행,건조,맑음,교차로 - 교차로안,승용,남,36세,상해없음,승용,남,28세,경상
2020122200100400,2020년 12월 22일 18시,화요일,강원도 원주시 단구동,경상사고,0,0,1,0,차대사람 - 차도통행중,안전운전불이행,건조,기타,교차로 - 교차로안,승용,여,41세,상해없음,보행자,여,68세,경상
2020122200100510,2020년 12월 22일 20시,화요일,강원도 춘천시 온의동,중상사고,0,1,0,0,차대차 - 측면충돌,안전운전불이행,건조,맑음,단일로 - 기타,화물,남,51세,상해없음,원동기,남,39세,중상
2020122200100511,2020년 12월 22일 20시,화요일,강원도 원주시 단구동,중상사고,0,1,0,0,차대차 - 측면충돌,직진우회전진행방해,건조,맑음,교차로 - 교차로안,승용,여,46세,상해없음,이륜,남,26세,중상
2020122200100512,2020년 12월 22일 20시,화요일,강원도 영월군 영월읍,중상사고,0,2,0,0,차대차 - 정면충돌,안전운전불이행,건조,맑음,단일로 - 지하차도(도로)내,승용,남,23세,상해없음,화물,남,24세,중상
2020122200100547,2020년 12월 22일 21시,화요일,강원도 원주시 개운동,중상사고,0,1,1,0,차대차 - 측면충돌,기타,건조,기타,교차로 - 교차로안,승용,여,46세,상해없음,승용,여,56세,중상
2020122200100567,2020년 12월 22일 22시,화요일,강원도 춘천시 효자동,경상사고,0,0,1,0,차대차 - 후진중충돌,안전운전불이행,건조,맑음,교차로 - 교차로안,승용,남,24세,상해없음,이륜,남,26세,경상
2020122200100568,2020년 12월 22일 22시,화요일,강원도 태백시 황지동,경상사고,0,0,2,0,차대차 - 후진중충돌,안전운전불이행,건조,맑음,단일로 - 기타,승용,여,45세,상해없음,승용,남,38세,경상
2020122300100013,2020년 12월 23일 01시,수요일,강원도 원주시 문막읍,중상사고,0,1,0,0,차대차 - 측면충돌,신호위반,건조,맑음,교차로 - 교차로안,승용,남,24세,상해없음,승용,여,59세,중상
2020122300100043,2020년 12월 23일 06시,수요일,강원도 동해시 망상동,경상사고,0,0,5,0,차대차 - 측면충돌,안전운전불이행,건조,맑음,교차로 - 교차로안,승용,여,52세,상해없음,화물,남,60세,경상
2020122300100163,2020년 12월 23일 10시,수요일,강원도 양양군 현북면,경상사고,0,0,1,0,차대차 - 측면충돌,신호위반,건조,맑음,교차로 - 교차로안,화물,남,59세,상해없음,승용,남,38세,경상
2020122300100179,2020년 12월 23일 11시,수요일,강원도 춘천시 신북읍,경상사고,0,0,4,0,차대차 - 측면충돌,교차로운행방법위반,건조,맑음,교차로 - 교차로안,승용,남,34세,상해없음,화물,남,58세,경상
2020122300100180,2020년 12월 23일 11시,수요일,강원도 홍천군 서면,중상사고,0,1,1,0,차대차 - 추돌,신호위반,건조,맑음,단일로 - 터널,화물,남,44세,상해없음,승용,남,64세,경상
2020122300100211,2020년 12월 23일 12시,수요일,강원도 원주시 흥업면,경상사고,0,0,2,0,차대차 - 측면충돌,안전운전불이행,건조,맑음,교차로 - 교차로횡단보도내,승용,남,50세,상해없음,승용,여,68세,경상
2020122300100239,2020년 12월 23일 13시,수요일,강원도 삼척시 도계읍,경상사고,0,0,1,0,차대차 - 측면충돌,안전거리미확보,건조,맑음,단일로 - 터널,특수,남,55세,상해없음,승용,남,67세,경상
2020122300100265,2020년 12월 23일 14시,수요일,강원도 원주시 우산동,중상사고,0,2,0,1,차대차 - 추돌,직진우회전진행방해,건조,맑음,교차로 - 교차로안,승용,여,68세,부상신고,승용,여,36세,중상
2020122300100296,2020년 12월 23일 15시,수요일,강원도 춘천시 칠전동,경상사고,0,0,2,0,차대차 - 추돌,안전운전불이행,건조,맑음,단일로 - 기타,승용,남,70세,상해없음,승용,남,68세,경상
2020122300100325,2020년 12월 23일 16시,수요일,강원도 원주시 문막읍,부상신고사고,0,0,0,2,차대차 - 추돌,안전거리미확보,건조,맑음,단일로 - 기타,화물,남,68세,부상신고,승용,남,22세,부상신고
2020122300100368,2020년 12월 23일 17시,수요일,강원도 원주시 단계동,중상사고,0,1,0,0,차대차 - 측면충돌,안전운전불이행,건조,맑음,단일로 - 기타,화물,남,27세,상해없음,승용,남,59세,중상
2020122300100369,2020년 12월 23일 17시,수요일,강원도 속초시 교동,중상사고,0,1,0,0,차대차 - 측면충돌,안전운전불이행,건조,맑음,교차로 - 교차로부근,화물,남,61세,상해없음,승용,남,75세,중상
2020122300100440,2020년 12월 23일 18시,수요일,강원도 춘천시 퇴계동,경상사고,0,0,2,0,차대차 - 기타,안전거리미확보,건조,맑음,단일로 - 기타,승용,남,40세,경상,승용,남,28세,경상
2020122300100441,2020년 12월 23일 18시,수요일,강원도 원주시 단계동,경상사고,0,0,2,0,차대차 - 추돌,교차로운행방법위반,건조,맑음,단일로 - 기타,승용,남,61세,상해없음,승용,남,55세,경상
2020122300100540,2020년 12월 23일 20시,수요일,강원도 강릉시 강동면,경상사고,0,0,1,0,차대차 - 기타,중앙선침범,건조,맑음,교차로 - 교차로안,승용,남,59세,상해없음,승용,남,62세,경상
2020122300100621,2020년 12월 23일 23시,수요일,강원도 원주시 소초면,사망사고,1,0,0,0,차량단독 - 공작물충돌,기타,젖음/습기,흐림,교차로 - 교차로안,승용,남,52세,사망,,,,
2020122400100084,2020년 12월 24일 08시,목요일,강원도 춘천시 서면,중상사고,0,4,2,0,차대차 - 측면충돌,안전운전불이행,서리/결빙,맑음,단일로 - 기타,승합,남,42세,중상,화물,남,25세,중상
2020122400100136,2020년 12월 24일 10시,목요일,강원도 화천군 하남면,경상사고,0,0,1,0,차대차 - 정면충돌,중앙선침범,젖음/습기,맑음,단일로 - 기타,화물,남,58세,상해없음,승용,남,47세,경상
2020122400100169,2020년 12월 24일 11시,목요일,강원도 원주시 단구동,경상사고,0,0,2,0,차대차 - 측면충돌,신호위반,건조,맑음,교차로 - 교차로안,승용,여,31세,상해없음,승용,여,29세,경상
2020122400100236,2020년 12월 24일 13시,목요일,강원도 속초시 도문동,경상사고,0,0,3,0,차대차 - 추돌,안전운전불이행,건조,맑음,단일로 - 교량,승용,남,21세,상해없음,승용,남,47세,경상
2020122400100237,2020년 12월 24일 13시,목요일,강원도 영월군 영월읍,부상신고사고,0,0,0,1,차대사람 - 차도통행중,안전운전불이행,건조,맑음,주차장 - 주차장,화물,남,72세,상해없음,보행자,여,71세,부상신고