사고번호,사고일시,요일,시군구,사고내용,사망자수,중상자수,경상자수,부상신고자수,사고유형,법규위반,노면상태,기상상태,도로형태,가해운전자 차종,가해운전자 성별,가해운전자 연령,가해운전자 상해정도,피해운전자 차종,피해운전자 성별,피해운전자 연령,피해운전자 상해정도
2020122400100270,2020년 12월 24일 14시,목요일,강원도 원주시 명륜동,경상사고,0,0,2,0,차대차 - 기타,차로위반,건조,맑음,교차로 - 교차로안,승용,남,50세,상해없음,승용,여,25세,경상
2020122400100271,2020년 12월 24일 14시,목요일,강원도 태백시 황지동,중상사고,0,1,1,0,차대차 - 추돌,안전운전불이행,건조,맑음,단일로 - 기타,승용,여,54세,상해없음,이륜,남,55세,경상
2020122400100316,2020년 12월 24일 15시,목요일,강원도 속초시 교동,중상사고,0,1,0,0,차대차 - 추돌,안전운전불이행,건조,맑음,교차로 - 교차로부근,화물,남,57세,상해없음,승용,남,59세,중상
2020122400100396,2020년 12월 24일 17시,목요일,강원도 춘천시 동면,경상사고,0,0,1,0,차대차 - 측면충돌,안전운전불이행,건조,맑음,단일로 - 기타,승용,여,58세,상해없음,이륜,여,63세,경상
2020122400100397,2020년 12월 24일 17시,목요일,강원도 강릉시 교동,경상사고,0,0,1,0,차대차 - 추돌,안전운전불이행,건조,기타,교차로 - 교차로부근,승용,남,40세,기타불명,승용,여,40세,경상
2020122400100398,2020년 12월 24일 17시,목요일,강원도 원주시 단계동,경상사고,0,0,1,0,차대사람 - 기타,기타,건조,맑음,단일로 - 기타,승용,남,62세,상해없음,보행자,여,30세,경상
2020122400100399,2020년 12월 24일 17시,목요일,강원도 원주시 일산동,경상사고,0,0,1,0,차대차 - 기타,안전운전불이행,건조,맑음,기타 - 기타,승용,여,35세,상해없음,승용,남,40세,경상
2020122400100400,2020년 12월 24일 17시,목요일,강원도 횡성군 횡성읍,경상사고,0,0,1,0,차대차 - 기타,안전운전불이행,건조,맑음,단일로 - 기타,승용,여,30세,상해없음,승용,여,26세,경상
2020122400100401,2020년 12월 24일 17시,목요일,강원도 철원군 동송읍,경상사고,0,0,1,0,차대차 - 측면충돌,신호위반,건조,맑음,교차로 - 교차로안,승용,여,54세,상해없음,승용,여,62세,경상
2020122400100464,2020년 12월 24일 18시,목요일,강원도 춘천시 효자동,경상사고,0,0,1,0,차대차 - 정면충돌,신호위반,건조,맑음,교차로 - 교차로안,자전거,남,31세,상해없음,승용,남,25세,경상
2020122400100465,2020년 12월 24일 18시,목요일,강원도 원주시 단구동,경상사고,0,0,2,0,차대차 - 추돌,안전운전불이행,건조,맑음,단일로 - 기타,승용,남,38세,상해없음,승용,남,48세,상해없음
2020122400100466,2020년 12월 24일 18시,목요일,강원도 동해시 동회동,경상사고,0,0,3,0,차대차 - 추돌,안전운전불이행,건조,맑음,단일로 - 기타,승용,남,51세,상해없음,승용,남,42세,경상
2020122400100530,2020년 12월 24일 19시,목요일,강원도 춘천시 효자동,경상사고,0,0,1,0,차대차 - 기타,차로위반,건조,맑음,단일로 - 기타,승용,여,57세,상해없음,이륜,남,41세,경상
2020122400100531,2020년 12월 24일 19시,목요일,강원도 원주시 단구동,경상사고,0,0,1,0,차대차 - 기타,안전운전불이행,건조,맑음,교차로 - 교차로안,승용,남,19세,상해없음,이륜,남,48세,경상
2020122400100532,2020년 12월 24일 19시,목요일,강원도 속초시 조양동,경상사고,0,0,3,0,차대차 - 측면충돌,교차로운행방법위반,건조,맑음,교차로 - 교차로안,승용,남,37세,상해없음,승용,남,49세,경상
2020122400100571,2020년 12월 24일 20시,목요일,강원도 강릉시 포남동,경상사고,0,0,1,0,차대차 - 추돌,안전운전불이행,건조,맑음,교차로 - 교차로부근,승용,남,50세,상해없음,승용,남,48세,경상
2020122400100610,2020년 12월 24일 21시,목요일,강원도 속초시 장사동,경상사고,0,0,2,0,차대차 - 측면충돌,중앙선침범,건조,맑음,단일로 - 기타,승용,남,58세,기타불명,승용,남,28세,경상
2020122400100611,2020년 12월 24일 21시,목요일,강원도 영월군 영월읍,경상사고,0,0,1,0,차대사람 - 횡단중,안전운전불이행,건조,맑음,단일로 - 기타,승용,여,23세,상해없음,보행자,남,54세,경상
2020122400100643,2020년 12월 24일 22시,목요일,강원도 강릉시 안현동,경상사고,0,0,3,0,차대차 - 기타,기타,건조,맑음,교차로 - 교차로안,승용,남,20세,상해없음,승용,남,50세,경상
2020122500100004,2020년 12월 25일 00시,금요일,강원도 속초시 교동,경상사고,0,0,2,0,차대차 - 기타,안전운전불이행,건조,맑음,단일로 - 기타,승용,여,24세,상해없음,승용,남,25세,상해없음
2020122500100048,2020년 12월 25일 08시,금요일,강원도 강릉시 강동면,중상사고,0,1,0,0,차대차 - 기타,중앙선침범,건조,맑음,단일로 - 기타,건설기계,남,48세,상해없음,승용,여,59세,중상
2020122500100049,2020년 12월 25일 08시,금요일,강원도 양구군 남면,경상사고,0,0,1,2,차대차 - 측면충돌,신호위반,건조,맑음,교차로 - 교차로안,승용,여,58세,부상신고,승용,남,44세,경상
2020122500100077,2020년 12월 25일 11시,금요일,강원도 춘천시 효자동,경상사고,0,0,1,1,차대차 - 측면충돌,안전운전불이행,건조,맑음,교차로 - 교차로안,승용,여,65세,부상신고,이륜,남,42세,경상
2020122500100078,2020년 12월 25일 11시,금요일,강원도 원주시 봉산동,경상사고,0,0,1,0,차대차 - 측면충돌,신호위반,건조,맑음,교차로 - 교차로안,승용,남,75세,상해없음,승용,남,30세,경상
2020122500100079,2020년 12월 25일 11시,금요일,강원도 횡성군 갑천면,경상사고,0,0,1,0,차대차 - 측면충돌,안전운전불이행,건조,맑음,단일로 - 기타,화물,남,58세,상해없음,승용,남,29세,경상
2020122500100103,2020년 12월 25일 12시,금요일,강원도 양구군 양구읍,경상사고,0,0,2,0,차대차 - 측면충돌,안전운전불이행,건조,맑음,교차로 - 교차로안,승용,여,60세,경상,승용,여,66세,경상
2020122500100127,2020년 12월 25일 13시,금요일,강원도 원주시 무실동,경상사고,0,0,1,0,차대차 - 측면충돌,신호위반,건조,맑음,교차로 - 교차로안,승용,여,67세,상해없음,승용,남,37세,경상
2020122500100128,2020년 12월 25일 13시,금요일,강원도 철원군 동송읍,중상사고,0,1,0,0,차대차 - 측면충돌,안전운전불이행,건조,맑음,교차로 - 교차로부근,승용,여,26세,상해없음,자전거,남,83세,중상
2020122500100153,2020년 12월 25일 14시,금요일,강원도 원주시 반곡동,경상사고,0,0,1,0,차대차 - 추돌,안전운전불이행,건조,맑음,교차로 - 교차로부근,승용,남,34세,상해없음,승용,남,55세,경상
2020122500100206,2020년 12월 25일 16시,금요일,강원도 원주시 태장동,경상사고,0,0,1,0,차대차 - 기타,안전운전불이행,건조,맑음,단일로 - 기타,이륜,남,56세,상해없음,승용,남,25세,경상
2020122500100232,2020년 12월 25일 17시,금요일,강원도 원주시 소초면,경상사고,0,0,1,0,차대차 - 측면충돌,중앙선침범,건조,맑음,단일로 - 기타,승용,남,71세,상해없음,승용,남,50세,경상
2020122500100264,2020년 12월 25일 18시,금요일,강원도 원주시 무실동,경상사고,0,0,2,0,차대차 - 후진중충돌,안전운전불이행,건조,맑음,주차장 - 주차장,승용,남,51세,상해없음,승용,남,22세,경상
2020122500100322,2020년 12월 25일 20시,금요일,강원도 원주시 개운동,경상사고,0,0,5,0,차대차 - 정면충돌,신호위반,건조,맑음,교차로 - 교차로안,승용,남,51세,상해없음,승용,남,41세,경상
2020122500100355,2020년 12월 25일 21시,금요일,강원도 춘천시 후평동,경상사고,0,0,2,0,차대차 - 추돌,안전운전불이행,건조,맑음,교차로 - 교차로안,승용,남,50세,상해없음,승용,남,23세,경상
2020122500100388,2020년 12월 25일 23시,금요일,강원도 원주시 명륜동,경상사고,0,0,1,0,차대차 - 기타,안전운전불이행,건조,맑음,단일로 - 기타,승용,여,52세,상해없음,승용,남,59세,경상
2020122600100006,2020년 12월 26일 00시,토요일,강원도 춘천시 후평동,중상사고,0,1,0,0,차대사람 - 기타,안전운전불이행,건조,맑음,교차로 - 교차로부근,승용,여,36세,상해없음,보행자,여,48세,중상
2020122600100035,2020년 12월 26일 06시,토요일,강원도 춘천시 요선동,경상사고,0,0,2,0,차대차 - 측면충돌,신호위반,건조,맑음,교차로 - 교차로안,승용,남,26세,상해없음,승용,남,75세,경상
2020122600100048,2020년 12월 26일 08시,토요일,강원도 동해시 대구동,경상사고,0,0,2,0,차대차 - 측면충돌,기타,건조,맑음,단일로 - 기타,승용,여,50세,상해없음,승용,남,47세,경상
2020122600100107,2020년 12월 26일 11시,토요일,강원도 양양군 양양읍,경상사고,0,0,2,0,차대차 - 측면충돌,안전운전불이행,건조,맑음,주차장 - 주차장,승용,남,86세,상해없음,승용,남,60세,경상
2020122600100147,2020년 12월 26일 13시,토요일,강원도 홍천군 서석면,중상사고,0,1,1,0,차대차 - 기타,안전운전불이행,건조,맑음,단일로 - 지하차도(도로)내,승용,여,33세,상해없음,화물,남,60세,경상
2020122600100175,2020년 12월 26일 14시,토요일,강원도 춘천시 후평동,경상사고,0,0,1,0,차대차 - 추돌,안전운전불이행,건조,맑음,교차로 - 교차로부근,승용,여,40세,상해없음,승용,남,43세,경상
2020122600100176,2020년 12월 26일 14시,토요일,강원도 평창군 대관령면,경상사고,0,0,2,0,차대차 - 측면충돌,안전거리미확보,건조,맑음,교차로 - 교차로안,승용,남,32세,상해없음,승용,남,23세,경상
2020122600100201,2020년 12월 26일 15시,토요일,강원도 춘천시 후평동,경상사고,0,0,1,0,차대차 - 후진중충돌,안전운전불이행,건조,맑음,단일로 - 기타,승용,남,62세,상해없음,이륜,남,37세,경상
2020122600100202,2020년 12월 26일 15시,토요일,강원도 동해시 발한동,경상사고,0,0,2,0,차대차 - 측면충돌,신호위반,건조,맑음,교차로 - 교차로안,승용,남,57세,상해없음,승용,남,52세,경상
2020122600100257,2020년 12월 26일 17시,토요일,강원도 원주시 반곡동,경상사고,0,0,1,0,차대차 - 측면충돌,교차로운행방법위반,건조,맑음,교차로 - 교차로안,승합,남,55세,상해없음,이륜,남,19세,경상
2020122600100335,2020년 12월 26일 19시,토요일,강원도 원주시 흥업면,경상사고,0,0,1,0,차대차 - 기타,교차로운행방법위반,건조,맑음,교차로 - 교차로부근,승용,남,30세,상해없음,이륜,남,40세,경상
2020122600100389,2020년 12월 26일 21시,토요일,강원도 홍천군 홍천읍,경상사고,0,0,1,0,차대차 - 기타,직진우회전진행방해,서리/결빙,맑음,교차로 - 교차로안,승용,남,55세,상해없음,이륜,남,22세,경상
2020122600100390,2020년 12월 26일 21시,토요일,강원도 횡성군 횡성읍,중상사고,0,1,1,0,차대차 - 측면충돌,교차로운행방법위반,건조,맑음,교차로 - 교차로안,승용,여,53세,기타불명,승용,남,58세,경상
2020122600100409,2020년 12월 26일 22시,토요일,강원도 원주시 태장동,경상사고,0,0,1,1,차대차 - 측면충돌,안전운전불이행,건조,맑음,교차로 - 교차로안,승용,여,43세,부상신고,승용,여,24세,경상
2020122700100003,2020년 12월 27일 00시,일요일,강원도 속초시 청학동,경상사고,0,0,1,0,차대차 - 측면충돌,안전운전불이행,건조,맑음,교차로 - 교차로안,승용,남,19세,상해없음,이륜,남,19세,경상
2020122700100041,2020년 12월 27일 09시,일요일,강원도 원주시 문막읍,경상사고,0,0,2,0,차대차 - 측면충돌,과속,건조,맑음,교차로 - 교차로안,승용,남,29세,경상,화물,남,56세,경상
2020122700100042,2020년 12월 27일 09시,일요일,강원도 원주시 무실동,경상사고,0,0,1,1,차대차 - 기타,안전운전불이행,건조,맑음,교차로 - 교차로안,승용,여,46세,부상신고,승용,남,68세,경상
2020122700100054,2020년 12월 27일 10시,일요일,강원도 횡성군 청일면,중상사고,0,2,1,0,차대차 - 정면충돌,중앙선침범,건조,맑음,단일로 - 기타,승용,남,89세,중상,승용,남,69세,경상
2020122700100144,2020년 12월 27일 16시,일요일,강원도 속초시 조양동,경상사고,0,0,1,0,차대차 - 추돌,안전운전불이행,건조,맑음,단일로 - 기타,승용,여,51세,상해없음,승용,남,62세,경상
2020122700100168,2020년 12월 27일 17시,일요일,강원도 속초시 조양동,경상사고,0,0,4,0,차대차 - 추돌,안전운전불이행,건조,맑음,교차로 - 교차로부근,승용,남,64세,상해없음,승용,남,35세,경상
2020122700100279,2020년 12월 27일 21시,일요일,강원도 원주시 일산동,경상사고,0,0,1,0,차대차 - 추돌,안전운전불이행,건조,맑음,단일로 - 기타,승용,남,26세,상해없음,이륜,남,21세,경상
2020122700100296,2020년 12월 27일 22시,일요일,강원도 원주시 가현동,중상사고,0,1,0,0,차대차 - 정면충돌,중앙선침범,건조,맑음,단일로 - 기타,승용,여,40세,상해없음,승용,여,54세,중상
2020122800100082,2020년 12월 28일 08시,월요일,강원도 인제군 인제읍,경상사고,0,0,1,0,차대차 - 측면충돌,안전운전불이행,건조,맑음,교차로 - 교차로안,화물,남,20세,상해없음,승용,여,29세,경상
2020122800100178,2020년 12월 28일 11시,월요일,강원도 춘천시 온의동,경상사고,0,0,2,0,차대차 - 측면충돌,중앙선침범,건조,맑음,단일로 - 기타,승용,여,71세,상해없음,승용,여,62세,경상
2020122800100179,2020년 12월 28일 11시,월요일,강원도 원주시 태장동,부상신고사고,0,0,0,1,차대차 - 기타,안전운전불이행,건조,맑음,교차로 - 교차로안,이륜,남,37세,부상신고,화물,남,52세,상해없음
2020122800100180,2020년 12월 28일 11시,월요일,강원도 원주시 일산동,경상사고,0,0,1,0,차대차 - 기타,안전운전불이행,건조,맑음,교차로 - 교차로안,화물,남,60세,상해없음,승용,남,46세,경상
2020122800100241,2020년 12월 28일 13시,월요일,강원도 원주시 반곡동,경상사고,0,0,3,0,차대차 - 추돌,안전운전불이행,건조,맑음,단일로 - 기타,승용,여,49세,경상,승용,여,44세,경상
2020122800100242,2020년 12월 28일 13시,월요일,강원도 동해시 천곡동,중상사고,0,1,0,0,차대사람 - 차도통행중,안전운전불이행,건조,맑음,단일로 - 기타,승용,여,33세,상해없음,보행자,여,60세,중상
2020122800100282,2020년 12월 28일 14시,월요일,강원도 평창군 평창읍,중상사고,0,1,0,0,차대사람 - 횡단중,보행자보호의무위반,건조,맑음,교차로 - 교차로횡단보도내,승용,남,71세,상해없음,보행자,여,85세,중상
2020122800100325,2020년 12월 28일 15시,월요일,강원도 강릉시 송정동,중상사고,0,2,1,0,차대사람 - 기타,신호위반,건조,맑음,교차로 - 교차로안,승용,남,38세,중상,보행자,남,52세,중상
2020122800100326,2020년 12월 28일 15시,월요일,강원도 횡성군 우천면,중상사고,0,1,0,0,차대차 - 측면충돌,안전거리미확보,건조,맑음,단일로 - 기타,승용,여,55세,기타불명,승용,여,36세,중상
2020122800100357,2020년 12월 28일 16시,월요일,강원도 태백시 통동,경상사고,0,0,1,0,차대사람 - 기타,안전운전불이행,건조,맑음,교차로 - 교차로부근,승용,남,68세,상해없음,보행자,남,37세,경상
2020122800100358,2020년 12월 28일 16시,월요일,강원도 횡성군 횡성읍,중상사고,0,1,1,0,차대사람 - 기타,안전운전불이행,건조,맑음,주차장 - 주차장,승용,여,19세,상해없음,보행자,남,67세,경상
2020122800100396,2020년 12월 28일 17시,월요일,강원도 춘천시 동내면,경상사고,0,0,2,0,차대차 - 정면충돌,신호위반,건조,맑음,교차로 - 교차로안,승용,남,23세,상해없음,승용,남,54세,경상
2020122800100397,2020년 12월 28일 17시,월요일,강원도 춘천시 사북면,중상사고,0,1,0,0,차대사람 - 횡단중,안전운전불이행,건조,맑음,단일로 - 기타,화물,남,45세,상해없음,보행자,여,78세,중상
2020122800100454,2020년 12월 28일 18시,월요일,강원도 동해시 천곡동,경상사고,0,0,2,0,차대차 - 측면충돌,신호위반,건조,맑음,교차로 - 교차로안,승용,남,54세,상해없음,승용,여,55세,경상
2020122800100485,2020년 12월 28일 19시,월요일,강원도 영월군 김삿갓면,중상사고,0,1,0,0,차대차 - 측면충돌,안전운전불이행,건조,맑음,단일로 - 기타,승용,남,64세,상해없음,특수,남,60세,중상
2020122800100486,2020년 12월 28일 19시,월요일,강원도 정선군 고한읍,경상사고,0,0,1,0,차대차 - 기타,안전운전불이행,건조,맑음,단일로 - 기타,승용,남,57세,상해없음,승용,여,49세,경상
2020122800100535,2020년 12월 28일 21시,월요일,강원도 춘천시 사농동,중상사고,0,2,0,0,차대사람 - 횡단중,신호위반,건조,맑음,교차로 - 교차로부근,화물,남,53세,상해없음,보행자,여,54세,중상
2020122900100046,2020년 12월 29일 07시,화요일,강원도 강릉시 주문진읍,중상사고,0,1,0,0,차대차 - 측면충돌,안전운전불이행,건조,맑음,교차로 - 교차로안,화물,남,60세,상해없음,승용,남,71세,중상
2020122900100089,2020년 12월 29일 10시,화요일,강원도 속초시 교동,중상사고,0,1,0,0,차대차 - 정면충돌,중앙선침범,건조,맑음,단일로 - 기타,승용,여,65세,상해없음,이륜,남,83세,중상
2020122900100108,2020년 12월 29일 11시,화요일,강원도 원주시 봉산동,경상사고,0,0,1,0,차대차 - 추돌,안전거리미확보,건조,맑음,단일로 - 기타,승용,여,54세,상해없음,승용,여,31세,경상
2020122900100153,2020년 12월 29일 13시,화요일,강원도 춘천시 근화동,경상사고,0,0,1,0,차대차 - 추돌,안전운전불이행,건조,맑음,교차로 - 교차로부근,승용,남,51세,상해없음,이륜,남,47세,경상
2020122900100154,2020년 12월 29일 13시,화요일,강원도 춘천시 석사동,경상사고,0,0,1,0,차대차 - 기타,안전거리미확보,건조,맑음,단일로 - 기타,승용,남,42세,상해없음,승용,남,42세,경상
2020122900100174,2020년 12월 29일 14시,화요일,강원도 태백시 황지동,경상사고,0,0,1,0,차대차 - 측면충돌,안전운전불이행,건조,맑음,단일로 - 기타,자전거,남,65세,경상,승합,남,51세,상해없음
2020122900100203,2020년 12월 29일 15시,화요일,강원도 화천군 사내면,사망사고,1,0,0,0,차량단독 - 도로외이탈 - 추락,안전운전불이행,건조,맑음,단일로 - 기타,농기계,남,90세,사망,,,,
2020122900100229,2020년 12월 29일 16시,화요일,강원도 삼척시 남양동,중상사고,0,1,0,0,차대사람 - 횡단중,안전운전불이행,젖음/습기,비,단일로 - 기타,승용,여,47세,상해없음,보행자,여,13세,중상
2020122900100230,2020년 12월 29일 16시,화요일,강원도 태백시 황지동,경상사고,0,0,1,0,차대차 - 후진중충돌,안전운전불이행,건조,맑음,교차로 - 교차로안,화물,남,56세,상해없음,승용,여,43세,경상
2020122900100271,2020년 12월 29일 17시,화요일,강원도 춘천시 후평동,중상사고,0,1,1,0,차대차 - 측면충돌,직진우회전진행방해,젖음/습기,맑음,교차로 - 교차로안,승용,여,58세,경상,승용,여,53세,중상
2020122900100272,2020년 12월 29일 17시,화요일,강원도 강릉시 교동,경상사고,0,0,1,0,차대차 - 측면충돌,안전운전불이행,건조,맑음,교차로 - 교차로안,승용,남,67세,상해없음,승용,여,52세,경상
2020122900100312,2020년 12월 29일 18시,화요일,강원도 강릉시 노암동,경상사고,0,0,1,0,차대차 - 측면충돌,안전운전불이행,건조,맑음,단일로 - 기타,승용,여,59세,상해없음,원동기,남,22세,경상
2020122900100313,2020년 12월 29일 18시,화요일,강원도 삼척시 도계읍,경상사고,0,0,1,0,차대사람 - 길가장자리구역통행중,안전운전불이행,젖음/습기,비,교차로 - 교차로부근,승용,남,62세,상해없음,보행자,남,66세,경상
2020122900100314,2020년 12월 29일 18시,화요일,강원도 화천군 간동면,경상사고,0,0,3,0,차대차 - 측면충돌,불법유턴,건조,맑음,단일로 - 기타,화물,남,68세,경상,승용,여,39세,경상
2020122900100436,2020년 12월 29일 21시,화요일,강원도 원주시 단구동,경상사고,0,0,5,0,차대차 - 측면충돌,교차로운행방법위반,젖음/습기,눈,교차로 - 교차로안,승용,남,51세,상해없음,승용,남,54세,경상
2020123000100019,2020년 12월 30일 04시,수요일,강원도 춘천시 퇴계동,경상사고,0,0,2,0,차대차 - 추돌,안전운전불이행,건조,맑음,단일로 - 기타,승용,여,47세,경상,화물,남,38세,경상
2020123000100031,2020년 12월 30일 06시,수요일,강원도 속초시 노학동,중상사고,0,1,0,0,차대차 - 측면충돌,중앙선침범,건조,맑음,단일로 - 기타,승용,남,76세,상해없음,승용,여,55세,중상
2020123000100048,2020년 12월 30일 07시,수요일,강원도 춘천시 퇴계동,경상사고,0,0,2,0,차대차 - 측면충돌,교차로운행방법위반,건조,맑음,교차로 - 교차로안,승용,여,61세,상해없음,승용,남,77세,경상
2020123000100073,2020년 12월 30일 08시,수요일,강원도 횡성군 청일면,경상사고,0,0,2,0,차대차 - 정면충돌,기타,젖음/습기,흐림,단일로 - 기타,승용,남,29세,경상,화물,남,59세,경상
2020123000100099,2020년 12월 30일 09시,수요일,강원도 원주시 단계동,경상사고,0,0,1,0,차대차 - 측면충돌,안전거리미확보,건조,맑음,단일로 - 기타,승용,여,55세,상해없음,화물,남,42세,경상
2020123000100121,2020년 12월 30일 10시,수요일,강원도 춘천시 동산면,경상사고,0,0,1,0,차대차 - 측면충돌,중앙선침범,건조,맑음,단일로 - 기타,승용,남,61세,상해없음,화물,남,60세,경상
2020123000100122,2020년 12월 30일 10시,수요일,강원도 삼척시 도계읍,경상사고,0,0,1,0,차대차 - 추돌,안전거리미확보,건조,맑음,단일로 - 기타,건설기계,남,33세,상해없음,승용,여,64세,경상
2020123000100145,2020년 12월 30일 11시,수요일,강원도 원주시 우산동,중상사고,0,1,0,0,차대차 - 추돌,직진우회전진행방해,건조,맑음,교차로 - 교차로안,승용,남,78세,상해없음,승용,남,43세,중상
2020123000100146,2020년 12월 30일 11시,수요일,강원도 원주시 관설동,경상사고,0,0,1,0,차대차 - 측면충돌,안전운전불이행,건조,맑음,교차로 - 교차로안,승용,여,26세,상해없음,승용,여,40세,경상
2020123000100238,2020년 12월 30일 14시,수요일,강원도 횡성군 횡성읍,중상사고,0,1,0,0,차대사람 - 기타,안전운전불이행,건조,맑음,단일로 - 기타,승용,남,59세,상해없음,보행자,남,52세,중상
2020123000100338,2020년 12월 30일 17시,수요일,강원도 원주시 관설동,경상사고,0,0,1,0,차대차 - 측면충돌,신호위반,건조,기타,교차로 - 교차로안,승용,여,52세,기타불명,승용,남,37세,경상
2020123000100393,2020년 12월 30일 18시,수요일,강원도 강릉시 성남동,중상사고,0,1,0,0,차대사람 - 기타,안전운전불이행,건조,맑음,교차로 - 교차로안,승용,여,56세,상해없음,보행자,남,62세,중상
2020123000100441,2020년 12월 30일 19시,수요일,강원도 춘천시 후평동,부상신고사고,0,0,0,1,차대차 - 추돌,안전거리미확보,건조,맑음,교차로 - 교차로부근,승용,남,35세,상해없음,승용,여,31세,부상신고
2020123000100502,2020년 12월 30일 21시,수요일,강원도 원주시 단계동,경상사고,0,0,1,0,차대차 - 추돌,안전운전불이행,건조,맑음,단일로 - 기타,승용,여,22세,상해없음,화물,남,43세,경상
2020123100100056,2020년 12월 31일 08시,목요일,강원도 홍천군 내면,중상사고,0,5,1,0,차량단독 - 전도전복 - 전복,안전운전불이행,적설,눈,단일로 - 지하차도(도로)내,승합,남,45세,경상,,,,
2020123100100057,2020년 12월 31일 08시,목요일,강원도 태백시 문곡동,경상사고,0,0,2,0,차대차 - 측면충돌,교차로운행방법위반,건조,맑음,교차로 - 교차로안,승용,여,43세,상해없음,승용,남,49세,경상
2020123100100090,2020년 12월 31일 10시,목요일,강원도 춘천시 우두동,경상사고,0,0,2,0,차대차 - 추돌,안전거리미확보,건조,맑음,교차로 - 교차로부근,승합,남,61세,상해없음,승용,남,66세,경상
2020123100100122,2020년 12월 31일 11시,목요일,강원도 춘천시 동내면,경상사고,0,0,1,0,차대차 - 추돌,안전거리미확보,건조,맑음,단일로 - 기타,승용,여,44세,상해없음,승용,여,28세,경상
2020123100100123,2020년 12월 31일 11시,목요일,강원도 원주시 단계동,부상신고사고,0,0,0,2,차대차 - 추돌,신호위반,건조,맑음,교차로 - 교차로안,승용,여,35세,부상신고,승용,남,52세,부상신고
2020123100100124,2020년 12월 31일 11시,목요일,강원도 속초시 교동,중상사고,0,1,0,0,차대사람 - 횡단중,보행자보호의무위반,건조,맑음,교차로 - 교차로안,화물,남,62세,상해없음,보행자,여,67세,중상
2020123100100160,2020년 12월 31일 12시,목요일,강원도 원주시 단구동,경상사고,0,0,1,0,차대차 - 측면충돌,신호위반,건조,맑음,교차로 - 교차로안,이륜,남,28세,상해없음,승용,남,55세,상해없음
2020123100100195,2020년 12월 31일 13시,목요일,강원도 동해시 이도동,경상사고,0,0,1,0,차대사람 - 기타,안전운전불이행,건조,맑음,단일로 - 기타,화물,남,55세,상해없음,보행자,여,64세,경상
2020123100100225,2020년 12월 31일 14시,목요일,강원도 원주시 흥업면,중상사고,0,1,2,0,차대차 - 기타,직진우회전진행방해,건조,맑음,교차로 - 교차로안,승용,남,85세,경상,화물,남,53세,중상
2020123100100226,2020년 12월 31일 14시,목요일,강원도 원주시 단계동,중상사고,0,1,0,0,차대차 - 측면충돌,안전거리미확보,건조,맑음,단일로 - 기타,특수,남,66세,상해없음,승용,여,61세,중상
2020123100100227,2020년 12월 31일 14시,목요일,강원도 삼척시 신기면,중상사고,0,1,0,0,차량단독 - 전도전복 - 전도,안전운전불이행,기타,맑음,단일로 - 기타,화물,남,54세,중상,,,,
2020123100100290,2020년 12월 31일 16시,목요일,강원도 원주시 단계동,경상사고,0,0,2,0,차대차 - 측면충돌,안전운전불이행,건조,맑음,교차로 - 교차로안,승용,남,56세,상해없음,승용,남,65세,경상
2020123100100406,2020년 12월 31일 18시,목요일,강원도 원주시 개운동,경상사고,0,0,1,0,차대차 - 추돌,안전운전불이행,건조,맑음,단일로 - 기타,승용,남,28세,상해없음,승용,남,27세,경상
2020123100100407,2020년 12월 31일 18시,목요일,강원도 양양군 양양읍,중상사고,0,1,1,0,차대차 - 측면충돌,직진우회전진행방해,건조,맑음,교차로 - 교차로안,승용,여,33세,상해없음,승용,남,26세,중상
2020123100100408,2020년 12월 31일 18시,목요일,강원도 동해시 이로동,중상사고,0,1,0,0,차대사람 - 횡단중,보행자보호의무위반,건조,맑음,단일로 - 기타,승용,남,42세,상해없음,보행자,여,20세,중상
2020123100100409,2020년 12월 31일 18시,목요일,강원도 동해시 효가동,경상사고,0,0,3,0,차대차 - 측면충돌,안전운전불이행,건조,맑음,단일로 - 기타,화물,남,59세,경상,화물,남,56세,경상
2020123100100468,2020년 12월 31일 19시,목요일,강원도 원주시 단계동,경상사고,0,0,1,0,차대차 - 기타,신호위반,건조,맑음,교차로 - 교차로횡단보도내,승용,남,24세,상해없음,승용,여,36세,경상
2020123100100514,2020년 12월 31일 20시,목요일,강원도 강릉시 포남동,경상사고,0,0,1,0,차대차 - 측면충돌,안전운전불이행,건조,맑음,단일로 - 기타,승용,남,44세,상해없음,승용,남,44세,경상
2020123100100547,2020년 12월 31일 21시,목요일,강원도 춘천시 후평동,경상사고,0,0,1,0,차대차 - 기타,기타,건조,맑음,교차로 - 교차로안,이륜,남,59세,상해없음,이륜,남,26세,경상
2020123100100548,2020년 12월 31일 21시,목요일,강원도 원주시 무실동,중상사고,0,1,1,0,차대사람 - 차도통행중,안전운전불이행,건조,맑음,교차로 - 교차로횡단보도내,승용,남,76세,상해없음,보행자,남,72세,중상